game_store_id,dhlottery_code,store_name,address,region,method,latitude,longitude,lottery_type,round,prize_tier,store_rank,winning_amount,created_at,crawled_at,winning_count
PENSION_STORE_00001,11110408,로또판매,서울 중구 신당동  217-96 동평화상가1층 가-41,서울,,37.569431,127.013234,pension,312,second,2,,2026-04-26T11:24:10.745685,2026-04-26T11:24:10.745685,1
PENSION_STORE_00002,11100849,복권방,서울 종로구 운니동  98-9 신문가판대,서울,,37.588349,126.99941,pension,312,second,2,,2026-04-26T11:24:10.745685,2026-04-26T11:24:10.745685,1
PENSION_STORE_00003,11190219,모아주류뱅크광화문점,서울 종로구 통의동  47,서울,,37.576637,126.972895,pension,312,second,2,,2026-04-26T11:24:10.745685,2026-04-26T11:24:10.745685,1
PENSION_STORE_00004,11110391,로또명당,서울 은평구 역촌동  63-24,서울,,37.600345,126.910064,pension,312,second,2,,2026-04-26T11:24:10.745685,2026-04-26T11:24:10.745685,1
PENSION_STORE_00005,11190192,복권천국,서울 성동구 행당동  298-25 1층,서울,,37.559944,127.03292,pension,312,second,2,,2026-04-26T11:24:10.745685,2026-04-26T11:24:10.745685,1
PENSION_STORE_00006,11100415,로얄마트,서울 서초구 서초2동  1330-11 금성상가 104,서울,,37.492993,127.028893,pension,312,second,2,,2026-04-26T11:24:10.745685,2026-04-26T11:24:10.745685,1
PENSION_STORE_00007,11100620,한마음로또,서울 서대문구 홍제동  366-3,서울,,37.582999,126.937477,pension,312,second,2,,2026-04-26T11:24:10.745685,2026-04-26T11:24:10.745685,1
PENSION_STORE_00008,11100171,복권전문점,서울 도봉구 방학1동  658-27호,서울,,37.667398,127.04,pension,312,second,2,,2026-04-26T11:24:10.745685,2026-04-26T11:24:10.745685,1
PENSION_STORE_00009,11100128,복권방,서울 구로구 구로동  409-80 1층,서울,,37.493925,126.882589,pension,312,second,2,,2026-04-26T11:24:10.745685,2026-04-26T11:24:10.745685,1
PENSION_STORE_00010,11100127,주택복권사랑방,서울 구로구 구로동  1258번지 중앙유통지하 B55-02호,서울,자동,37.50184,126.87663,pension,312,first,1,,2026-04-26T11:24:10.745685,2026-04-26T11:24:10.745685,1
PENSION_STORE_00011,11101614,뉴골드나라,서울 광진구 구의동  66-92,서울,수동,37.545126,127.087443,pension,312,first,1,,2026-04-26T11:24:10.745685,2026-04-26T11:24:10.745685,1
PENSION_STORE_00012,11100267,왕대박복권방,서울 광진구 구의동  242-59 1층,서울,,37.5386,127.088001,pension,312,second,2,,2026-04-26T11:24:10.745685,2026-04-26T11:24:10.745685,1
PENSION_STORE_00013,21100506,GS25(봉천),서울 관악구 봉천동  1666-69,서울,,37.482724,126.917958,pension,312,second,2,,2026-04-26T11:24:10.745685,2026-04-26T11:24:10.745685,1
PENSION_STORE_00014,11190016,미나식품(로또판매점),서울 강서구 방화동  484-23,서울,,37.573514,126.81068,pension,312,second,2,,2026-04-26T11:24:10.745685,2026-04-26T11:24:10.745685,1
PENSION_STORE_00015,11110214,그린마트복권방,서울 강서구 화곡동  98-49,서울,,37.543243,126.84463,pension,312,second,2,,2026-04-26T11:24:10.745685,2026-04-26T11:24:10.745685,1
PENSION_STORE_00016,11110031,공원슈퍼,서울 강서구 화곡동  372-95,서울,,37.536565,126.83503,pension,312,second,2,,2026-04-26T11:24:10.745685,2026-04-26T11:24:10.745685,1
PENSION_STORE_00017,21100008,㈜ Cspace 미아3점,서울 강북구 미아동  304-20,서울,,37.626017,127.025731,pension,312,second,2,,2026-04-26T11:24:10.745685,2026-04-26T11:24:10.745685,1
PENSION_STORE_00018,21100395,GS25(삼성역),서울 강남구 삼성동  168번지,서울,수동,37.510535,127.062857,pension,312,first,1,,2026-04-26T11:24:10.745685,2026-04-26T11:24:10.745685,1
PENSION_STORE_00019,11100547,선능마트,서울 강남구 역삼동  808 태홍빌딩 103,서울,,37.498534,127.035017,pension,312,second,2,,2026-04-26T11:24:10.745685,2026-04-26T11:24:10.745685,1
PENSION_STORE_00020,12600153,은비복권방,부산 연제구 연산7동  1947-5,부산,,35.174418,129.08643,pension,312,second,2,,2026-04-26T11:24:10.745685,2026-04-26T11:24:10.745685,1
PENSION_STORE_00021,12600004,일공공일안경원,부산 연제구 거제3동  617-11,부산,,35.181891,129.07128,pension,312,second,2,,2026-04-26T11:24:10.745685,2026-04-26T11:24:10.745685,1
PENSION_STORE_00022,12610016,에브리데이(Everyday),부산 사하구 신평동  598-8,부산,,35.098202,128.960046,pension,312,second,2,,2026-04-26T11:24:10.745685,2026-04-26T11:24:10.745685,1
PENSION_STORE_00023,12600211,스파편의점,부산 사상구 주례동  506 창조상가 106,부산,수동,35.150007,129.00408,pension,312,first,1,,2026-04-26T11:24:10.745685,2026-04-26T11:24:10.745685,1
PENSION_STORE_00024,12610190,구포라인점,부산 북구 구포동  700-148,부산,수동,35.202557,129.004294,pension,312,first,1,,2026-04-26T11:24:10.745685,2026-04-26T11:24:10.745685,1
PENSION_STORE_00025,12700323,메트로센터점,대구 중구 덕산동  88 매트로센터 c 412호,대구,,35.865008,128.59372,pension,312,second,2,,2026-04-26T11:24:10.745685,2026-04-26T11:24:10.745685,1
PENSION_STORE_00026,12790062,복권백화점,대구 중구 남산동  2998-14,대구,,35.859403,128.576343,pension,312,second,2,,2026-04-26T11:24:10.745685,2026-04-26T11:24:10.745685,1
PENSION_STORE_00027,12790082,동인마트,대구 중구 동인동4가  445,대구,수동,35.872393,128.60638,pension,312,first,1,,2026-04-26T11:24:10.745685,2026-04-26T11:24:10.745685,1
PENSION_STORE_00028,12790046,복권명당,대구 서구 비산동  151-28,대구,,35.871833,128.57695,pension,312,second,2,,2026-04-26T11:24:10.745685,2026-04-26T11:24:10.745685,1
PENSION_STORE_00029,12700115,복권천국,대구 동구 신암동  188-16,대구,,35.878383,128.61942,pension,312,second,2,,2026-04-26T11:24:10.745685,2026-04-26T11:24:10.745685,1
PENSION_STORE_00030,12710144,보경슈퍼로또,대구 남구 대명동  912-1,대구,,35.839113,128.572402,pension,312,second,2,,2026-04-26T11:24:10.745685,2026-04-26T11:24:10.745685,1
PENSION_STORE_00031,12810057,복권방,인천 부평구 부평4동  882-4 1층,인천,,37.513524,126.70148,pension,312,second,2,,2026-04-26T11:24:10.745685,2026-04-26T11:24:10.745685,1
PENSION_STORE_00032,12800079,복권왕국,인천 부평구 부개동  259-16,인천,,37.48563,126.73715,pension,312,second,2,,2026-04-26T11:24:10.745685,2026-04-26T11:24:10.745685,1
PENSION_STORE_00033,12810014,로또복권방,인천 동구 송현동  67-78,인천,수동,37.478216,126.634645,pension,312,first,1,,2026-04-26T11:24:10.745685,2026-04-26T11:24:10.745685,1
PENSION_STORE_00034,12800092,충남상회,인천 남구 숭의동  106-21,인천,,37.467461,126.64389,pension,312,second,2,,2026-04-26T11:24:10.745685,2026-04-26T11:24:10.745685,1
PENSION_STORE_00035,12900090,현대슈퍼,광주 서구 쌍촌동  970-24,광주,,35.150524,126.857314,pension,312,second,2,,2026-04-26T11:24:10.745685,2026-04-26T11:24:10.745685,1
PENSION_STORE_00036,12900134,씨네월드매곡점,광주 북구 매곡동  214-56,광주,,35.191303,126.893269,pension,312,second,2,,2026-04-26T11:24:10.745685,2026-04-26T11:24:10.745685,1
PENSION_STORE_00037,12910068,용두천하,광주 북구 양산동  250-1,광주,수동,35.208357,126.87348,pension,312,first,1,,2026-04-26T11:24:10.745685,2026-04-26T11:24:10.745685,1
PENSION_STORE_00038,12910031,금반지,광주 남구 진월동  294-5,광주,,35.105628,126.904612,pension,312,second,2,,2026-04-26T11:24:10.745685,2026-04-26T11:24:10.745685,1
PENSION_STORE_00039,13100003,훼미리마트대공원점,울산 남구 무거동  울산 남구 무거동 272-2,울산,,35.555,129.265758,pension,312,second,2,,2026-04-26T11:24:10.745685,2026-04-26T11:24:10.745685,1
PENSION_STORE_00040,14100388,터미널식품,경기 의정부시 금오동  369-5,경기,,37.745207,127.05509,pension,312,second,2,,2026-04-26T11:24:10.745685,2026-04-26T11:24:10.745685,1
PENSION_STORE_00041,14110121,컴닥터복권방,경기 용인시 수지구 풍덕천동 풍덕천동 239-3 중앙 빌딩 104호,경기,,37.34034,127.098615,pension,312,second,2,,2026-04-26T11:24:10.745685,2026-04-26T11:24:10.745685,1
PENSION_STORE_00042,14110115,양지복권방,경기 용인시 처인구 양지면 양지면 590-1,경기,,37.234297,127.285115,pension,312,second,2,,2026-04-26T11:24:10.745685,2026-04-26T11:24:10.745685,1
PENSION_STORE_00043,14110101,쌍용 로또,경기 용인시 기흥구 상하동 상하동 163-9 신풍빌딩106,경기,,37.253967,127.10938,pension,312,second,2,,2026-04-26T11:24:10.745685,2026-04-26T11:24:10.745685,1
PENSION_STORE_00044,14110273,행운드림,경기 안양시 동안구 비산동 비산동 580-2 혜성빌딩 102호,경기,,37.390361,126.955009,pension,312,second,2,,2026-04-26T11:24:10.745685,2026-04-26T11:24:10.745685,1
PENSION_STORE_00045,14100209,119복권방,경기 안양시 만안구 안양2동 823-15,경기,수동,37.40586,126.911833,pension,312,first,1,,2026-04-26T11:24:10.745685,2026-04-26T11:24:10.745685,1
PENSION_STORE_00046,14110419,영일종합장식,경기 안산시 단원구 고잔동 고잔동 539-3 신광프라자102,경기,,37.318702,126.83855,pension,312,second,2,,2026-04-26T11:24:10.745685,2026-04-26T11:24:10.745685,1
PENSION_STORE_00047,14110092,로또(파발마점),경기 시흥시 정왕동  정왕2지구12블록1롯트 역전프라자105호,경기,,37.351942,126.74058,pension,312,second,2,,2026-04-26T11:24:10.745685,2026-04-26T11:24:10.745685,1
PENSION_STORE_00048,14110651,성광복권방,경기 수원시 팔달구 인계동 인계동 968,경기,수동,37.271591,127.026442,pension,312,first,1,,2026-04-26T11:24:10.745685,2026-04-26T11:24:10.745685,1
PENSION_STORE_00049,14100113,대운복권,경기 성남시 중원구 성남동 성남동 4159번지,경기,,37.432376,127.128661,pension,312,second,2,,2026-04-26T11:24:10.745685,2026-04-26T11:24:10.745685,1
PENSION_STORE_00050,14110050,대호상사,경기 성남시 분당구 야탑동 355-1세화2001빌딩107,경기,수동,37.411164,127.126807,pension,312,first,1,,2026-04-26T11:24:10.745685,2026-04-26T11:24:10.745685,1
PENSION_STORE_00051,14190199,대한복권,경기 부천시 원미구 심곡동 심곡동 158-13,경기,자동,37.488838,126.784,pension,312,first,1,,2026-04-26T11:24:10.745685,2026-04-26T11:24:10.745685,1
PENSION_STORE_00052,14100689,드림복권방,경기 남양주시 와부읍 덕소리 덕소리 481-7,경기,,37.647554,127.12373,pension,312,second,2,,2026-04-26T11:24:10.745685,2026-04-26T11:24:10.745685,1
PENSION_STORE_00053,14190002,복권방,경기 군포시 당동  771-15,경기,,37.350946,126.94371,pension,312,second,2,,2026-04-26T11:24:10.745685,2026-04-26T11:24:10.745685,1
PENSION_STORE_00054,14210015,로또명당,강원 횡성군 둔내면 둔방내리 둔방내리 108-9,강원,,37.512631,128.21352,pension,312,second,2,,2026-04-26T11:24:10.745685,2026-04-26T11:24:10.745685,1
PENSION_STORE_00055,14290024,행운복권방,강원 동해시 쇄운동  1-7 1층 103,강원,,37.486319,129.109153,pension,312,second,2,,2026-04-26T11:24:10.745685,2026-04-26T11:24:10.745685,1
PENSION_STORE_00056,14300028,남한강복권,충북 충주시 목행동  600-9,충북,,36.978601,127.935521,pension,312,second,2,,2026-04-26T11:24:10.745685,2026-04-26T11:24:10.745685,1
PENSION_STORE_00057,14300084,-,충북 충주시 문화동  687번지,충북,,36.973725,127.92693,pension,312,second,2,,2026-04-26T11:24:10.745685,2026-04-26T11:24:10.745685,1
PENSION_STORE_00058,24300017,훼미리마트(제천역점),충북 제천시 화산동  208-1,충북,,37.129703,128.206737,pension,312,second,2,,2026-04-26T11:24:10.745685,2026-04-26T11:24:10.745685,1
PENSION_STORE_00059,14400013,천하명당 복권방,충남 홍성군 홍성읍 오관리 오관리 321-4번지,충남,,36.60073,126.66948,pension,312,second,2,,2026-04-26T11:24:10.745685,2026-04-26T11:24:10.745685,1
PENSION_STORE_00060,14510134,진안로또,전북 진안군 진안읍 군상리 군상리 403-102,전북,자동,35.791924,127.429875,pension,312,first,1,,2026-04-26T11:24:10.745685,2026-04-26T11:24:10.745685,1
PENSION_STORE_00061,14500069,꽃샘슈퍼,전북 전주시 완산구 전동 전동 65,전북,,35.814359,127.14867,pension,312,second,2,,2026-04-26T11:24:10.745685,2026-04-26T11:24:10.745685,1
PENSION_STORE_00062,14690017,복권천국,전남 목포시 상동  1013-10,전남,,34.801401,126.42767,pension,312,second,2,,2026-04-26T11:24:10.745685,2026-04-26T11:24:10.745685,1
PENSION_STORE_00063,14610112,꿈동산복권방,전남 목포시 산정동  1082-2,전남,,34.793894,126.393445,pension,312,second,2,,2026-04-26T11:24:10.745685,2026-04-26T11:24:10.745685,1
PENSION_STORE_00064,14610038,고속로또,전남 목포시 명륜동  6-5,전남,,34.791157,126.385664,pension,312,second,2,,2026-04-26T11:24:10.745685,2026-04-26T11:24:10.745685,1
PENSION_STORE_00065,24720003,GS25(포항시청점),경북 포항시 남구 대잠동 대잠동 995,경북,,36.020475,129.341203,pension,312,second,2,,2026-04-26T11:24:10.745685,2026-04-26T11:24:10.745685,1
PENSION_STORE_00066,14710032,문덕대박로또,경북 포항시 남구 오천읍 오천읍 176-7,경북,,35.963533,129.402631,pension,312,second,2,,2026-04-26T11:24:10.745685,2026-04-26T11:24:10.745685,1
PENSION_STORE_00067,14710158,사랑의 꽃집,경북 영주시 하망동  247-9,경북,,36.830172,128.634393,pension,312,second,2,,2026-04-26T11:24:10.745685,2026-04-26T11:24:10.745685,1
PENSION_STORE_00068,14710038,로또복권압량점,경북 경산시 압량면 부적리 부적리 501-1,경북,,35.808386,128.7405,pension,312,second,2,,2026-04-26T11:24:10.745685,2026-04-26T11:24:10.745685,1
PENSION_STORE_00069,14800081,덕산24시슈퍼,경남 진해시 덕산동  79-10,경남,,35.144205,128.70132,pension,312,second,2,,2026-04-26T11:24:10.745685,2026-04-26T11:24:10.745685,1
PENSION_STORE_00070,14800043,북마산복권전문점,경남 마산시 상남동  39-4,경남,수동,35.215965,128.57054,pension,312,first,1,,2026-04-26T11:24:10.745685,2026-04-26T11:24:10.745685,1
PENSION_STORE_00071,14890018,토토복권방,경남 김해시 지내동  274-9,경남,,35.197175,128.81663,pension,312,second,2,,2026-04-26T11:24:10.745685,2026-04-26T11:24:10.745685,1
PENSION_STORE_00072,14910031,한라점,제주 제주시 노형동  2519-14 훼밀리마트대화점,제주,,33.482131,126.473745,pension,312,second,2,,2026-04-26T11:24:10.745685,2026-04-26T11:24:10.745685,1
PENSION_STORE_00073,24900001,GS25(서귀중문),제주 서귀포시 중문동  1964-4,제주,수동,33.251451,126.427008,pension,312,first,1,,2026-04-26T11:24:10.745685,2026-04-26T11:24:10.745685,1
PENSION_STORE_00074,11190118,왕대박복권방,서울 은평구 신사1동  17-10,서울,,37.598666,126.91003,pension,311,second,2,,2026-04-26T11:24:12.569578,2026-04-26T11:24:12.569578,1
PENSION_STORE_00075,11110617,흥부네복권방,서울 용산구 후암동  105-3 1층,서울,,37.549791,126.977569,pension,311,second,2,,2026-04-26T11:24:12.569578,2026-04-26T11:24:12.569578,1
PENSION_STORE_00076,11110373,상호,서울 영등포구 여의도동  44-30 제일빌딩1층 107,서울,,37.491628,126.90815,pension,311,second,2,,2026-04-26T11:24:12.569578,2026-04-26T11:24:12.569578,1
PENSION_STORE_00077,11100488,대일마트,서울 양천구 신정동  203-6,서울,,37.508962,126.8653,pension,311,second,2,,2026-04-26T11:24:12.569578,2026-04-26T11:24:12.569578,1
PENSION_STORE_00078,11110655,테성철물,서울 송파구 방이동  98-16,서울,,37.513073,127.110704,pension,311,second,2,,2026-04-26T11:24:12.569578,2026-04-26T11:24:12.569578,1
PENSION_STORE_00079,11100275,부자나라석촌점,서울 송파구 석촌동  255-1 1층 2,서울,,37.508863,127.085416,pension,311,second,2,,2026-04-26T11:24:12.569578,2026-04-26T11:24:12.569578,1
PENSION_STORE_00080,11101587,영광정보통신,서울 성북구 하월곡동  37-18,서울,,37.602694,127.04251,pension,311,second,2,,2026-04-26T11:24:12.569578,2026-04-26T11:24:12.569578,1
PENSION_STORE_00081,11100990,버스카드충전소,서울 서초구 반포동  69-12 6동 쇼핑앞,서울,,37.506934,127.006122,pension,311,second,2,,2026-04-26T11:24:12.569578,2026-04-26T11:24:12.569578,1
PENSION_STORE_00082,11101121,가로판매대,서울 서대문구 창천동  30-13,서울,,37.559815,126.936401,pension,311,second,2,,2026-04-26T11:24:12.569578,2026-04-26T11:24:12.569578,1
PENSION_STORE_00083,11100773,스파,서울 노원구 상계동  666 주공 10단지 종합상가 111,서울,,37.661671,127.05789,pension,311,second,2,,2026-04-26T11:24:12.569578,2026-04-26T11:24:12.569578,1
PENSION_STORE_00084,11110065,J2(제이투)정보통신,서울 광진구 군자동  469-22 1층2호,서울,,37.557404,127.07639,pension,311,second,2,,2026-04-26T11:24:12.569578,2026-04-26T11:24:12.569578,1
PENSION_STORE_00085,11190158,예스마트,서울 강서구 화곡동  29-52,서울,,37.545988,126.84748,pension,311,second,2,,2026-04-26T11:24:12.569578,2026-04-26T11:24:12.569578,1
PENSION_STORE_00086,11110544,신화복권방,서울 강동구 길동  347-61,서울,수동,37.542053,127.141856,pension,311,first,1,,2026-04-26T11:24:12.569578,2026-04-26T11:24:12.569578,1
PENSION_STORE_00087,11100653,동원마트,서울 강동구 성내3동  412-6,서울,,37.52936,127.1351,pension,311,second,2,,2026-04-26T11:24:12.570579,2026-04-26T11:24:12.570579,1
PENSION_STORE_00088,21100477,GS25(논현삼익),서울 강남구 논현동  51 1층,서울,,37.512175,127.021925,pension,311,second,2,,2026-04-26T11:24:12.570579,2026-04-26T11:24:12.570579,1
PENSION_STORE_00089,12710070,로또복권,대구 수성구 신매동  245 상가101 102호,대구,,35.859546,128.611403,pension,311,second,2,,2026-04-26T11:24:12.570579,2026-04-26T11:24:12.570579,1
PENSION_STORE_00090,12810027,한국인세계대박복권,인천 연수구 옥련동  285,인천,,37.427611,126.6552,pension,311,second,2,,2026-04-26T11:24:12.570579,2026-04-26T11:24:12.570579,1
PENSION_STORE_00091,12800232,제일복권,인천 동구 송림동  31-20,인천,,37.477419,126.65134,pension,311,second,2,,2026-04-26T11:24:12.570579,2026-04-26T11:24:12.570579,1
PENSION_STORE_00092,12890012,행운복권,인천 남구 주안동  16-60,인천,,37.469091,126.67959,pension,311,second,2,,2026-04-26T11:24:12.570579,2026-04-26T11:24:12.570579,1
PENSION_STORE_00093,12890012,행운복권,인천 남구 주안동  16-60,인천,,37.469091,126.67959,pension,311,second,2,,2026-04-26T11:24:12.570579,2026-04-26T11:24:12.570579,1
PENSION_STORE_00094,12890012,행운복권,인천 남구 주안동  16-60,인천,,37.469091,126.67959,pension,311,second,2,,2026-04-26T11:24:12.570579,2026-04-26T11:24:12.570579,1
PENSION_STORE_00095,12800042,한솔사,인천 남구 주안4동  244-11,인천,자동,37.458145,126.68256,pension,311,first,1,,2026-04-26T11:24:12.570579,2026-04-26T11:24:12.570579,1
PENSION_STORE_00096,12910002,1등로또복권,광주 서구 광천동  49-1  종합터미널 내,광주,자동,35.160297,126.880151,pension,311,first,1,,2026-04-26T11:24:12.570579,2026-04-26T11:24:12.570579,1
PENSION_STORE_00097,12900125,천국열쇠,광주 북구 운암동  1040-3,광주,,35.182484,126.87204,pension,311,second,2,,2026-04-26T11:24:12.570579,2026-04-26T11:24:12.570579,1
PENSION_STORE_00098,13010044,로또복권방,대전 서구 갈마동  345-1,대전,수동,36.347532,127.37245,pension,311,first,1,,2026-04-26T11:24:12.570579,2026-04-26T11:24:12.570579,1
PENSION_STORE_00099,13000082,장터슈퍼,대전 동구 인동  40-7번지,대전,,36.319765,127.43855,pension,311,second,2,,2026-04-26T11:24:12.570579,2026-04-26T11:24:12.570579,1
PENSION_STORE_00100,13090004,노다지복권방,대전 대덕구 신대동  216-8,대전,,36.39926,127.422859,pension,311,second,2,,2026-04-26T11:24:12.570579,2026-04-26T11:24:12.570579,1
PENSION_STORE_00101,13110016,로또복권,울산 울주군 서생면  진하리    298-10,울산,수동,35.382556,129.34231,pension,311,first,1,,2026-04-26T11:24:12.570579,2026-04-26T11:24:12.570579,1
PENSION_STORE_00102,13190004,천하복권방,울산 동구 전하동  618-8,울산,,35.512426,129.42749,pension,311,second,2,,2026-04-26T11:24:12.570579,2026-04-26T11:24:12.570579,1
PENSION_STORE_00103,14190161,복권방,경기 평택시 세교동  569-8,경기,,36.99933,127.07971,pension,311,second,2,,2026-04-26T11:24:12.570579,2026-04-26T11:24:12.570579,1
PENSION_STORE_00104,14110122,광성슈퍼,경기 이천시 단월동  509-4,경기,,37.221299,127.45005,pension,311,second,2,,2026-04-26T11:24:12.570579,2026-04-26T11:24:12.570579,1
PENSION_STORE_00105,14190150,동원복권방,경기 의정부시 의정부2동  540-3,경기,,37.734539,127.037865,pension,311,second,2,,2026-04-26T11:24:12.570579,2026-04-26T11:24:12.570579,1
PENSION_STORE_00106,14110315,로또복권방,경기 의정부시 금오동  475-1 홈플러스2층 구두수선매장 내,경기,,37.749287,127.05473,pension,311,second,2,,2026-04-26T11:24:12.570579,2026-04-26T11:24:12.570579,1
PENSION_STORE_00107,14110117,로또 복권방,경기 용인시 처인구 유방동 유방동 533-1,경기,,37.238637,127.20866,pension,311,second,2,,2026-04-26T11:24:12.570579,2026-04-26T11:24:12.570579,1
PENSION_STORE_00108,14110605,안산삼성홈플러스로또복권판매점,경기 안산시 상록구 성포동 586삼성홈플러스,경기,,37.311885,126.828897,pension,311,second,2,,2026-04-26T11:24:12.570579,2026-04-26T11:24:12.570579,1
PENSION_STORE_00109,14100343,흥일슈퍼,경기 고양시 일산서구 일산동 일산동 640-28,경기,,37.68545,126.773064,pension,311,second,2,,2026-04-26T11:24:12.570579,2026-04-26T11:24:12.570579,1
PENSION_STORE_00110,14200095,제일복권,강원 춘천시 중앙로1가  80,강원,자동,37.880835,127.72831,pension,311,first,1,,2026-04-26T11:24:12.570579,2026-04-26T11:24:12.570579,1
PENSION_STORE_00111,14210039,운수대통복권방,강원 춘천시 석사동  671-5,강원,,37.858946,127.74266,pension,311,second,2,,2026-04-26T11:24:12.570579,2026-04-26T11:24:12.570579,1
PENSION_STORE_00112,14210097,한성로또복권,강원 정선군 고한읍 고한리 고한리 57-5,강원,,37.196944,128.858271,pension,311,second,2,,2026-04-26T11:24:12.570579,2026-04-26T11:24:12.570579,1
PENSION_STORE_00113,14300053,그린마트,충북 청주시 흥덕구 봉명2동 봉명2동 1859번지,충북,,36.624508,127.42925,pension,311,second,2,,2026-04-26T11:24:12.570579,2026-04-26T11:24:12.570579,1
PENSION_STORE_00114,14300097,해적책대여점  복권방,충북 청주시 흥덕구 사직동 사직동 221-20,충북,,36.639976,127.47936,pension,311,second,2,,2026-04-26T11:24:12.570579,2026-04-26T11:24:12.570579,1
PENSION_STORE_00115,14310086,로또복권,충북 청주시 상당구 탑동 탑동 60-11 1층 101호,충북,,36.630768,127.502733,pension,311,second,2,,2026-04-26T11:24:12.570579,2026-04-26T11:24:12.570579,1
PENSION_STORE_00116,14410036,천안휴게소(로또판매),충남 천안시 수신면 신풍리 신풍리 447-3,충남,,36.773321,127.210028,pension,311,second,2,,2026-04-26T11:24:12.570579,2026-04-26T11:24:12.570579,1
PENSION_STORE_00117,14400062,매표소,충남 천안시 신부동  360-3번지,충남,,36.819387,127.154275,pension,311,second,2,,2026-04-26T11:24:12.570579,2026-04-26T11:24:12.570579,1
PENSION_STORE_00118,14410085,장미슈퍼,충남 부여군 부여읍 동남리 동남리 722-1,충남,,36.276375,126.90941,pension,311,second,2,,2026-04-26T11:24:12.570579,2026-04-26T11:24:12.570579,1
PENSION_STORE_00119,14510078,참깨열쇠.복권,전북 전주시 완산구 효자동1가 효자동1가 669-4  1층,전북,자동,35.798842,127.114664,pension,311,first,1,,2026-04-26T11:24:12.570579,2026-04-26T11:24:12.570579,1
PENSION_STORE_00120,14590004,임어당복권점,전북 전주시 덕진구 금암동 금암동 1589-2,전북,,35.84312,127.13984,pension,311,second,2,,2026-04-26T11:24:12.570579,2026-04-26T11:24:12.570579,1
PENSION_STORE_00121,14710186,미래복권방,경북 영천시 완산동  1066-24,경북,,35.963744,128.93715,pension,311,second,2,,2026-04-26T11:24:12.570579,2026-04-26T11:24:12.570579,1
PENSION_STORE_00122,14710154,왕대박로또복권방,경북 김천시 성내동  38-1,경북,,36.123206,128.118641,pension,311,second,2,,2026-04-26T11:24:12.570579,2026-04-26T11:24:12.570579,1
PENSION_STORE_00123,24800044,훼미리마트(통영북신),경남 통영시 무전동  1031-1,경남,,34.859548,128.426898,pension,311,second,2,,2026-04-26T11:24:12.570579,2026-04-26T11:24:12.570579,1
PENSION_STORE_00124,14810111,로또,경남 고성군 고성읍  동외리 294-3,경남,수동,34.976076,128.32543,pension,311,first,1,,2026-04-26T11:24:12.570579,2026-04-26T11:24:12.570579,1
PENSION_STORE_00125,11100404,우선식품,서울 영등포구 신길동  163-5,서울,자동,37.512497,126.91667,pension,310,first,1,,2026-04-26T11:24:14.406595,2026-04-26T11:24:14.406595,1
PENSION_STORE_00126,11100150,나라시스컴,서울 영등포구 영등포동5가  18-58 영신상가1호,서울,,37.519784,126.906703,pension,310,second,2,,2026-04-26T11:24:14.406595,2026-04-26T11:24:14.406595,1
PENSION_STORE_00127,11101635,복권방,서울 성북구 동소문동5가  107,서울,,37.591369,127.01657,pension,310,second,2,,2026-04-26T11:24:14.406595,2026-04-26T11:24:14.406595,1
PENSION_STORE_00128,11101599,대명씨앤씨,서울 성북구 보문동5가  11,서울,,37.584929,127.01783,pension,310,second,2,,2026-04-26T11:24:14.406595,2026-04-26T11:24:14.406595,1
PENSION_STORE_00129,11110279,로또,서울 도봉구 도봉2동  636-12,서울,,37.669428,127.04645,pension,310,second,2,,2026-04-26T11:24:14.406595,2026-04-26T11:24:14.406595,1
PENSION_STORE_00130,11101194,훼미리마트 시흥본동점,서울 금천구 시흥동  879-21,서울,,37.477188,126.89213,pension,310,second,2,,2026-04-26T11:24:14.406595,2026-04-26T11:24:14.406595,1
PENSION_STORE_00131,11100128,복권방,서울 구로구 구로동  409-80 1층,서울,,37.493925,126.882589,pension,310,second,2,,2026-04-26T11:24:14.406595,2026-04-26T11:24:14.406595,1
PENSION_STORE_00132,11110049,가로매로또,서울 관악구 신림동  1640-5,서울,자동,37.483338,126.929409,pension,310,first,1,,2026-04-26T11:24:14.406595,2026-04-26T11:24:14.406595,1
PENSION_STORE_00133,12600015,노다지복권방,부산 수영구 망미1동  823-1,부산,,35.173306,129.09906,pension,310,second,2,,2026-04-26T11:24:14.406595,2026-04-26T11:24:14.406595,1
PENSION_STORE_00134,22700096,㈜ Cspace 신천드림점,대구 동구 신천동  292-1,대구,,35.872094,128.713463,pension,310,second,2,,2026-04-26T11:24:14.406595,2026-04-26T11:24:14.406595,1
PENSION_STORE_00135,12810069,인생역전복권방,인천 부평구 청천2동  10-17상가1층,인천,자동,37.518666,126.704693,pension,310,first,1,,2026-04-26T11:24:14.406595,2026-04-26T11:24:14.406595,1
PENSION_STORE_00136,13000150,형제상회,대전 서구 용문동  256-3번지,대전,자동,36.336796,127.39472,pension,310,first,1,,2026-04-26T11:24:14.406595,2026-04-26T11:24:14.406595,1
PENSION_STORE_00137,14100387,터미널유통마트,경기 의정부시 신곡1동  719-4  5 우신프라자 1층 101호,경기,,37.730936,127.05627,pension,310,second,2,,2026-04-26T11:24:14.406595,2026-04-26T11:24:14.406595,1
PENSION_STORE_00138,14110249,복터진날,경기 안성시 공도읍 진사리 진사리 주은청설아파트상가 B동105호,경기,,36.99145,127.1394,pension,310,second,2,,2026-04-26T11:24:14.406595,2026-04-26T11:24:14.406595,1
PENSION_STORE_00139,24120032,GS25(파빌리온점),경기 성남시 분당구 정자동 경기성남시분당구정자동 7 두산위브파빌리온상가1층 A-103,경기,,37.371654,127.107191,pension,310,second,2,,2026-04-26T11:24:14.407597,2026-04-26T11:24:14.407597,1
PENSION_STORE_00140,14190085,노다지복권방,경기 성남시 수정구 신흥동 신흥동 5281 1층,경기,,37.349638,127.10956,pension,310,second,2,,2026-04-26T11:24:14.407597,2026-04-26T11:24:14.407597,1
PENSION_STORE_00141,14190086,노다지복권방,경기 성남시 중원구 은행동 은행동 1553 은행시장 1층 8호,경기,,37.457573,127.164454,pension,310,second,2,,2026-04-26T11:24:14.407597,2026-04-26T11:24:14.407597,1
PENSION_STORE_00142,14100496,-,경기 성남시 수정구 수진1동 수진1동 17번지,경기,자동,37.441433,127.13458,pension,310,first,1,,2026-04-26T11:24:14.407597,2026-04-26T11:24:14.407597,1
PENSION_STORE_00143,14100445,9TO5 신구대점,경기 성남시 중원구 금광동 금광동 2401,경기,,37.446427,127.1672,pension,310,second,2,,2026-04-26T11:24:14.407597,2026-04-26T11:24:14.407597,1
PENSION_STORE_00144,14190086,노다지복권방,경기 성남시 중원구 은행동 은행동 1553 은행시장 1층 8호,경기,,37.457573,127.164454,pension,310,second,2,,2026-04-26T11:24:14.407597,2026-04-26T11:24:14.407597,1
PENSION_STORE_00145,14110586,로또복권,경기 부천시 원미구 상동 상동 545-11 상동타운108호,경기,,37.505134,126.75373,pension,310,second,2,,2026-04-26T11:24:14.407597,2026-04-26T11:24:14.407597,1
PENSION_STORE_00146,14110373,성명전력,경기 동두천시 생연동  696-3,경기,,37.900199,127.05294,pension,310,second,2,,2026-04-26T11:24:14.407597,2026-04-26T11:24:14.407597,1
PENSION_STORE_00147,14100793,흥부네대박났네,경기 광주시 역동  27-28,경기,,37.369896,127.3039,pension,310,second,2,,2026-04-26T11:24:14.407597,2026-04-26T11:24:14.407597,1
PENSION_STORE_00148,14110012,웃자로또,경기 광주시 오포읍 양벌리 양벌리 308-6,경기,,37.361682,127.22884,pension,310,second,2,,2026-04-26T11:24:14.407597,2026-04-26T11:24:14.407597,1
PENSION_STORE_00149,14100469,아이리스,경기 고양시 일산동구 백석동 백석동 1232 일산병원 지하 1층,경기,자동,37.645573,126.792785,pension,310,first,1,,2026-04-26T11:24:14.407597,2026-04-26T11:24:14.407597,1
PENSION_STORE_00150,14110350,로또판매점,경기 고양시 일산동구 장항동 752삼성메르헨상가102-2,경기,자동,37.660135,126.766431,pension,310,first,1,,2026-04-26T11:24:14.407597,2026-04-26T11:24:14.407597,1
PENSION_STORE_00151,14200114,바른손(퇴계점),강원 춘천시 퇴계동  983 주공2단지상가,강원,,37.858123,127.73763,pension,310,second,2,,2026-04-26T11:24:14.407597,2026-04-26T11:24:14.407597,1
PENSION_STORE_00152,14210074,로또복권,강원 철원군 서면 와수리 와수리 1149-3번지,강원,,38.238887,127.438,pension,310,second,2,,2026-04-26T11:24:14.407597,2026-04-26T11:24:14.407597,1
PENSION_STORE_00153,14300004,대박찬스,충북 청주시 흥덕구 가경동 1220번지,충북,,36.628987,127.43647,pension,310,second,2,,2026-04-26T11:24:14.407597,2026-04-26T11:24:14.407597,1
PENSION_STORE_00154,14310106,로또명당,충북 진천군 진천읍 벽암리 벽암리 190-2,충북,,36.871677,127.43315,pension,310,second,2,,2026-04-26T11:24:14.407597,2026-04-26T11:24:14.407597,1
PENSION_STORE_00155,14500034,팡팡복권마트.잡화슈퍼,전북 전주시 덕진구 금암동 460-11,전북,,35.834389,127.13328,pension,310,second,2,,2026-04-26T11:24:14.407597,2026-04-26T11:24:14.407597,1
PENSION_STORE_00156,24500013,훼미리마트(전주우아),전북 전주시 덕진구 우아동3가 우아동3가 746-20,전북,,35.848958,127.156962,pension,310,second,2,,2026-04-26T11:24:14.407597,2026-04-26T11:24:14.407597,1
PENSION_STORE_00157,24500024,GS25(익산부송),전북 익산시 부송동  235-7,전북,자동,35.95814,126.997039,pension,310,first,1,,2026-04-26T11:24:14.407597,2026-04-26T11:24:14.407597,1
PENSION_STORE_00158,14710007,로또복권 금장점,경북 경주시 현곡면 금장리 금장리 408 상림센트럴파크 107호,경북,,35.866806,129.203531,pension,310,second,2,,2026-04-26T11:24:14.407597,2026-04-26T11:24:14.407597,1
PENSION_STORE_00159,14710010,불국사명당복권,경북 경주시 시래동  326-4,경북,,35.776509,129.29815,pension,310,second,2,,2026-04-26T11:24:14.407597,2026-04-26T11:24:14.407597,1
PENSION_STORE_00160,14810062,-,경남 김해시 외동  1262-4중앙상가111,경남,,35.190318,128.80217,pension,310,second,2,,2026-04-26T11:24:14.407597,2026-04-26T11:24:14.407597,1
PENSION_STORE_00161,24800040,훼미리마(거제해금강),경남 거제시 신현읍 고현리 고현리 997-5,경남,,34.894133,128.630215,pension,310,second,2,,2026-04-26T11:24:14.407597,2026-04-26T11:24:14.407597,1
PENSION_STORE_00162,11190221,동성당,서울 종로구 종로5가  410,서울,,37.569931,127.00656,pension,309,second,2,,2026-04-26T11:24:16.174293,2026-04-26T11:24:16.174293,1
PENSION_STORE_00163,11190142,복권백화점,서울 은평구 갈현동  399-7,서울,,37.618676,126.91917,pension,309,second,2,,2026-04-26T11:24:16.174293,2026-04-26T11:24:16.174293,1
PENSION_STORE_00164,11110513,LG 25시,서울 용산구 보광동  259-1,서울,,37.549994,126.97616,pension,309,second,2,,2026-04-26T11:24:16.174293,2026-04-26T11:24:16.174293,1
PENSION_STORE_00165,11110362,행운복권,서울 영등포구 대림동  665-8,서울,,37.501316,126.898585,pension,309,second,2,,2026-04-26T11:24:16.174293,2026-04-26T11:24:16.174293,1
PENSION_STORE_00166,11101457,바로정보,서울 양천구 목3동  서울 양천구 목3동 603-8,서울,,37.549167,126.8676,pension,309,second,2,,2026-04-26T11:24:16.174293,2026-04-26T11:24:16.174293,1
PENSION_STORE_00167,11100481,럭키수퍼,서울 양천구 신정동  1259번지 신트리 1단지 상가 103호,서울,,37.513356,126.85342,pension,309,second,2,,2026-04-26T11:24:16.174293,2026-04-26T11:24:16.174293,1
PENSION_STORE_00168,11100539,경성식품,서울 동대문구 휘경1동  192-5회기역,서울,자동,37.590363,127.06029,pension,309,first,1,,2026-04-26T11:24:16.174293,2026-04-26T11:24:16.174293,1
PENSION_STORE_00169,11100773,스파,서울 노원구 상계동  666 주공 10단지 종합상가 111,서울,,37.661671,127.05789,pension,309,second,2,,2026-04-26T11:24:16.174293,2026-04-26T11:24:16.174293,1
PENSION_STORE_00170,11110686,하나로유통,서울 강서구 내발산동  660-14,서울,,37.558668,126.83217,pension,309,second,2,,2026-04-26T11:24:16.174293,2026-04-26T11:24:16.174293,1
PENSION_STORE_00171,11100180,신명,서울 강서구 방화2동  620-160,서울,자동,37.562246,126.80904,pension,309,first,1,,2026-04-26T11:24:16.174293,2026-04-26T11:24:16.174293,1
PENSION_STORE_00172,11110010,신성복권,서울 강남구 청담동  76-6,서울,,37.519181,127.05078,pension,309,second,2,,2026-04-26T11:24:16.174293,2026-04-26T11:24:16.174293,1
PENSION_STORE_00173,21100382,GS25(역삼로),서울 강남구 역삼동  831-11 1층,서울,,37.493791,127.030518,pension,309,second,2,,2026-04-26T11:24:16.174293,2026-04-26T11:24:16.174293,1
PENSION_STORE_00174,22600102,GS25 서면제일점,부산 부산진구 부전동  220-1,부산,,35.153899,129.06163,pension,309,second,2,,2026-04-26T11:24:16.174293,2026-04-26T11:24:16.174293,1
PENSION_STORE_00175,12610082,꿈의나라,부산 동래구 명륜동  533-49,부산,수동,35.205192,129.079558,pension,309,first,1,,2026-04-26T11:24:16.174293,2026-04-26T11:24:16.174293,1
PENSION_STORE_00176,12600054,부일카서비스,부산 동구 범일동  830-195,부산,자동,35.140055,129.06305,pension,309,first,1,,2026-04-26T11:24:16.174293,2026-04-26T11:24:16.174293,1
PENSION_STORE_00177,12700171,토큰박스 서문시장,대구 중구 대신동  278-2,대구,,35.867807,128.582064,pension,309,second,2,,2026-04-26T11:24:16.174293,2026-04-26T11:24:16.174293,1
PENSION_STORE_00178,22700084,GS25(중앙제일),대구 중구 동성로3가  7-7,대구,,35.868292,128.593442,pension,309,second,2,,2026-04-26T11:24:16.174293,2026-04-26T11:24:16.174293,1
PENSION_STORE_00179,12790054,로또명당,대구 수성구 수성동1가  305-6,대구,,35.852799,128.61317,pension,309,second,2,,2026-04-26T11:24:16.174293,2026-04-26T11:24:16.174293,1
PENSION_STORE_00180,12790058,복권명당,대구 수성구 매호동  1040 동서1차아파트상가 108-112,대구,자동,35.842626,128.71021,pension,309,first,1,,2026-04-26T11:24:16.174293,2026-04-26T11:24:16.174293,1
PENSION_STORE_00181,12810101,미니슈퍼,인천 남동구 간석3동  919-9,인천,자동,37.460384,126.72031,pension,309,first,1,,2026-04-26T11:24:16.174293,2026-04-26T11:24:16.174293,1
PENSION_STORE_00182,12890047,미니24시,인천 남구 주안동  1005-10,인천,,37.458151,126.68867,pension,309,second,2,,2026-04-26T11:24:16.174293,2026-04-26T11:24:16.174293,1
PENSION_STORE_00183,13010101,로또복권벽산블루밍,대전 서구 내동  2 벽산블루밍아파트단지내상가 502-101,대전,자동,36.332843,127.38235,pension,309,first,1,,2026-04-26T11:24:16.174293,2026-04-26T11:24:16.174293,1
PENSION_STORE_00184,13010046,복권왕국,대전 서구 내동  13-19,대전,자동,36.330873,127.37786,pension,309,first,1,,2026-04-26T11:24:16.174293,2026-04-26T11:24:16.174293,1
PENSION_STORE_00185,13110017,남부복권방,울산 울주군 범서읍 천상리 천상리 328-3,울산,,35.563148,129.22815,pension,309,second,2,,2026-04-26T11:24:16.174293,2026-04-26T11:24:16.174293,1
PENSION_STORE_00186,13190001,영화유통 (1등복권방),울산 남구 달동  758 삼성아파트상가 204-101,울산,,35.534272,129.32176,pension,309,second,2,,2026-04-26T11:24:16.174293,2026-04-26T11:24:16.174293,1
PENSION_STORE_00187,14190014,당첨희망복권점,경기 이천시 관고동  4-26,경기,,37.282047,127.43879,pension,309,second,2,,2026-04-26T11:24:16.174293,2026-04-26T11:24:16.174293,1
PENSION_STORE_00188,14110300,로또복권,경기 의정부시 장암동  20-9,경기,수동,37.726332,127.054546,pension,309,first,1,,2026-04-26T11:24:16.174293,2026-04-26T11:24:16.174293,1
PENSION_STORE_00189,14110113,행운방,경기 용인시 기흥구 보정동 1804-4엔림프라자101호,경기,자동,37.320751,127.115089,pension,309,first,1,,2026-04-26T11:24:16.174293,2026-04-26T11:24:16.174293,1
PENSION_STORE_00190,14110644,한양복권방,경기 수원시 권선구 오목천동 오목천동 498-5,경기,,37.24454,126.96386,pension,309,second,2,,2026-04-26T11:24:16.174293,2026-04-26T11:24:16.174293,1
PENSION_STORE_00191,14110369,명당복권방,경기 남양주시 화도읍 창현리 창현리 472-7,경기,,37.650239,127.30629,pension,309,second,2,,2026-04-26T11:24:16.174293,2026-04-26T11:24:16.174293,1
PENSION_STORE_00192,14110351,정발산복권전문점,경기 고양시 일산동구 정발산동 경기 고양시 일산동구 정발산동 1204  일성종합상가 104호,경기,,37.673088,126.777677,pension,309,second,2,,2026-04-26T11:24:16.174293,2026-04-26T11:24:16.174293,1
PENSION_STORE_00193,14310109,홈짱,충북 청주시 흥덕구 가경동 가경동 1671,충북,자동,36.617182,127.443379,pension,309,first,1,,2026-04-26T11:24:16.174293,2026-04-26T11:24:16.174293,1
PENSION_STORE_00194,14810035,로또복권방,경남 창원시 안민동  74번지 세평빌딩 102호,경남,,35.186939,128.69153,pension,309,second,2,,2026-04-26T11:24:16.174293,2026-04-26T11:24:16.174293,1
PENSION_STORE_00195,24800023,GS25(양산문성),경남 양산시 웅상읍 평산리 평산리 31-5,경남,,35.384815,129.155072,pension,309,second,2,,2026-04-26T11:24:16.174293,2026-04-26T11:24:16.174293,1
PENSION_STORE_00196,14810118,로또복권백화점(영광마트),경남 밀양시 내이동  경남 밀양시 내이동 1185-8,경남,,35.49863,128.744767,pension,309,second,2,,2026-04-26T11:24:16.174293,2026-04-26T11:24:16.174293,1
PENSION_STORE_00197,14800027,천하명당 복권방,경남 거제시 옥포1동  423-1,경남,,34.891701,128.69484,pension,309,second,2,,2026-04-26T11:24:16.174293,2026-04-26T11:24:16.174293,1
PENSION_STORE_00198,11100835,종로3가 출구2 가판82,서울 종로구 종로3가  23-1,서울,,37.570706,126.99191,pension,308,second,2,,2026-04-26T11:24:17.999242,2026-04-26T11:24:17.999242,1
PENSION_STORE_00199,11100397,대창청과슈퍼,서울 영등포구 신길동  225-45,서울,,37.510231,126.91029,pension,308,second,2,,2026-04-26T11:24:17.999242,2026-04-26T11:24:17.999242,1
PENSION_STORE_00200,11100767,IGA마트(회기점),서울 동대문구 회기동  60-125 농촌경제 연구소 앞,서울,,37.591263,127.050002,pension,308,second,2,,2026-04-26T11:24:17.999242,2026-04-26T11:24:17.999242,1
PENSION_STORE_00201,11100746,데일리,서울 노원구 상계3동  95-199,서울,,37.663617,127.076376,pension,308,second,2,,2026-04-26T11:24:17.999242,2026-04-26T11:24:17.999242,1
PENSION_STORE_00202,11100235,복권당,서울 금천구 시흥3동  984 시흥유통상가1동114호,서울,,37.44332,126.90162,pension,308,second,2,,2026-04-26T11:24:17.999242,2026-04-26T11:24:17.999242,1
PENSION_STORE_00203,11100037,미래로또 봉천,서울 관악구 봉천동  502-4 현대시장 20호,서울,,37.486619,126.94656,pension,308,second,2,,2026-04-26T11:24:17.999242,2026-04-26T11:24:17.999242,1
PENSION_STORE_00204,11101180,버스카드판매대,서울 관악구 신림6동  1513 버스카드충전소,서울,,37.47187,126.93328,pension,308,second,2,,2026-04-26T11:24:17.999242,2026-04-26T11:24:17.999242,1
PENSION_STORE_00205,11100185,천하명당 복권방화곡,서울 강서구 화곡동  836-4,서울,,37.532055,126.857652,pension,308,second,2,,2026-04-26T11:24:17.999242,2026-04-26T11:24:17.999242,1
PENSION_STORE_00206,12600161,성광복권명당,부산 연제구 연산1동  313-30,부산,,35.189996,129.0911,pension,308,second,2,,2026-04-26T11:24:17.999242,2026-04-26T11:24:17.999242,1
PENSION_STORE_00207,12600326,셀프카메라,부산 부산진구 개금동  472-23,부산,,35.154545,129.0217,pension,308,second,2,,2026-04-26T11:24:17.999242,2026-04-26T11:24:17.999242,1
PENSION_STORE_00208,12710107,훼미리마트 노원영성,대구 북구 노원동3가  58-46,대구,,35.900183,128.571848,pension,308,second,2,,2026-04-26T11:24:17.999242,2026-04-26T11:24:17.999242,1
PENSION_STORE_00209,12710016,복권이야기,대구 동구 신천동  740-20,대구,,35.878858,128.731918,pension,308,second,2,,2026-04-26T11:24:17.999242,2026-04-26T11:24:17.999242,1
PENSION_STORE_00210,12710157,진주식육로또복권가든,대구 남구 봉덕동  559-33,대구,,35.842452,128.600542,pension,308,second,2,,2026-04-26T11:24:17.999242,2026-04-26T11:24:17.999242,1
PENSION_STORE_00211,12800031,마이마트,인천 서구 심곡동  302한국상가제1층101호,인천,자동,37.543496,126.67774,pension,308,first,1,,2026-04-26T11:24:17.999242,2026-04-26T11:24:17.999242,1
PENSION_STORE_00212,12800075,대박복권,인천 부평구 부평동  610-4,인천,,37.487539,126.72785,pension,308,second,2,,2026-04-26T11:24:17.999242,2026-04-26T11:24:17.999242,1
PENSION_STORE_00213,12910058,시네마복권방,광주 북구 두암동  894-1,광주,,35.16914,126.929755,pension,308,second,2,,2026-04-26T11:24:17.999242,2026-04-26T11:24:17.999242,1
PENSION_STORE_00214,14110664,복권판매,경기 하남시 감북동  419-21,경기,,37.539778,127.201448,pension,308,second,2,,2026-04-26T11:24:17.999242,2026-04-26T11:24:17.999242,1
PENSION_STORE_00215,14110279,행운복권방,경기 양주시 광적면 가납리 가납리 732-7,경기,,37.82315,126.98551,pension,308,second,2,,2026-04-26T11:24:17.999242,2026-04-26T11:24:17.999242,1
PENSION_STORE_00216,14100112,복권 마을,경기 안양시 동안구 호계1동 호계1동 959-19,경기,,37.371089,126.95967,pension,308,second,2,,2026-04-26T11:24:17.999242,2026-04-26T11:24:17.999242,1
PENSION_STORE_00217,14100112,복권 마을,경기 안양시 동안구 호계1동 호계1동 959-19,경기,,37.371089,126.95967,pension,308,second,2,,2026-04-26T11:24:17.999242,2026-04-26T11:24:17.999242,1
PENSION_STORE_00218,14100504,가판점,경기 성남시 수정구 산성동 산성동 1433번지,경기,,37.45479,127.150047,pension,308,second,2,,2026-04-26T11:24:17.999242,2026-04-26T11:24:17.999242,1
PENSION_STORE_00219,14390007,복권마을,충북 충주시 안림동  57-1 번지,충북,,36.976875,127.92121,pension,308,second,2,,2026-04-26T11:24:17.999242,2026-04-26T11:24:17.999242,1
PENSION_STORE_00220,14490008,로또복권방,충남 당진시 당진읍  읍내리    620-5,충남,,36.89293,126.6263,pension,308,second,2,,2026-04-26T11:24:17.999242,2026-04-26T11:24:17.999242,1
PENSION_STORE_00221,14410073,로또명당 금산점,충남 금산군 군북면 외부리 외부리 718,충남,,36.15266,127.496628,pension,308,second,2,,2026-04-26T11:24:17.999242,2026-04-26T11:24:17.999242,1
PENSION_STORE_00222,14500034,팡팡복권마트.잡화슈퍼,전북 전주시 덕진구 금암동 460-11,전북,,35.834389,127.13328,pension,308,second,2,,2026-04-26T11:24:17.999242,2026-04-26T11:24:17.999242,1
PENSION_STORE_00223,14610059,조례로또복권방,전남 순천시 조례동  1092-2,전남,,34.958392,127.51811,pension,308,second,2,,2026-04-26T11:24:17.999242,2026-04-26T11:24:17.999242,1
PENSION_STORE_00224,14690021,복권천국,전남 무안군 무안읍 성동리 성동리 830-1,전남,,34.98832,126.479155,pension,308,second,2,,2026-04-26T11:24:17.999242,2026-04-26T11:24:17.999242,1
PENSION_STORE_00225,14800042,취미의집,경남 사천시 사천읍 수석리 수석리 251-21,경남,,35.084166,128.085736,pension,308,second,2,,2026-04-26T11:24:17.999242,2026-04-26T11:24:17.999242,1
PENSION_STORE_00226,11100910,가로가판대제57호(구),서울 중구 태평로2가  69-1,서울,자동,37.562915,126.97707,pension,307,first,1,,2026-04-26T11:24:19.769279,2026-04-26T11:24:19.769279,1
PENSION_STORE_00227,21100226,GS25(종로사직),서울 종로구 체부동  37-1번지,서울,,37.577783,126.971716,pension,307,second,2,,2026-04-26T11:24:19.769279,2026-04-26T11:24:19.769279,1
PENSION_STORE_00228,11110512,로또복권판매,서울 영등포구 영등포동3가  10-1,서울,,37.524858,126.905629,pension,307,second,2,,2026-04-26T11:24:19.769279,2026-04-26T11:24:19.769279,1
PENSION_STORE_00229,11100952,가판 뚝섬에스콰이야,서울 성동구 성수동1가  656-297호 인도신문가판대,서울,,37.547697,127.044736,pension,307,second,2,,2026-04-26T11:24:19.769279,2026-04-26T11:24:19.769279,1
PENSION_STORE_00230,11110703,네잎클로버복권방,서울 동대문구 장안동  369-3,서울,,37.578551,127.070338,pension,307,second,2,,2026-04-26T11:24:19.769279,2026-04-26T11:24:19.769279,1
PENSION_STORE_00231,11110279,로또,서울 도봉구 도봉2동  636-12,서울,,37.669428,127.04645,pension,307,second,2,,2026-04-26T11:24:19.769279,2026-04-26T11:24:19.769279,1
PENSION_STORE_00232,11100128,복권방,서울 구로구 구로동  409-80 1층,서울,,37.493925,126.882589,pension,307,second,2,,2026-04-26T11:24:19.769279,2026-04-26T11:24:19.769279,1
PENSION_STORE_00233,11100776,진로베스토아 편의점,서울 관악구 신림9동  247-2,서울,,37.468257,126.937468,pension,307,second,2,,2026-04-26T11:24:19.769279,2026-04-26T11:24:19.769279,1
PENSION_STORE_00234,11101658,후레쉬마트,서울 강동구 상일동  431-4,서울,,37.545946,127.17222,pension,307,second,2,,2026-04-26T11:24:19.769279,2026-04-26T11:24:19.769279,1
PENSION_STORE_00235,12610155,만구수산유통,부산 서구 남부민동  685 현대타운1층 86호,부산,,35.092637,129.024455,pension,307,second,2,,2026-04-26T11:24:19.769279,2026-04-26T11:24:19.769279,1
PENSION_STORE_00236,12600330,복권방휴게소,부산 부산진구 부전동  259-18,부산,,35.159372,129.05968,pension,307,second,2,,2026-04-26T11:24:19.769279,2026-04-26T11:24:19.769279,1
PENSION_STORE_00237,12700322,복권나라,대구 서구 내당동  411-39,대구,,35.860475,128.54612,pension,307,second,2,,2026-04-26T11:24:19.769279,2026-04-26T11:24:19.769279,1
PENSION_STORE_00238,22700064,훼미리마트(참미소점),대구 달서구 감삼동  170-7,대구,,35.847264,128.537481,pension,307,second,2,,2026-04-26T11:24:19.769279,2026-04-26T11:24:19.769279,1
PENSION_STORE_00239,12900029,복권마트,광주 북구 운암동  66-1,광주,자동,35.178004,126.87683,pension,307,first,1,,2026-04-26T11:24:19.769279,2026-04-26T11:24:19.769279,1
PENSION_STORE_00240,13010053,대승로또,대전 서구 복수동  대전 서구 복수동 274-13,대전,,36.339763,127.393015,pension,307,second,2,,2026-04-26T11:24:19.769279,2026-04-26T11:24:19.769279,1
PENSION_STORE_00241,23000006,GS25(대전송촌),대전 대덕구 송촌동  456-9,대전,,36.364954,127.438839,pension,307,second,2,,2026-04-26T11:24:19.769279,2026-04-26T11:24:19.769279,1
PENSION_STORE_00242,13190001,영화유통 (1등복권방),울산 남구 달동  758 삼성아파트상가 204-101,울산,,35.534272,129.32176,pension,307,second,2,,2026-04-26T11:24:19.769279,2026-04-26T11:24:19.769279,1
PENSION_STORE_00243,14110330,운천 대박 복권방,경기 포천시 영북면 운천리 운천리 509-4,경기,자동,38.089587,127.27451,pension,307,first,1,,2026-04-26T11:24:19.769279,2026-04-26T11:24:19.769279,1
PENSION_STORE_00244,14190233,코사마트역전점,경기 평택시 평택동  46-4,경기,,36.992017,127.08722,pension,307,second,2,,2026-04-26T11:24:19.769279,2026-04-26T11:24:19.769279,1
PENSION_STORE_00245,14100117,천하명당 복권방,경기 의왕시 고천동 고천동 294-3,경기,,37.352701,126.9719,pension,307,second,2,,2026-04-26T11:24:19.769279,2026-04-26T11:24:19.769279,1
PENSION_STORE_00246,14100587,로또 명당 가두판매점,경기 안양시 동안구 비산동 비산동 1102 동성아파트앞 버스가판대,경기,,37.394616,126.94141,pension,307,second,2,,2026-04-26T11:24:19.769279,2026-04-26T11:24:19.769279,1
PENSION_STORE_00247,24100248,GS25(안산원곡),경기 안산시 단원구 원곡동 원곡동 838-105,경기,,37.32896,126.803755,pension,307,second,2,,2026-04-26T11:24:19.769279,2026-04-26T11:24:19.769279,1
PENSION_STORE_00248,14100379,월드슈퍼,경기 안산시 상록구 본오동 본오동 872(월드상가2-111),경기,,37.309141,126.86828,pension,307,second,2,,2026-04-26T11:24:19.769279,2026-04-26T11:24:19.769279,1
PENSION_STORE_00249,14100294,바이웨이시흥메가점,경기 시흥시 정왕동  1861-23 멕가쇼핑몰1층 123,경기,,37.35425,126.72352,pension,307,second,2,,2026-04-26T11:24:19.769279,2026-04-26T11:24:19.769279,1
PENSION_STORE_00250,14110074,천마 매표소,경기 시흥시 신천동  809(수협앞),경기,,37.382599,126.7979,pension,307,second,2,,2026-04-26T11:24:19.769279,2026-04-26T11:24:19.769279,1
PENSION_STORE_00251,14110645,행운복권방,경기 수원시 권선구 오목천동 오목천동 431-1 로뎀프라자,경기,,37.240318,126.965801,pension,307,second,2,,2026-04-26T11:24:19.769279,2026-04-26T11:24:19.769279,1
PENSION_STORE_00252,14110395,돼지복권,경기 성남시 수정구 복정동 복정동 686-3,경기,,37.458748,127.12686,pension,307,second,2,,2026-04-26T11:24:19.769279,2026-04-26T11:24:19.769279,1
PENSION_STORE_00253,14190060,복권명당집시장점,경기 동두천시 지행동  718-3 송내프라자 103,경기,,37.891387,127.052985,pension,307,second,2,,2026-04-26T11:24:19.769279,2026-04-26T11:24:19.769279,1
PENSION_STORE_00254,14310015,로또 복권방,충북 청주시 흥덕구 비하동 비하동 308-4,충북,,36.607447,127.4893,pension,307,second,2,,2026-04-26T11:24:19.769279,2026-04-26T11:24:19.769279,1
PENSION_STORE_00255,24300016,훼미리마트(제천고암),충북 제천시 청전동  4-95,충북,,37.157856,128.214669,pension,307,second,2,,2026-04-26T11:24:19.769279,2026-04-26T11:24:19.769279,1
PENSION_STORE_00256,14500034,팡팡복권마트.잡화슈퍼,전북 전주시 덕진구 금암동 460-11,전북,자동,35.834389,127.13328,pension,307,first,1,,2026-04-26T11:24:19.769279,2026-04-26T11:24:19.769279,1
PENSION_STORE_00257,14700035,복권명당황남,경북 경주시 황남동  270-10,경북,,35.82726,129.20978,pension,307,second,2,,2026-04-26T11:24:19.769279,2026-04-26T11:24:19.769279,1
PENSION_STORE_00258,11100296,로또복권방,서울 중구 저동2가  17-1,서울,,37.56495,126.99028,pension,306,second,2,,2026-04-26T11:24:21.583555,2026-04-26T11:24:21.583555,1
PENSION_STORE_00259,11100119,하이로또복권방,서울 중구 신당동  387-60,서울,,37.561139,127.01189,pension,306,second,2,,2026-04-26T11:24:21.583555,2026-04-26T11:24:21.583555,1
PENSION_STORE_00260,11100917,가로판매대제 18 호,서울 중구 회현동2가  123,서울,,37.559439,126.98175,pension,306,second,2,,2026-04-26T11:24:21.583555,2026-04-26T11:24:21.583555,1
PENSION_STORE_00261,21100466,GS25(종로낙원),서울 종로구 낙원동  230,서울,자동,37.572233,126.988586,pension,306,first,1,,2026-04-26T11:24:21.583555,2026-04-26T11:24:21.583555,1
PENSION_STORE_00262,11190201,오목미니슈퍼,서울 양천구 목동  406-316,서울,,37.525069,126.87624,pension,306,second,2,,2026-04-26T11:24:21.583555,2026-04-26T11:24:21.583555,1
PENSION_STORE_00263,21100503,GS25(방이삼형),서울 송파구 방이동  149-13,서울,자동,37.51427,127.115236,pension,306,first,1,,2026-04-26T11:24:21.583555,2026-04-26T11:24:21.583555,1
PENSION_STORE_00264,11190188,미래통신,서울 성동구 성수동2가  275-6 1층,서울,,37.54035,127.06274,pension,306,second,2,,2026-04-26T11:24:21.583555,2026-04-26T11:24:21.583555,1
PENSION_STORE_00265,11100998,토큰박스,서울 서초구 방배동  937-23호,서울,,37.487974,127.00859,pension,306,second,2,,2026-04-26T11:24:21.583555,2026-04-26T11:24:21.583555,1
PENSION_STORE_00266,11100773,스파,서울 노원구 상계동  666 주공 10단지 종합상가 111,서울,자동,37.661671,127.05789,pension,306,first,1,,2026-04-26T11:24:21.583555,2026-04-26T11:24:21.583555,1
PENSION_STORE_00267,11100247,천하명당복권방 독산,서울 금천구 독산본동  989-16,서울,,37.472532,126.90223,pension,306,second,2,,2026-04-26T11:24:21.583555,2026-04-26T11:24:21.583555,1
PENSION_STORE_00268,11101664,가로판매점,서울 금천구 시흥동  889-11,서울,자동,37.452767,126.901651,pension,306,first,1,,2026-04-26T11:24:21.583555,2026-04-26T11:24:21.583555,1
PENSION_STORE_00269,11100075,코사마트,서울 구로구 구로5동  108-2 새솔 금호APT 상가 1-25,서울,,37.500075,126.89055,pension,306,second,2,,2026-04-26T11:24:21.583555,2026-04-26T11:24:21.583555,1
PENSION_STORE_00270,11101475,그랑프리안경,서울 강서구 화곡3동  1007-2,서울,자동,37.547843,126.83538,pension,306,first,1,,2026-04-26T11:24:21.583555,2026-04-26T11:24:21.583555,1
PENSION_STORE_00271,22600063,GS25(화명코아),부산 북구 화명동  2266-3,부산,,35.236162,129.009377,pension,306,second,2,,2026-04-26T11:24:21.583555,2026-04-26T11:24:21.583555,1
PENSION_STORE_00272,12890001,찬스센터,인천 남동구 논현동  562-1 동보프라자 103호,인천,,37.413414,126.71183,pension,306,second,2,,2026-04-26T11:24:21.583555,2026-04-26T11:24:21.583555,1
PENSION_STORE_00273,12810092,포시즌,인천 계양구 작전동  864-24 1층 102,인천,,37.534402,126.73251,pension,306,second,2,,2026-04-26T11:24:21.583555,2026-04-26T11:24:21.583555,1
PENSION_STORE_00274,12910026,노다지터,광주 광산구 월곡동  537-2,광주,,35.168763,126.808758,pension,306,second,2,,2026-04-26T11:24:21.583555,2026-04-26T11:24:21.583555,1
PENSION_STORE_00275,14110334,올인(allin),경기 화성시 향남면  장짐리    273-3,경기,,37.135324,126.91056,pension,306,second,2,,2026-04-26T11:24:21.583555,2026-04-26T11:24:21.583555,1
PENSION_STORE_00276,14100745,다니엘사,경기 안산시 단원구 원곡동 845-1현대빌라가동101호,경기,,37.32648,126.80352,pension,306,second,2,,2026-04-26T11:24:21.583555,2026-04-26T11:24:21.583555,1
PENSION_STORE_00277,14100401,미니슈퍼,경기 수원시 영통구 영통동 영통동 1024-7 영통빌딩 1080,경기,,37.247971,127.07709,pension,306,second,2,,2026-04-26T11:24:21.583555,2026-04-26T11:24:21.583555,1
PENSION_STORE_00278,14100224,베스트24시,경기 수원시 팔달구 매산로1가 매산로1가 11-9 외2필지,경기,,37.268134,127.000299,pension,306,second,2,,2026-04-26T11:24:21.583555,2026-04-26T11:24:21.583555,1
PENSION_STORE_00279,14100682,대박나라 베팅숍,경기 부천시 소사구 송내동 송내동 450-8,경기,,37.479452,126.76548,pension,306,second,2,,2026-04-26T11:24:21.583555,2026-04-26T11:24:21.583555,1
PENSION_STORE_00280,14100298,돼지네 슈퍼,경기 부천시 소사구 소사본동 소사본동 233-30,경기,,37.4707,126.795613,pension,306,second,2,,2026-04-26T11:24:21.583555,2026-04-26T11:24:21.583555,1
PENSION_STORE_00281,14490009,부여복권방,충남 부여군 부여읍 구아리 구아리 196-3,충남,,36.280945,126.91089,pension,306,second,2,,2026-04-26T11:24:21.583555,2026-04-26T11:24:21.583555,1
PENSION_STORE_00282,14500135,로또편의점,전북 전주시 덕진구 인후동1가 인후동1가 920-5 로또편의점내,전북,,35.827091,127.16829,pension,306,second,2,,2026-04-26T11:24:21.583555,2026-04-26T11:24:21.583555,1
PENSION_STORE_00283,14500031,은혜복권방,전북 전주시 완산구 서신동 서신동 796-4,전북,,35.832003,127.113861,pension,306,second,2,,2026-04-26T11:24:21.583555,2026-04-26T11:24:21.583555,1
PENSION_STORE_00284,14890057,은정슈퍼,경남 창원시 가음동  23-1 은정상가 101,경남,,35.207924,128.6946,pension,306,second,2,,2026-04-26T11:24:21.583555,2026-04-26T11:24:21.583555,1
PENSION_STORE_00285,14810092,주연테크컴퓨터,경남 진주시 신안동  449-2,경남,,35.187564,128.070015,pension,306,second,2,,2026-04-26T11:24:21.583555,2026-04-26T11:24:21.583555,1
PENSION_STORE_00286,11100762,해태24시,서울 양천구 신월동  145-1,서울,,37.529917,126.83393,pension,305,second,2,,2026-04-26T11:24:23.411624,2026-04-26T11:24:23.411624,1
PENSION_STORE_00287,11190193,행복수퍼,서울 성북구 삼선동1가  25,서울,,37.591021,127.01114,pension,305,second,2,,2026-04-26T11:24:23.411624,2026-04-26T11:24:23.411624,1
PENSION_STORE_00288,11110700,ACE냉온시스템,서울 동대문구 장안동  108-6,서울,,37.578331,127.06847,pension,305,second,2,,2026-04-26T11:24:23.411624,2026-04-26T11:24:23.411624,1
PENSION_STORE_00289,11100052,대박복권방,서울 도봉구 도봉1동  596-24호,서울,,37.677726,127.04467,pension,305,second,2,,2026-04-26T11:24:23.411624,2026-04-26T11:24:23.411624,1
PENSION_STORE_00290,11110450,로또,서울 금천구 독산동  888-14    1층,서울,,37.476622,126.905628,pension,305,second,2,,2026-04-26T11:24:23.411624,2026-04-26T11:24:23.411624,1
PENSION_STORE_00291,11100880,신문가판,서울 구로구 구로5동  586-5,서울,,37.502218,126.88245,pension,305,second,2,,2026-04-26T11:24:23.411624,2026-04-26T11:24:23.411624,1
PENSION_STORE_00292,11100234,복권방인생,서울 강동구 암사1동  488-34,서울,,37.547491,127.13398,pension,305,second,2,,2026-04-26T11:24:23.411624,2026-04-26T11:24:23.411624,1
PENSION_STORE_00293,11190023,인생역전,서울 강동구 고덕동  533-7 1층,서울,,37.561005,127.15514,pension,305,second,2,,2026-04-26T11:24:23.411624,2026-04-26T11:24:23.411624,1
PENSION_STORE_00294,12600016,노다지복권방,부산 해운대구 반송동  부산 해운대구 반송동 250-893,부산,,35.222874,129.15055,pension,305,second,2,,2026-04-26T11:24:23.411624,2026-04-26T11:24:23.411624,1
PENSION_STORE_00295,12600253,조이풀이삭토스트,부산 동래구 온천동  156-1,부산,,35.220275,129.08639,pension,305,second,2,,2026-04-26T11:24:23.411624,2026-04-26T11:24:23.411624,1
PENSION_STORE_00296,12790015,왕대박복권,대구 달성군 다사읍  죽곡리    129-1,대구,,35.862022,128.46033,pension,305,second,2,,2026-04-26T11:24:23.411624,2026-04-26T11:24:23.411624,1
PENSION_STORE_00297,22700020,GS25(성서이곡),대구 달서구 이곡동  1231-5,대구,,35.856977,128.509878,pension,305,second,2,,2026-04-26T11:24:23.411624,2026-04-26T11:24:23.411624,1
PENSION_STORE_00298,12710032,대박복권,대구 달서구 이곡동  1000-83,대구,,35.849406,128.508998,pension,305,second,2,,2026-04-26T11:24:23.411624,2026-04-26T11:24:23.411624,1
PENSION_STORE_00299,12810122,민들레로또,인천 중구 항동7가  58-54,인천,,37.454592,126.601683,pension,305,second,2,,2026-04-26T11:24:23.411624,2026-04-26T11:24:23.411624,1
PENSION_STORE_00300,12890025,대박천하복권방,인천 부평구 갈산동  367,인천,,37.511576,126.7263,pension,305,second,2,,2026-04-26T11:24:23.411624,2026-04-26T11:24:23.411624,1
PENSION_STORE_00301,12900109,CJSystem,광주 서구 농성동  32-27,광주,,35.155479,126.891816,pension,305,second,2,,2026-04-26T11:24:23.411624,2026-04-26T11:24:23.411624,1
PENSION_STORE_00302,12910073,복권나라 (중흥점),광주 북구 중흥동  369-31,광주,,35.16977,126.91129,pension,305,second,2,,2026-04-26T11:24:23.411624,2026-04-26T11:24:23.411624,1
PENSION_STORE_00303,12900048,동원슈퍼,광주 남구 월산5동  1053-22,광주,자동,35.137066,126.896654,pension,305,first,1,,2026-04-26T11:24:23.411624,2026-04-26T11:24:23.411624,1
PENSION_STORE_00304,12910017,호반복권방,광주 광산구 쌍암동  694-63    117호 더원 24시 편의점,광주,,35.196246,126.83767,pension,305,second,2,,2026-04-26T11:24:23.411624,2026-04-26T11:24:23.411624,1
PENSION_STORE_00305,12900093,더존할인마트,광주 광산구 운남동  782-5더존1빌딩1층,광주,자동,35.177373,126.815169,pension,305,first,1,,2026-04-26T11:24:23.411624,2026-04-26T11:24:23.411624,1
PENSION_STORE_00306,13110010,대박복권방,울산 동구 전하동  626-6,울산,,35.511402,129.42973,pension,305,second,2,,2026-04-26T11:24:23.411624,2026-04-26T11:24:23.411624,1
PENSION_STORE_00307,13100084,로또복권,울산 남구 달동  1284-5,울산,,35.533751,129.33789,pension,305,second,2,,2026-04-26T11:24:23.411624,2026-04-26T11:24:23.411624,1
PENSION_STORE_00308,13100001,천일복권방,울산 남구 달동  879-12 (1층),울산,,35.536812,129.306403,pension,305,second,2,,2026-04-26T11:24:23.411624,2026-04-26T11:24:23.411624,1
PENSION_STORE_00309,14110480,행운복권방,경기 화성시 우정읍 조암리 조암리 290-12  13,경기,,37.1536,126.882821,pension,305,second,2,,2026-04-26T11:24:23.411624,2026-04-26T11:24:23.411624,1
PENSION_STORE_00310,14190038,천하명당복권방,경기 화성시 남양동  1267-5,경기,,37.209915,126.818284,pension,305,second,2,,2026-04-26T11:24:23.411624,2026-04-26T11:24:23.411624,1
PENSION_STORE_00311,14190143,둔전행운복권방,경기 용인시 처인구 포곡면 포곡면 152-17,경기,,37.269235,127.21765,pension,305,second,2,,2026-04-26T11:24:23.411624,2026-04-26T11:24:23.411624,1
PENSION_STORE_00312,14100036,하이로또 복권방,경기 안양시 동안구 관양동 관양동 1406-44,경기,자동,37.404206,126.96018,pension,305,first,1,,2026-04-26T11:24:23.411624,2026-04-26T11:24:23.411624,1
PENSION_STORE_00313,14110438,행운을드리는복권방,경기 안산시 상록구 본오동 본오동 823-12,경기,,37.293797,126.8667,pension,305,second,2,,2026-04-26T11:24:23.411624,2026-04-26T11:24:23.411624,1
PENSION_STORE_00314,14100745,다니엘사,경기 안산시 단원구 원곡동 845-1현대빌라가동101호,경기,,37.32648,126.80352,pension,305,second,2,,2026-04-26T11:24:23.411624,2026-04-26T11:24:23.411624,1
PENSION_STORE_00315,14110404,드림복권방,경기 수원시 권선구 세류동 세류동 459-16,경기,,37.255279,127.01109,pension,305,second,2,,2026-04-26T11:24:23.411624,2026-04-26T11:24:23.411624,1
PENSION_STORE_00316,14100625,매표소,경기 수원시 팔달구 팔달로2가 팔달로2가 68-3,경기,자동,37.277879,127.017111,pension,305,first,1,,2026-04-26T11:24:23.411624,2026-04-26T11:24:23.411624,1
PENSION_STORE_00317,24100319,GS25(분당정자),경기 성남시 분당구 정자동 정자동 128  1층 112 113호,경기,,37.362735,127.113941,pension,305,second,2,,2026-04-26T11:24:23.411624,2026-04-26T11:24:23.411624,1
PENSION_STORE_00318,14110508,로또복권판매,경기 부천시 원미구 중동 중동 1140-3 트리플타워예스24시 B-105,경기,,37.501855,126.775987,pension,305,second,2,,2026-04-26T11:24:23.411624,2026-04-26T11:24:23.411624,1
PENSION_STORE_00319,14190187,행운복권방,경기 김포시 북변동  244-1,경기,,37.69727,126.60158,pension,305,second,2,,2026-04-26T11:24:23.411624,2026-04-26T11:24:23.411624,1
PENSION_STORE_00320,14110016,행복나라,경기 구리시 인창동  703번지 동원아파트상가 103호,경기,,37.60735,127.133263,pension,305,second,2,,2026-04-26T11:24:23.411624,2026-04-26T11:24:23.411624,1
PENSION_STORE_00321,14100328,이전유통,경기 고양시 일산동구 백석동 백석동 1418-9 1층,경기,,37.645781,126.78022,pension,305,second,2,,2026-04-26T11:24:23.411624,2026-04-26T11:24:23.411624,1
PENSION_STORE_00322,14710188,훼미리마트 상도점,경북 포항시 남구 상도동 상도동 662-7,경북,자동,36.013433,129.36416,pension,305,first,1,,2026-04-26T11:24:23.411624,2026-04-26T11:24:23.411624,1
PENSION_STORE_00323,14700010,진양상회,경북 영주시 휴천동  303-21,경북,,36.811228,128.62408,pension,305,second,2,,2026-04-26T11:24:23.411624,2026-04-26T11:24:23.411624,1
PENSION_STORE_00324,14810106,아비오복권방,경남 통영시 무전동  1021-1 주영에이스빌4차상가 104,경남,,34.880012,128.420834,pension,305,second,2,,2026-04-26T11:24:23.411624,2026-04-26T11:24:23.411624,1
PENSION_STORE_00325,21100237,GS25(면목한신),서울 중랑구 면목동  178-30,서울,,37.588386,127.076799,pension,304,second,2,,2026-04-26T11:24:25.203388,2026-04-26T11:24:25.203388,1
PENSION_STORE_00326,11100896,상호,서울 중구 태평로2가  463,서울,,37.564146,126.97725,pension,304,second,2,,2026-04-26T11:24:25.203388,2026-04-26T11:24:25.203388,1
PENSION_STORE_00327,11110513,LG 25시,서울 용산구 보광동  259-1,서울,,37.549994,126.97616,pension,304,second,2,,2026-04-26T11:24:25.203388,2026-04-26T11:24:25.203388,1
PENSION_STORE_00328,11101458,1001안경콘텍트,서울 양천구 신월4동  517-4,서울,수동,37.521081,126.838727,pension,304,first,1,,2026-04-26T11:24:25.203388,2026-04-26T11:24:25.203388,1
PENSION_STORE_00329,11101248,잠실매점,서울 송파구 신천동  7-18호,서울,자동,37.514446,127.100711,pension,304,first,1,,2026-04-26T11:24:25.203388,2026-04-26T11:24:25.203388,1
PENSION_STORE_00330,11101209,종합가로가판점,서울 성북구 종암동  3-1342,서울,,37.60143,127.032694,pension,304,second,2,,2026-04-26T11:24:25.203388,2026-04-26T11:24:25.203388,1
PENSION_STORE_00331,11190007,복권나라,서울 성동구 용답동  14-1 1층,서울,자동,37.564452,127.05385,pension,304,first,1,,2026-04-26T11:24:25.203388,2026-04-26T11:24:25.203388,1
PENSION_STORE_00332,11110341,로또복권,서울 성동구 마장동  771-7,서울,,37.566673,127.043255,pension,304,second,2,,2026-04-26T11:24:25.203388,2026-04-26T11:24:25.203388,1
PENSION_STORE_00333,11110320,말죽거리로또,서울 서초구 양재동  11-26,서울,,37.485024,126.983669,pension,304,second,2,,2026-04-26T11:24:25.203388,2026-04-26T11:24:25.203388,1
PENSION_STORE_00334,11101711,가판,서울 마포구 도화2동  169 고려2 앞가판,서울,수동,37.540684,126.948335,pension,304,first,1,,2026-04-26T11:24:25.203388,2026-04-26T11:24:25.203388,1
PENSION_STORE_00335,21100507,GS25(창동본),서울 도봉구 창동  12 한성빌딩 1층,서울,,37.653065,127.0498,pension,304,second,2,,2026-04-26T11:24:25.203388,2026-04-26T11:24:25.203388,1
PENSION_STORE_00336,11100773,스파,서울 노원구 상계동  666 주공 10단지 종합상가 111,서울,,37.661671,127.05789,pension,304,second,2,,2026-04-26T11:24:25.203388,2026-04-26T11:24:25.203388,1
PENSION_STORE_00337,11101357,지원물산,서울 노원구 공릉동  644-12,서울,,37.619831,127.07812,pension,304,second,2,,2026-04-26T11:24:25.203388,2026-04-26T11:24:25.203388,1
PENSION_STORE_00338,11100023,다모아복권방,서울 구로구 오류동  137-46  1층,서울,자동,37.493301,126.844317,pension,304,first,1,,2026-04-26T11:24:25.203388,2026-04-26T11:24:25.203388,1
PENSION_STORE_00339,11110674,로또복권판매,서울 강북구 미아동  125-34,서울,,37.625,127.027,pension,304,second,2,,2026-04-26T11:24:25.203388,2026-04-26T11:24:25.203388,1
PENSION_STORE_00340,11101658,후레쉬마트,서울 강동구 상일동  431-4,서울,,37.545946,127.17222,pension,304,second,2,,2026-04-26T11:24:25.203388,2026-04-26T11:24:25.203388,1
PENSION_STORE_00341,12600326,셀프카메라,부산 부산진구 개금동  472-23,부산,,35.154545,129.0217,pension,304,second,2,,2026-04-26T11:24:25.203388,2026-04-26T11:24:25.203388,1
PENSION_STORE_00342,22600041,GS25(청룡),부산 금정구 청룡동  633-21,부산,,35.275641,129.086509,pension,304,second,2,,2026-04-26T11:24:25.203388,2026-04-26T11:24:25.203388,1
PENSION_STORE_00343,12700154,대명편의점,대구 서구 평리동  640-18,대구,,35.873765,128.547022,pension,304,second,2,,2026-04-26T11:24:25.203388,2026-04-26T11:24:25.203388,1
PENSION_STORE_00344,12790034,왕대박(복권방),대구 북구 칠성동2가  498-2   1층 전체,대구,,35.877689,128.59616,pension,304,second,2,,2026-04-26T11:24:25.203388,2026-04-26T11:24:25.203388,1
PENSION_STORE_00345,12710133,선마트로또점,대구 달서구 월성동  275-2    105,대구,,35.83155,128.533357,pension,304,second,2,,2026-04-26T11:24:25.203388,2026-04-26T11:24:25.203388,1
PENSION_STORE_00346,12710158,훼미리 25시 상인점,대구 달서구 상인동  1582-3번지,대구,,35.809178,128.551333,pension,304,second,2,,2026-04-26T11:24:25.203388,2026-04-26T11:24:25.203388,1
PENSION_STORE_00347,12700287,성서종합의료기,대구 달서구 이곡동  대구 달서구 이곡동 1191 성서보성화성타운 301동 102-1호,대구,,35.813342,128.521996,pension,304,second,2,,2026-04-26T11:24:25.203388,2026-04-26T11:24:25.203388,1
PENSION_STORE_00348,12800058,가좌사,인천 서구 가좌3동  129-55,인천,,37.493659,126.68061,pension,304,second,2,,2026-04-26T11:24:25.203388,2026-04-26T11:24:25.203388,1
PENSION_STORE_00349,13000125,그린24시변동점,대전 서구 변동  50-4번지,대전,,36.324687,127.37851,pension,304,second,2,,2026-04-26T11:24:25.203388,2026-04-26T11:24:25.203388,1
PENSION_STORE_00350,13190004,천하복권방,울산 동구 전하동  618-8,울산,,35.512426,129.42749,pension,304,second,2,,2026-04-26T11:24:25.203388,2026-04-26T11:24:25.203388,1
PENSION_STORE_00351,24100217,훼미리마트(안산사동),경기 안산시 상록구 사동 사동 1250-5 1층,경기,,37.335635,126.858353,pension,304,second,2,,2026-04-26T11:24:25.203388,2026-04-26T11:24:25.203388,1
PENSION_STORE_00352,14110418,로또 복권,경기 안산시 단원구 고잔동 고잔동 707-3대한법조빌딩130,경기,,37.332242,126.8121,pension,304,second,2,,2026-04-26T11:24:25.203388,2026-04-26T11:24:25.203388,1
PENSION_STORE_00353,14100512,사격장매표소,경기 시흥시 은행동  99-2,경기,,37.438757,126.797196,pension,304,second,2,,2026-04-26T11:24:25.203388,2026-04-26T11:24:25.203388,1
PENSION_STORE_00354,14110008,로또복권방,경기 고양시 일산서구 대화동 대화동 1446-2 현대프라자상가 103호,경기,,37.669142,126.733232,pension,304,second,2,,2026-04-26T11:24:25.203388,2026-04-26T11:24:25.203388,1
PENSION_STORE_00355,24200015,훼미리마트(횡성점),강원 횡성군 횡성읍 읍하리 읍하리 118-1,강원,,37.488861,127.985497,pension,304,second,2,,2026-04-26T11:24:25.203388,2026-04-26T11:24:25.203388,1
PENSION_STORE_00356,14200064,황제슈퍼,강원 강릉시 교동  162-117,강원,,37.75822,128.894022,pension,304,second,2,,2026-04-26T11:24:25.203388,2026-04-26T11:24:25.203388,1
PENSION_STORE_00357,14300023,홍화영농조합충북지사,충북 충주시 교현동  642-1,충북,,36.977453,127.92789,pension,304,second,2,,2026-04-26T11:24:25.203388,2026-04-26T11:24:25.203388,1
PENSION_STORE_00358,14300003,하얀꽃집,충북 옥천군 옥천읍 금구리 금구리 172-8,충북,,36.30117,127.57487,pension,304,second,2,,2026-04-26T11:24:25.203388,2026-04-26T11:24:25.203388,1
PENSION_STORE_00359,14610071,장흥로또,전남 장흥군 장흥읍 건산리 건산리 722-1,전남,수동,34.67984,126.907729,pension,304,first,1,,2026-04-26T11:24:25.203388,2026-04-26T11:24:25.203388,1
PENSION_STORE_00360,14610117,노다지,전남 순천시 조례동  957-11 1층,전남,,34.961075,127.517842,pension,304,second,2,,2026-04-26T11:24:25.203388,2026-04-26T11:24:25.203388,1
PENSION_STORE_00361,24700010,GS25(왜관우방),경북 칠곡군 왜관읍 왜관리 왜관리 774,경북,,35.985344,128.399624,pension,304,second,2,,2026-04-26T11:24:25.203388,2026-04-26T11:24:25.203388,1
PENSION_STORE_00362,14790013,왕대박(도량점),경북 구미시 도량동  561-14   1층,경북,,36.136724,128.329414,pension,304,second,2,,2026-04-26T11:24:25.203388,2026-04-26T11:24:25.203388,1
PENSION_STORE_00363,14890041,훼미리마트함양한주점,경남 함양군 함양읍  용평리 701-20,경남,,35.520867,127.73022,pension,304,second,2,,2026-04-26T11:24:25.203388,2026-04-26T11:24:25.203388,1
PENSION_STORE_00364,14800178,신우운동구,경남 사천시 사천읍 수석리 수석리 231-13,경남,,35.083777,128.087897,pension,304,second,2,,2026-04-26T11:24:25.203388,2026-04-26T11:24:25.203388,1
PENSION_STORE_00365,14800098,세정쇼핑,경남 마산시 내서읍 상곡리 상곡리 16,경남,,35.24357,128.501143,pension,304,second,2,,2026-04-26T11:24:25.203388,2026-04-26T11:24:25.203388,1
PENSION_STORE_00366,14800108,MONEY(편의점),경남 김해시 장유면 대청리 대청리 317-7     110호,경남,,35.192946,128.80329,pension,304,second,2,,2026-04-26T11:24:25.203388,2026-04-26T11:24:25.203388,1
PENSION_STORE_00367,14910040,해피-존 로또,제주 제주시 연동  295-2,제주,,33.48377,126.494129,pension,304,second,2,,2026-04-26T11:24:25.203388,2026-04-26T11:24:25.203388,1
PENSION_STORE_00368,11101040,버스카드판매소,서울 용산구 동자동  43-56,서울,,37.553258,126.972325,pension,303,second,2,,2026-04-26T11:24:26.996312,2026-04-26T11:24:26.996312,1
PENSION_STORE_00369,11110115,로또복권방,서울 양천구 신월동  544-6 1층,서울,자동,37.518496,126.841945,pension,303,first,1,,2026-04-26T11:24:26.996312,2026-04-26T11:24:26.996312,1
PENSION_STORE_00370,11101215,신문가판대,서울 성북구 보문동1가  147-48보문시장앞,서울,자동,37.584089,127.020313,pension,303,first,1,,2026-04-26T11:24:26.996312,2026-04-26T11:24:26.996312,1
PENSION_STORE_00371,11101118,가판점,서울 서대문구 대현동  101-25 신촌농협앞,서울,,37.556947,126.94324,pension,303,second,2,,2026-04-26T11:24:26.996312,2026-04-26T11:24:26.996312,1
PENSION_STORE_00372,11100531,그린슈퍼,서울 동대문구 답십리3동  472-58,서울,,37.578037,127.03868,pension,303,second,2,,2026-04-26T11:24:26.996312,2026-04-26T11:24:26.996312,1
PENSION_STORE_00373,11190044,대박복권방,서울 관악구 신림동  570-1,서울,,37.48231,126.914209,pension,303,second,2,,2026-04-26T11:24:26.996312,2026-04-26T11:24:26.996312,1
PENSION_STORE_00374,11100796,토큰판매점,서울 강북구 미아5동  60-5,서울,,37.613093,127.02984,pension,303,second,2,,2026-04-26T11:24:26.996312,2026-04-26T11:24:26.996312,1
PENSION_STORE_00375,12690020,슈퍼복권나라,부산 부산진구 범천동  845-95,부산,자동,35.165071,129.041241,pension,303,first,1,,2026-04-26T11:24:26.996312,2026-04-26T11:24:26.996312,1
PENSION_STORE_00376,12610124,근대화슈퍼,부산 부산진구 개금동  53-2 개금주공상가 101,부산,,35.159219,129.026978,pension,303,second,2,,2026-04-26T11:24:26.996312,2026-04-26T11:24:26.996312,1
PENSION_STORE_00377,12700215,복권(서문큰장네거리),대구 서구 내당동  1035-33,대구,,35.870479,128.57875,pension,303,second,2,,2026-04-26T11:24:26.996312,2026-04-26T11:24:26.996312,1
PENSION_STORE_00378,12700270,세진전자통신,대구 서구 평리동  1094-4,대구,,35.871898,128.55519,pension,303,second,2,,2026-04-26T11:24:26.996312,2026-04-26T11:24:26.996312,1
PENSION_STORE_00379,12890039,노다지복권방,인천 연수구 동춘동  936-5,인천,,37.407833,126.67202,pension,303,second,2,,2026-04-26T11:24:26.996312,2026-04-26T11:24:26.996312,1
PENSION_STORE_00380,12890008,인생대역전,인천 계양구 임학동  10-10,인천,,37.545486,126.738699,pension,303,second,2,,2026-04-26T11:24:26.996312,2026-04-26T11:24:26.996312,1
PENSION_STORE_00381,12900090,현대슈퍼,광주 서구 쌍촌동  970-24,광주,,35.150524,126.857314,pension,303,second,2,,2026-04-26T11:24:26.996312,2026-04-26T11:24:26.996312,1
PENSION_STORE_00382,12900057,노다지슈퍼,광주 동구 금남로5가  37-6 1층,광주,,35.153496,126.910826,pension,303,second,2,,2026-04-26T11:24:26.996312,2026-04-26T11:24:26.996312,1
PENSION_STORE_00383,14110552,진성복권방,경기 포천시 가산면 마산리 마산리 184-12,경기,자동,37.84762,127.19118,pension,303,first,1,,2026-04-26T11:24:26.996312,2026-04-26T11:24:26.996312,1
PENSION_STORE_00384,14110527,로또복권방,경기 시흥시 대야동  경기 시흥시 대야동 568-2AC빌딩101,경기,,37.447242,126.791812,pension,303,second,2,,2026-04-26T11:24:26.996312,2026-04-26T11:24:26.996312,1
PENSION_STORE_00385,14110059,해뜰날로또복권방,경기 성남시 중원구 하대원동 하대원동 132-5,경기,,37.430099,127.1502,pension,303,second,2,,2026-04-26T11:24:26.996312,2026-04-26T11:24:26.996312,1
PENSION_STORE_00386,14100698,만물전파사,경기 남양주시 화도읍 마석우리 마석우리 271-8,경기,,37.65205,127.30791,pension,303,second,2,,2026-04-26T11:24:26.996312,2026-04-26T11:24:26.996312,1
PENSION_STORE_00387,14190043,대박복권방,경기 고양시 일산동구 장항동 장항동 543-4,경기,,37.644296,126.7635,pension,303,second,2,,2026-04-26T11:24:26.996312,2026-04-26T11:24:26.996312,1
PENSION_STORE_00388,14210065,로또복권,강원 원주시 명륜동  308-1,강원,,37.361582,127.932959,pension,303,second,2,,2026-04-26T11:24:26.996312,2026-04-26T11:24:26.996312,1
PENSION_STORE_00389,14200080,데일리,강원 원주시 우산동  231-1,강원,,37.319852,127.95499,pension,303,second,2,,2026-04-26T11:24:26.996312,2026-04-26T11:24:26.996312,1
PENSION_STORE_00390,14300059,그린24시 신흥점,충북 청주시 상당구 율량동 율량동 738번지,충북,,36.670163,127.490867,pension,303,second,2,,2026-04-26T11:24:26.996312,2026-04-26T11:24:26.996312,1
PENSION_STORE_00391,14400074,드림통신,충남 아산시 권곡동  547-46번지,충남,,36.801379,127.00758,pension,303,second,2,,2026-04-26T11:24:26.996312,2026-04-26T11:24:26.996312,1
PENSION_STORE_00392,14490026,온양종합약국점,충남 아산시 온천동  226-32,충남,,36.784365,127.00091,pension,303,second,2,,2026-04-26T11:24:26.996312,2026-04-26T11:24:26.996312,1
PENSION_STORE_00393,14510011,행운복권방 보생당건강원,전북 익산시 부송동  216-17,전북,수동,35.960347,126.99724,pension,303,first,1,,2026-04-26T11:24:26.996312,2026-04-26T11:24:26.996312,1
PENSION_STORE_00394,14510001,반딧불로또,전북 무주군 무주읍 읍내리 읍내리 249-4,전북,,36.007781,127.663003,pension,303,second,2,,2026-04-26T11:24:26.996312,2026-04-26T11:24:26.996312,1
PENSION_STORE_00395,14500102,전원슈퍼,전북 군산시 나운동  1255-1,전북,,35.958512,126.68815,pension,303,second,2,,2026-04-26T11:24:26.996312,2026-04-26T11:24:26.996312,1
PENSION_STORE_00396,14710025,팬더비디오,경북 포항시 남구 구룡포읍 구룡포읍 777-17,경북,,35.989127,129.551271,pension,303,second,2,,2026-04-26T11:24:26.996312,2026-04-26T11:24:26.996312,1
PENSION_STORE_00397,14710014,행운복권방 황성,경북 경주시 황성동  910-2 황성상가,경북,,35.866955,129.210752,pension,303,second,2,,2026-04-26T11:24:26.996312,2026-04-26T11:24:26.996312,1
PENSION_STORE_00398,14800062,동진슈퍼,경남 창원시 명서동  200-1 부산상가1층 3호,경남,자동,35.242262,128.649247,pension,303,first,1,,2026-04-26T11:24:26.996312,2026-04-26T11:24:26.996312,1
PENSION_STORE_00399,14800098,세정쇼핑,경남 마산시 내서읍 상곡리 상곡리 16,경남,,35.24357,128.501143,pension,303,second,2,,2026-04-26T11:24:26.996312,2026-04-26T11:24:26.996312,1
PENSION_STORE_00400,14800027,천하명당 복권방,경남 거제시 옥포1동  582,경남,,34.891701,128.69484,pension,303,second,2,,2026-04-26T11:24:26.996312,2026-04-26T11:24:26.996312,1
PENSION_STORE_00401,14910018,행운복권방,제주 제주시 외도일동  제주 제주시 외도일동 560-1부영아파트1단지 상가 101호,제주,,33.487662,126.43214,pension,303,second,2,,2026-04-26T11:24:26.996312,2026-04-26T11:24:26.996312,1
PENSION_STORE_00402,14900022,화북슈퍼,제주 제주시 화북1동  1976-5,제주,,33.520699,126.56562,pension,303,second,2,,2026-04-26T11:24:26.996312,2026-04-26T11:24:26.996312,1
PENSION_STORE_00403,11100770,JU-MART복권,서울 중랑구 면목동  17-39,서울,,37.588991,127.097487,pension,302,second,2,,2026-04-26T11:24:28.786697,2026-04-26T11:24:28.786697,1
PENSION_STORE_00404,11100121,행운복권방,서울 중구 신당동  241-5,서울,,37.563599,127.01478,pension,302,second,2,,2026-04-26T11:24:28.786697,2026-04-26T11:24:28.786697,1
PENSION_STORE_00405,11100934,가로대가판점,서울 은평구 대조동  6-5 롯데리아 앞 가판,서울,,37.611426,126.92861,pension,302,second,2,,2026-04-26T11:24:28.786697,2026-04-26T11:24:28.786697,1
PENSION_STORE_00406,11190097,유성복권,서울 송파구 가락동  18-15 1층,서울,,37.501683,127.12469,pension,302,second,2,,2026-04-26T11:24:28.786697,2026-04-26T11:24:28.786697,1
PENSION_STORE_00407,11100608,서울슈퍼,서울 서대문구 남가좌동  338-6,서울,,37.576922,126.924342,pension,302,second,2,,2026-04-26T11:24:28.786697,2026-04-26T11:24:28.786697,1
PENSION_STORE_00408,11100519,효자상회,서울 동대문구 신설동  76-57,서울,,37.576561,127.025377,pension,302,second,2,,2026-04-26T11:24:28.786697,2026-04-26T11:24:28.786697,1
PENSION_STORE_00409,11110283,삼호복권,서울 도봉구 쌍문동  96-43,서울,,37.646775,127.03325,pension,302,second,2,,2026-04-26T11:24:28.786697,2026-04-26T11:24:28.786697,1
PENSION_STORE_00410,11110573,정원복권방,서울 도봉구 창동  655-20   1층,서울,,37.647375,127.03441,pension,302,second,2,,2026-04-26T11:24:28.786697,2026-04-26T11:24:28.786697,1
PENSION_STORE_00411,11110061,동서울산업,서울 광진구 구의동  546-1 보도상앞구두수선대 -18 (광진구청장허가),서울,,37.533909,127.093561,pension,302,second,2,,2026-04-26T11:24:28.786697,2026-04-26T11:24:28.786697,1
PENSION_STORE_00412,11101324,제일약국,서울 강남구 역삼동  829-15,서울,자동,37.494362,127.033492,pension,302,first,1,,2026-04-26T11:24:28.786697,2026-04-26T11:24:28.786697,1
PENSION_STORE_00413,12600218,24시미니슈퍼,부산 수영구 광안2동  158-64   10/3,부산,,35.155287,129.11766,pension,302,second,2,,2026-04-26T11:24:28.786697,2026-04-26T11:24:28.786697,1
PENSION_STORE_00414,12610005,대박,부산 사하구 괴정동  429-4,부산,,35.100451,128.994927,pension,302,second,2,,2026-04-26T11:24:28.786697,2026-04-26T11:24:28.786697,1
PENSION_STORE_00415,12600018,구둘공사,부산 동래구 안락동  633-30 훼미리마트내102,부산,,35.193531,129.099081,pension,302,second,2,,2026-04-26T11:24:28.786697,2026-04-26T11:24:28.786697,1
PENSION_STORE_00416,12600086,돈벼락맞는곳,부산 동구 범일동  833-5,부산,,35.139161,129.05993,pension,302,second,2,,2026-04-26T11:24:28.786697,2026-04-26T11:24:28.786697,1
PENSION_STORE_00417,12600054,부일카서비스,부산 동구 범일동  830-195,부산,,35.140055,129.06305,pension,302,second,2,,2026-04-26T11:24:28.786697,2026-04-26T11:24:28.786697,1
PENSION_STORE_00418,12600054,부일카서비스,부산 동구 범일동  830-195,부산,,35.140055,129.06305,pension,302,second,2,,2026-04-26T11:24:28.786697,2026-04-26T11:24:28.786697,1
PENSION_STORE_00419,12600085,대박챤스복권방,부산 금정구 서2동  302-643,부산,,35.215602,129.10081,pension,302,second,2,,2026-04-26T11:24:28.786697,2026-04-26T11:24:28.786697,1
PENSION_STORE_00420,12700152,거봉마트(원고개시장),대구 서구 평리동  762-1,대구,,35.879259,128.56724,pension,302,second,2,,2026-04-26T11:24:28.786697,2026-04-26T11:24:28.786697,1
PENSION_STORE_00421,22700020,GS25(성서이곡),대구 달서구 이곡동  1231-5,대구,,35.856977,128.509878,pension,302,second,2,,2026-04-26T11:24:28.786697,2026-04-26T11:24:28.786697,1
PENSION_STORE_00422,12710125,로또 봉덕시장 지점,대구 남구 봉덕동  948-63,대구,,35.844329,128.60351,pension,302,second,2,,2026-04-26T11:24:28.786697,2026-04-26T11:24:28.786697,1
PENSION_STORE_00423,12800114,제일슈퍼,인천 연수구 동춘동  937 제일상가112호,인천,,37.408648,126.67081,pension,302,second,2,,2026-04-26T11:24:28.786697,2026-04-26T11:24:28.786697,1
PENSION_STORE_00424,12800164,훼미리대박복권방,인천 서구 가좌동  247-1 102,인천,,37.488894,126.68247,pension,302,second,2,,2026-04-26T11:24:28.786697,2026-04-26T11:24:28.786697,1
PENSION_STORE_00425,12810099,로또,인천 남구 주안동  23-1 영광상가,인천,,37.45619,126.684989,pension,302,second,2,,2026-04-26T11:24:28.786697,2026-04-26T11:24:28.786697,1
PENSION_STORE_00426,12910016,로또복권방,광주 광산구 송정동  258-28 1층 코너,광주,,35.136723,126.79874,pension,302,second,2,,2026-04-26T11:24:28.786697,2026-04-26T11:24:28.786697,1
PENSION_STORE_00427,13000118,논스톱24시편의점,대전 유성구 송강동  208-6번지,대전,,36.429116,127.38351,pension,302,second,2,,2026-04-26T11:24:28.786697,2026-04-26T11:24:28.786697,1
PENSION_STORE_00428,13000026,천하명당복권방 역전,대전 동구 정동  15-23번지,대전,,36.332404,127.43188,pension,302,second,2,,2026-04-26T11:24:28.786697,2026-04-26T11:24:28.786697,1
PENSION_STORE_00429,14190142,주택복권방,경기 용인시 수지구 풍덕천동 풍덕천동 717-3 103호,경기,,37.323882,127.09748,pension,302,second,2,,2026-04-26T11:24:28.786697,2026-04-26T11:24:28.786697,1
PENSION_STORE_00430,14100510,유방매표소,경기 용인시 처인구 유방동 유방동 310-10,경기,,37.25881,127.212921,pension,302,second,2,,2026-04-26T11:24:28.787698,2026-04-26T11:24:28.787698,1
PENSION_STORE_00431,14110272,당첨로또복권,경기 안양시 동안구 호계3동 859-13,경기,,37.362004,126.96251,pension,302,second,2,,2026-04-26T11:24:28.787698,2026-04-26T11:24:28.787698,1
PENSION_STORE_00432,14110652,로또판매점,경기 안산시 상록구 사동 사동 1471-15 102호,경기,,37.28081,126.85186,pension,302,second,2,,2026-04-26T11:24:28.787698,2026-04-26T11:24:28.787698,1
PENSION_STORE_00433,24100326,GS25(안산팔곡),경기 안산시 상록구 본오동 본오동 741-5 1층 101,경기,,37.294894,126.876007,pension,302,second,2,,2026-04-26T11:24:28.787698,2026-04-26T11:24:28.787698,1
PENSION_STORE_00434,14190090,천하명당복권방,경기 수원시 권선구 세류동 세류동 1141-5,경기,,37.248854,127.013041,pension,302,second,2,,2026-04-26T11:24:28.787698,2026-04-26T11:24:28.787698,1
PENSION_STORE_00435,14100022,현대사,경기 성남시 분당구 구미동 구미동 112번지 승지빌딩,경기,수동,37.345601,127.111081,pension,302,first,1,,2026-04-26T11:24:28.787698,2026-04-26T11:24:28.787698,1
PENSION_STORE_00436,14110198,석봉복권방,경기 남양주시 평내동  604  드림코아113,경기,,37.623389,127.151426,pension,302,second,2,,2026-04-26T11:24:28.787698,2026-04-26T11:24:28.787698,1
PENSION_STORE_00437,14190184,금호마트,경기 구리시 수택동  515-6,경기,,37.599023,127.14319,pension,302,second,2,,2026-04-26T11:24:28.787698,2026-04-26T11:24:28.787698,1
PENSION_STORE_00438,14290014,진평양행,강원 강릉시 남문동  7-12,강원,,37.751254,128.89409,pension,302,second,2,,2026-04-26T11:24:28.787698,2026-04-26T11:24:28.787698,1
PENSION_STORE_00439,14310089,로또천국,충북 충주시 칠금동  849 충주공영버스터미널 1층 D-1,충북,,36.981763,127.914587,pension,302,second,2,,2026-04-26T11:24:28.787698,2026-04-26T11:24:28.787698,1
PENSION_STORE_00440,14310005,돼지복권,충북 청주시 흥덕구 개신동 개신동 696번지 매직타워 1층104호,충북,,36.636571,127.482654,pension,302,second,2,,2026-04-26T11:24:28.787698,2026-04-26T11:24:28.787698,1
PENSION_STORE_00441,14390010,황금알복권방,충북 진천군 진천읍 읍내리 읍내리 403-2,충북,,36.990042,127.44531,pension,302,second,2,,2026-04-26T11:24:28.787698,2026-04-26T11:24:28.787698,1
PENSION_STORE_00442,14400071,스크린멀티복권방,충남 천안시 성거면 송남리 송남리13번지 1층,충남,,36.872719,127.20081,pension,302,second,2,,2026-04-26T11:24:28.787698,2026-04-26T11:24:28.787698,1
PENSION_STORE_00443,14610015,일등로또,전남 여수시 여서동  208,전남,,34.73348,127.71947,pension,302,second,2,,2026-04-26T11:24:28.787698,2026-04-26T11:24:28.787698,1
PENSION_STORE_00444,14690001,복권왕국,전남 여수시 신기동  109-7,전남,,34.777222,127.65111,pension,302,second,2,,2026-04-26T11:24:28.787698,2026-04-26T11:24:28.787698,1
PENSION_STORE_00445,14710095,일등복권,경북 칠곡군 동명면 금암리 금암리 231-48,경북,,35.982544,128.55364,pension,302,second,2,,2026-04-26T11:24:28.787698,2026-04-26T11:24:28.787698,1
PENSION_STORE_00446,14890033,노다지(남지점),경남 창녕군 남지읍 남지리 남지리 656-16,경남,,35.388929,128.479897,pension,302,second,2,,2026-04-26T11:24:28.787698,2026-04-26T11:24:28.787698,1
PENSION_STORE_00447,14800084,J마트,경남 진주시 상대동  245-35,경남,,35.182663,128.11356,pension,302,second,2,,2026-04-26T11:24:28.787698,2026-04-26T11:24:28.787698,1
PENSION_STORE_00448,14900011,제주물류,제주 제주시 노형동  2612-7,제주,,33.493112,126.491839,pension,302,second,2,,2026-04-26T11:24:28.787698,2026-04-26T11:24:28.787698,1
PENSION_STORE_00449,11101061,가로판매점,서울 양천구 신월6동  550-5,서울,자동,37.517996,126.842221,pension,301,first,1,,2026-04-26T11:24:30.613683,2026-04-26T11:24:30.613683,1
PENSION_STORE_00450,11190003,교통카드판매소,서울 송파구 송파동  97-39,서울,,37.500688,127.111699,pension,301,second,2,,2026-04-26T11:24:30.613683,2026-04-26T11:24:30.613683,1
PENSION_STORE_00451,11100951,청계로또,서울 성동구 상왕십리동  12-46호,서울,수동,37.570552,127.02583,pension,301,first,1,,2026-04-26T11:24:30.613683,2026-04-26T11:24:30.613683,1
PENSION_STORE_00452,21100254,훼미리마트(왕십리점),서울 성동구 도선동  39-2,서울,,37.557159,127.040136,pension,301,second,2,,2026-04-26T11:24:30.613683,2026-04-26T11:24:30.613683,1
PENSION_STORE_00453,11101007,교통카드,서울 서초구 반포동  723-13,서울,자동,37.508098,127.022252,pension,301,first,1,,2026-04-26T11:24:30.613683,2026-04-26T11:24:30.613683,1
PENSION_STORE_00454,11101548,스타문구,서울 서대문구 냉천동  194,서울,,37.56915,126.963098,pension,301,second,2,,2026-04-26T11:24:30.613683,2026-04-26T11:24:30.613683,1
PENSION_STORE_00455,21100287,훼미리마트(망원역점),서울 마포구 망원동  377-18,서울,,37.556167,126.909581,pension,301,second,2,,2026-04-26T11:24:30.613683,2026-04-26T11:24:30.613683,1
PENSION_STORE_00456,11110577,성경스튜디오,서울 동대문구 청량리동  678   1층,서울,수동,37.583195,127.043833,pension,301,first,1,,2026-04-26T11:24:30.613683,2026-04-26T11:24:30.613683,1
PENSION_STORE_00457,11101340,보성정보통신,서울 동대문구 장안동  464-6,서울,,37.56192,127.0665,pension,301,second,2,,2026-04-26T11:24:30.613683,2026-04-26T11:24:30.613683,1
PENSION_STORE_00458,11100773,스파,서울 노원구 상계동  666 주공 10단지 종합상가 111,서울,,37.661671,127.05789,pension,301,second,2,,2026-04-26T11:24:30.613683,2026-04-26T11:24:30.613683,1
PENSION_STORE_00459,11101365,한국이동통신미래판매,서울 노원구 공릉1동  398-4,서울,,37.62519,127.07262,pension,301,second,2,,2026-04-26T11:24:30.613683,2026-04-26T11:24:30.613683,1
PENSION_STORE_00460,11190156,소리창고,서울 강서구 내발산동  677-10,서울,,37.552887,126.83674,pension,301,second,2,,2026-04-26T11:24:30.613683,2026-04-26T11:24:30.613683,1
PENSION_STORE_00461,11100791,가로판매대,서울 강북구 미아동  71-5 삼성전자앞,서울,,37.621783,127.027559,pension,301,second,2,,2026-04-26T11:24:30.613683,2026-04-26T11:24:30.613683,1
PENSION_STORE_00462,12600117,은경슈퍼,부산 사하구 다대동  920-7,부산,,35.057299,128.970547,pension,301,second,2,,2026-04-26T11:24:30.613683,2026-04-26T11:24:30.613683,1
PENSION_STORE_00463,12600257,복권1번,부산 부산진구 부전동  573-1 대현지하상가,부산,,35.155708,129.05793,pension,301,second,2,,2026-04-26T11:24:30.613683,2026-04-26T11:24:30.613683,1
PENSION_STORE_00464,22700102,GS25(대백),대구 중구 공평동  59-4,대구,,35.868534,128.597927,pension,301,second,2,,2026-04-26T11:24:30.613683,2026-04-26T11:24:30.613683,1
PENSION_STORE_00465,12700171,토큰박스 서문시장,대구 중구 대신동  278-2,대구,,35.867807,128.582064,pension,301,second,2,,2026-04-26T11:24:30.613683,2026-04-26T11:24:30.613683,1
PENSION_STORE_00466,12790060,대박베팅샾,대구 수성구 수성동4가  1017-32,대구,,35.861348,128.618022,pension,301,second,2,,2026-04-26T11:24:30.613683,2026-04-26T11:24:30.613683,1
PENSION_STORE_00467,12700083,복권코리아,대구 달서구 본동  1031,대구,,35.83414,128.53692,pension,301,second,2,,2026-04-26T11:24:30.613683,2026-04-26T11:24:30.613683,1
PENSION_STORE_00468,12710134,코리아로또(이곡점),대구 달서구 이곡동  1356-12,대구,,35.84247,128.48786,pension,301,second,2,,2026-04-26T11:24:30.613683,2026-04-26T11:24:30.613683,1
PENSION_STORE_00469,22700013,GS25(대구교대),대구 남구 대명동  2007-6,대구,,35.852573,128.590902,pension,301,second,2,,2026-04-26T11:24:30.613683,2026-04-26T11:24:30.613683,1
PENSION_STORE_00470,12800251,운수대통 복권방,인천 서구 석남동  512-6,인천,,37.509536,126.672241,pension,301,second,2,,2026-04-26T11:24:30.613683,2026-04-26T11:24:30.613683,1
PENSION_STORE_00471,12810169,대동복권,인천 서구 마전동  584-1,인천,,37.5949,126.672557,pension,301,second,2,,2026-04-26T11:24:30.613683,2026-04-26T11:24:30.613683,1
PENSION_STORE_00472,12800128,24시 슈퍼,인천 부평구 십정동  279-3,인천,,37.476189,126.69539,pension,301,second,2,,2026-04-26T11:24:30.613683,2026-04-26T11:24:30.613683,1
PENSION_STORE_00473,12890020,복권천국,인천 남동구 간석동  342-6,인천,,37.460218,126.70505,pension,301,second,2,,2026-04-26T11:24:30.613683,2026-04-26T11:24:30.613683,1
PENSION_STORE_00474,12900125,천국열쇠,광주 북구 운암동  1040-3,광주,,35.182484,126.87204,pension,301,second,2,,2026-04-26T11:24:30.613683,2026-04-26T11:24:30.613683,1
PENSION_STORE_00475,13000076,삼성소비자슈퍼,대전 중구 선화동  201-6번지,대전,,36.334327,127.41397,pension,301,second,2,,2026-04-26T11:24:30.613683,2026-04-26T11:24:30.613683,1
PENSION_STORE_00476,13090021,돈돈복권방,대전 서구 괴정동  7-8,대전,,36.342236,127.38582,pension,301,second,2,,2026-04-26T11:24:30.613683,2026-04-26T11:24:30.613683,1
PENSION_STORE_00477,14110557,로또왕대박,경기 화성시 봉담읍 와우리 와우리 59-1,경기,자동,37.215842,126.97665,pension,301,first,1,,2026-04-26T11:24:30.613683,2026-04-26T11:24:30.613683,1
PENSION_STORE_00478,14110319,까치복권점,경기 평택시 비전동  821-3,경기,,36.996092,127.105514,pension,301,second,2,,2026-04-26T11:24:30.613683,2026-04-26T11:24:30.613683,1
PENSION_STORE_00479,14100365,명진슈퍼,경기 의왕시 고천동  295-26,경기,,37.349232,126.974398,pension,301,second,2,,2026-04-26T11:24:30.613683,2026-04-26T11:24:30.613683,1
PENSION_STORE_00480,24100268,GS25(수지수석),경기 용인시 수지구 풍덕천동 풍덕천동 1080-1 수석프라자 103호,경기,,37.321805,127.094073,pension,301,second,2,,2026-04-26T11:24:30.613683,2026-04-26T11:24:30.613683,1
PENSION_STORE_00481,14100585,가판대,경기 안양시 만안구 안양동 안양동 456-2,경기,,37.392699,126.925982,pension,301,second,2,,2026-04-26T11:24:30.613683,2026-04-26T11:24:30.613683,1
PENSION_STORE_00482,14110265,버스표 가판대,경기 안양시 동안구 비산동 비산동 1101-4,경기,,37.396081,126.95052,pension,301,second,2,,2026-04-26T11:24:30.613683,2026-04-26T11:24:30.613683,1
PENSION_STORE_00483,14190119,복권명당,경기 안산시 상록구 건건동 건건동 646-3,경기,,37.305021,126.90202,pension,301,second,2,,2026-04-26T11:24:30.613683,2026-04-26T11:24:30.613683,1
PENSION_STORE_00484,14110431,로또24시편의점,경기 안산시 단원구 선부동 선부동 1142-2 1층101,경기,,37.343466,126.81496,pension,301,second,2,,2026-04-26T11:24:30.613683,2026-04-26T11:24:30.613683,1
PENSION_STORE_00485,14190102,종합복권슈퍼,경기 시흥시 정왕동  1735-2 정일빌딩 104,경기,,37.345744,126.73558,pension,301,second,2,,2026-04-26T11:24:30.613683,2026-04-26T11:24:30.613683,1
PENSION_STORE_00486,24100048,GS25(구리수택),경기 구리시 수택동  374-22,경기,,37.599731,127.138168,pension,301,second,2,,2026-04-26T11:24:30.613683,2026-04-26T11:24:30.613683,1
PENSION_STORE_00487,14110576,로또,경기 광명시 철산동  도덕파크상가 405,경기,,37.480661,126.858577,pension,301,second,2,,2026-04-26T11:24:30.613683,2026-04-26T11:24:30.613683,1
PENSION_STORE_00488,14100731,수호텔레콤,경기 고양시 덕양구 고양동 고양동 227,경기,,37.702858,126.901664,pension,301,second,2,,2026-04-26T11:24:30.613683,2026-04-26T11:24:30.613683,1
PENSION_STORE_00489,14210063,복권방,강원 원주시 관설동  1702-1,강원,자동,37.318775,127.965,pension,301,first,1,,2026-04-26T11:24:30.613683,2026-04-26T11:24:30.613683,1
PENSION_STORE_00490,14290039,영월복권나라,강원 영월군 영월읍 하송리 하송리 1-5,강원,,37.18399,128.465948,pension,301,second,2,,2026-04-26T11:24:30.613683,2026-04-26T11:24:30.613683,1
PENSION_STORE_00491,14310084,복권나라,충북 청주시 상당구 율량동 율량동 882-1,충북,,36.668504,127.488233,pension,301,second,2,,2026-04-26T11:24:30.613683,2026-04-26T11:24:30.613683,1
PENSION_STORE_00492,14310034,오창 중앙복권,충북 청원군 오창읍 양청리 양청리 793-5     204호,충북,,36.715075,127.428939,pension,301,second,2,,2026-04-26T11:24:30.613683,2026-04-26T11:24:30.613683,1
PENSION_STORE_00493,14410029,로또복권,충남 연기군 조치원읍 원리 원리 10-25,충남,,36.601421,127.29719,pension,301,second,2,,2026-04-26T11:24:30.613683,2026-04-26T11:24:30.613683,1
PENSION_STORE_00494,14500058,떳다복권방,전북 군산시 나운동  739-22,전북,,35.971952,126.73794,pension,301,second,2,,2026-04-26T11:24:30.613683,2026-04-26T11:24:30.613683,1
PENSION_STORE_00495,14610101,로또드림나라,전남 해남군 해남읍 구교리 구교리 397,전남,,34.565203,126.60972,pension,301,second,2,,2026-04-26T11:24:30.613683,2026-04-26T11:24:30.613683,1
PENSION_STORE_00496,14610047,로또복권 초당판매점,전남 무안군 무안읍 성남리 성남리 88-1,전남,,34.987848,126.474237,pension,301,second,2,,2026-04-26T11:24:30.613683,2026-04-26T11:24:30.613683,1
PENSION_STORE_00497,14610110,대박복권나라,전남 목포시 호남동  524 우성마트(내),전남,,34.790444,126.389931,pension,301,second,2,,2026-04-26T11:24:30.613683,2026-04-26T11:24:30.613683,1
PENSION_STORE_00498,14710024,로또복권풍각점,경북 청도군 청도읍 고수리 고수리 827,경북,,35.642852,128.74504,pension,301,second,2,,2026-04-26T11:24:30.614683,2026-04-26T11:24:30.614683,1
PENSION_STORE_00499,14710022,영덕로또복권,경북 영덕군 영덕읍 덕곡리 덕곡리 312-1,경북,,36.413038,129.37065,pension,301,second,2,,2026-04-26T11:24:30.614683,2026-04-26T11:24:30.614683,1
PENSION_STORE_00500,14890037,복권명당창원대원점,경남 창원시 대원동  35-2,경남,,35.23182,128.65057,pension,301,second,2,,2026-04-26T11:24:30.614683,2026-04-26T11:24:30.614683,1
PENSION_STORE_00501,14800081,덕산24시슈퍼,경남 진해시 덕산동  79-10,경남,,35.144205,128.70132,pension,301,second,2,,2026-04-26T11:24:30.614683,2026-04-26T11:24:30.614683,1
PENSION_STORE_00502,24800023,GS25(양산문성),경남 양산시 웅상읍 평산리 평산리 31-5,경남,자동,35.384815,129.155072,pension,301,first,1,,2026-04-26T11:24:30.614683,2026-04-26T11:24:30.614683,1
PENSION_STORE_00503,11110375,대박로또,서울 영등포구 영등포동2가  331,서울,,37.519872,126.91064,pension,300,second,2,,2026-04-26T11:24:32.450146,2026-04-26T11:24:32.450146,1
PENSION_STORE_00504,11100219,뉴현대칼라,서울 동작구 노량진동  60-18,서울,,37.502824,126.935341,pension,300,second,2,,2026-04-26T11:24:32.450146,2026-04-26T11:24:32.450146,1
PENSION_STORE_00505,11100128,복권방,서울 구로구 구로동  409-80 1층,서울,,37.493925,126.882589,pension,300,second,2,,2026-04-26T11:24:32.450146,2026-04-26T11:24:32.450146,1
PENSION_STORE_00506,11110233,로또복권판매소,서울 구로구 구로동  685-155 구일프라자 GS25,서울,자동,37.48446,126.888424,pension,300,first,1,,2026-04-26T11:24:32.450146,2026-04-26T11:24:32.450146,1
PENSION_STORE_00507,11100260,복권방,서울 광진구 구의1동  246-70,서울,,37.537781,127.08546,pension,300,second,2,,2026-04-26T11:24:32.450146,2026-04-26T11:24:32.450146,1
PENSION_STORE_00508,11100243,로또담배,서울 관악구 신림7동  667-144,서울,,37.462735,126.91921,pension,300,second,2,,2026-04-26T11:24:32.450146,2026-04-26T11:24:32.450146,1
PENSION_STORE_00509,11100498,현대마트,서울 강서구 염창동  282-22,서울,,37.547352,126.87697,pension,300,second,2,,2026-04-26T11:24:32.450146,2026-04-26T11:24:32.450146,1
PENSION_STORE_00510,12600054,부일카서비스,부산 동구 범일동  830-195,부산,자동,35.140055,129.06305,pension,300,first,1,,2026-04-26T11:24:32.450146,2026-04-26T11:24:32.450146,1
PENSION_STORE_00511,12600205,현아상회,부산 남구 용호동  371-13,부산,,35.119705,129.1128,pension,300,second,2,,2026-04-26T11:24:32.450146,2026-04-26T11:24:32.450146,1
PENSION_STORE_00512,12710065,로또복권신매체인점,대구 수성구 신매동  567-58  1층,대구,수동,35.839539,128.7105,pension,300,first,1,,2026-04-26T11:24:32.450146,2026-04-26T11:24:32.450146,1
PENSION_STORE_00513,12790040,복권명당(서변점),대구 북구 서변동  1739-12,대구,,35.92388,128.59655,pension,300,second,2,,2026-04-26T11:24:32.450146,2026-04-26T11:24:32.450146,1
PENSION_STORE_00514,12710017,로또복권,대구 동구 입석동  1006-19,대구,자동,35.890433,128.64296,pension,300,first,1,,2026-04-26T11:24:32.450146,2026-04-26T11:24:32.450146,1
PENSION_STORE_00515,12710129,쿨복권방,대구 달서구 본리동  1-10번지,대구,수동,35.842204,128.53619,pension,300,first,1,,2026-04-26T11:24:32.450146,2026-04-26T11:24:32.450146,1
PENSION_STORE_00516,12790012,인생역전,대구 달서구 대곡동  8-1,대구,,35.808096,128.510395,pension,300,second,2,,2026-04-26T11:24:32.450146,2026-04-26T11:24:32.450146,1
PENSION_STORE_00517,12990026,운천점(복권나라),광주 서구 쌍촌동  876-14  1층,광주,,35.146321,126.85664,pension,300,second,2,,2026-04-26T11:24:32.450146,2026-04-26T11:24:32.450146,1
PENSION_STORE_00518,12990025,풍향동복권나라,광주 북구 풍향동  581-15  1층,광주,자동,35.16276,126.92807,pension,300,first,1,,2026-04-26T11:24:32.450146,2026-04-26T11:24:32.450146,1
PENSION_STORE_00519,13190010,엑스트라비디오복권방,울산 북구 신천동  335-6,울산,,35.596868,129.366961,pension,300,second,2,,2026-04-26T11:24:32.450146,2026-04-26T11:24:32.450146,1
PENSION_STORE_00520,13110085,울트라복권방,울산 남구 삼산동  192-1,울산,,35.523354,129.330644,pension,300,second,2,,2026-04-26T11:24:32.450146,2026-04-26T11:24:32.450146,1
PENSION_STORE_00521,14110557,로또왕대박,경기 화성시 봉담읍 와우리 와우리 59-1,경기,,37.215842,126.97665,pension,300,second,2,,2026-04-26T11:24:32.450146,2026-04-26T11:24:32.450146,1
PENSION_STORE_00522,14110329,복권나라,경기 포천시 소흘읍 이가팔리 이가팔리 309-1,경기,,37.826891,127.15272,pension,300,second,2,,2026-04-26T11:24:32.450146,2026-04-26T11:24:32.450146,1
PENSION_STORE_00523,14110148,25시로또,경기 평택시 용이동  84-1,경기,,36.994582,127.139293,pension,300,second,2,,2026-04-26T11:24:32.450146,2026-04-26T11:24:32.450146,1
PENSION_STORE_00524,14110300,로또복권,경기 의정부시 장암동  20-9,경기,,37.726332,127.054546,pension,300,second,2,,2026-04-26T11:24:32.450146,2026-04-26T11:24:32.450146,1
PENSION_STORE_00525,14110113,행운방,경기 용인시 기흥구 보정동 1804-4엔림프라자101호,경기,자동,37.320751,127.115089,pension,300,first,1,,2026-04-26T11:24:32.450146,2026-04-26T11:24:32.450146,1
PENSION_STORE_00526,14190143,둔전행운복권방,경기 용인시 처인구 포곡면 포곡면 152-17,경기,,37.269235,127.21765,pension,300,second,2,,2026-04-26T11:24:32.450146,2026-04-26T11:24:32.450146,1
PENSION_STORE_00527,14190001,천하명당복권방,경기 안성시 영동  428,경기,,37.0066,127.27375,pension,300,second,2,,2026-04-26T11:24:32.450146,2026-04-26T11:24:32.450146,1
PENSION_STORE_00528,24100104,GS25(안산산호),경기 안산시 단원구 선부동 1081산호한양상가101호,경기,,37.336678,126.813262,pension,300,second,2,,2026-04-26T11:24:32.450146,2026-04-26T11:24:32.450146,1
PENSION_STORE_00529,14110241,일록로또복권방,경기 수원시 장안구 파장동 파장동 581-4,경기,수동,37.306055,126.993158,pension,300,first,1,,2026-04-26T11:24:32.450146,2026-04-26T11:24:32.450146,1
PENSION_STORE_00530,14110241,일록로또복권방,경기 수원시 장안구 파장동 파장동 581-4,경기,수동,37.306055,126.993158,pension,300,first,1,,2026-04-26T11:24:32.450146,2026-04-26T11:24:32.450146,1
PENSION_STORE_00531,14110047,썬마트서현점,경기 성남시 분당구 서현동 서현동 269-1  126호,경기,,37.384686,127.122343,pension,300,second,2,,2026-04-26T11:24:32.450146,2026-04-26T11:24:32.450146,1
PENSION_STORE_00532,24100050,GS25(구리하나),경기 구리시 토평동  964-6,경기,,37.590985,127.146236,pension,300,second,2,,2026-04-26T11:24:32.450146,2026-04-26T11:24:32.450146,1
PENSION_STORE_00533,14190180,오렌지25,경기 고양시 일산서구 일산동 일산동 555-1 양우에이스스타디움109,경기,자동,37.685302,126.77718,pension,300,first,1,,2026-04-26T11:24:32.450146,2026-04-26T11:24:32.450146,1
PENSION_STORE_00534,14210044,엔젤로또,강원 춘천시 우두동  1067-1,강원,,37.905205,127.738606,pension,300,second,2,,2026-04-26T11:24:32.450146,2026-04-26T11:24:32.450146,1
PENSION_STORE_00535,14310013,대박로또복권방,충북 청주시 흥덕구 봉명동 봉명동 1825,충북,,36.643232,127.46223,pension,300,second,2,,2026-04-26T11:24:32.450146,2026-04-26T11:24:32.450146,1
PENSION_STORE_00536,14310035,왕대박복권방,충북 청원군 오창면 장대리 장대리 305,충북,,36.741097,127.453437,pension,300,second,2,,2026-04-26T11:24:32.450146,2026-04-26T11:24:32.450146,1
PENSION_STORE_00537,14310076,로또명당 청원점,충북 청원군 옥산면 장남리 장남리 284-16,충북,,36.708596,127.414214,pension,300,second,2,,2026-04-26T11:24:32.450146,2026-04-26T11:24:32.450146,1
PENSION_STORE_00538,14390025,영화마을복권,충북 제천시 청전동  638,충북,,37.152014,128.216286,pension,300,second,2,,2026-04-26T11:24:32.450146,2026-04-26T11:24:32.450146,1
PENSION_STORE_00539,14410023,작은신부,충남 서산시 대산읍 대산리 대산리 133-31,충남,,36.936096,126.43599,pension,300,second,2,,2026-04-26T11:24:32.450146,2026-04-26T11:24:32.450146,1
PENSION_STORE_00540,14410073,로또명당 금산점,충남 금산군 군북면 외부리 외부리 718,충남,,36.15266,127.496628,pension,300,second,2,,2026-04-26T11:24:32.450146,2026-04-26T11:24:32.450146,1
PENSION_STORE_00541,14510019,하나복권방,전북 익산시 창인동1가  97,전북,,35.941454,126.949091,pension,300,second,2,,2026-04-26T11:24:32.450146,2026-04-26T11:24:32.450146,1
PENSION_STORE_00542,14500066,명중복권방,전북 익산시 황등면 황등리 전북 익산시 황등면 황등리 906-121,전북,,35.947903,126.94502,pension,300,second,2,,2026-04-26T11:24:32.450146,2026-04-26T11:24:32.450146,1
PENSION_STORE_00543,14610112,꿈동산복권방,전남 목포시 산정동  1082-2,전남,,34.793894,126.393445,pension,300,second,2,,2026-04-26T11:24:32.450146,2026-04-26T11:24:32.450146,1
PENSION_STORE_00544,14700119,로터리편의마트,경북 포항시 북구 덕산동 243-9,경북,,36.040751,129.36724,pension,300,second,2,,2026-04-26T11:24:32.450146,2026-04-26T11:24:32.450146,1
PENSION_STORE_00545,14890041,훼미리마트함양한주점,경남 함양군 함양읍  용평리 701-20,경남,자동,35.520867,127.73022,pension,300,first,1,,2026-04-26T11:24:32.450146,2026-04-26T11:24:32.450146,1
PENSION_STORE_00546,14800136,세림마트,경남 마산시 내서읍 호계리 호계리 293-10,경남,,35.252499,128.51942,pension,300,second,2,,2026-04-26T11:24:32.450146,2026-04-26T11:24:32.450146,1
PENSION_STORE_00547,14810047,시네마천국,경남 거창군 거창읍 상림리 상림리 17-1,경남,,35.689496,127.90948,pension,300,second,2,,2026-04-26T11:24:32.450146,2026-04-26T11:24:32.450146,1
PENSION_STORE_00548,14800027,천하명당 복권방,경남 거제시 옥포1동  582,경남,자동,34.891701,128.69484,pension,300,first,1,,2026-04-26T11:24:32.450146,2026-04-26T11:24:32.450146,1
PENSION_STORE_00549,11100049,복권나라,서울 중구 남대문로5가  12-5,서울,자동,37.558619,126.974996,pension,299,first,1,,2026-04-26T11:24:34.275343,2026-04-26T11:24:34.275343,1
PENSION_STORE_00550,11101310,하나클릭,서울 종로구 청진동  1번지   1층,서울,,37.572238,126.980327,pension,299,second,2,,2026-04-26T11:24:34.275343,2026-04-26T11:24:34.275343,1
PENSION_STORE_00551,11190212,하이25시,서울 은평구 역촌동  센터폴리스 1층 107호 85-12,서울,,37.600099,126.91556,pension,299,second,2,,2026-04-26T11:24:34.275343,2026-04-26T11:24:34.275343,1
PENSION_STORE_00552,11101063,까치복권방,서울 양천구 신월동  64-4  1층,서울,,37.539954,126.83334,pension,299,second,2,,2026-04-26T11:24:34.275343,2026-04-26T11:24:34.275343,1
PENSION_STORE_00553,11110724,-,서울 송파구 오금동  3-1  2호,서울,,37.504388,127.142984,pension,299,second,2,,2026-04-26T11:24:34.275343,2026-04-26T11:24:34.275343,1
PENSION_STORE_00554,11100981,가판점,서울 서초구 서초동  1602-2,서울,,37.485101,127.014967,pension,299,second,2,,2026-04-26T11:24:34.275343,2026-04-26T11:24:34.275343,1
PENSION_STORE_00555,11101692,천하명당복권방,서울 동작구 사당동  1031-1,서울,,37.479813,126.980957,pension,299,second,2,,2026-04-26T11:24:34.275343,2026-04-26T11:24:34.275343,1
PENSION_STORE_00556,11101437,컴텔정보통신,서울 도봉구 쌍문2동  49-1호,서울,자동,37.657374,127.037925,pension,299,first,1,,2026-04-26T11:24:34.275343,2026-04-26T11:24:34.275343,1
PENSION_STORE_00557,11101179,-,서울 금천구 독산3동  876-2,서울,,37.479838,126.90521,pension,299,second,2,,2026-04-26T11:24:34.275343,2026-04-26T11:24:34.275343,1
PENSION_STORE_00558,21100125,GS25(신림역),서울 관악구 신림동  1422-38번지,서울,,37.484554,126.930264,pension,299,second,2,,2026-04-26T11:24:34.275343,2026-04-26T11:24:34.275343,1
PENSION_STORE_00559,11110034,대박복권,서울 강서구 등촌동  674-1 미니스톱내발산역점(내),서울,자동,37.559283,126.838848,pension,299,first,1,,2026-04-26T11:24:34.275343,2026-04-26T11:24:34.275343,1
PENSION_STORE_00560,11100792,교통카드판매소,서울 강북구 수유동  191-14,서울,,37.638637,127.02589,pension,299,second,2,,2026-04-26T11:24:34.275343,2026-04-26T11:24:34.275343,1
PENSION_STORE_00561,11101170,베네시티앞 가판,서울 강동구 천호2동  425-71 화랑부페앞,서울,,37.540555,127.12497,pension,299,second,2,,2026-04-26T11:24:34.275343,2026-04-26T11:24:34.275343,1
PENSION_STORE_00562,11100647,대창,서울 강동구 명일동  341-5 1층,서울,,37.546646,127.14615,pension,299,second,2,,2026-04-26T11:24:34.275343,2026-04-26T11:24:34.275343,1
PENSION_STORE_00563,12600213,왕신편의점,부산 서구 토성동4가  28-6,부산,,35.09677,129.023113,pension,299,second,2,,2026-04-26T11:24:34.275343,2026-04-26T11:24:34.275343,1
PENSION_STORE_00564,12600095,삼월쇼핑,부산 부산진구 부전동  502-29,부산,자동,35.157333,129.0574,pension,299,first,1,,2026-04-26T11:24:34.275343,2026-04-26T11:24:34.275343,1
PENSION_STORE_00565,22700004,㈜ Cspace 범물청구점,대구 수성구 범물동  1277-11,대구,,35.820741,128.642388,pension,299,second,2,,2026-04-26T11:24:34.275343,2026-04-26T11:24:34.275343,1
PENSION_STORE_00566,12810018,한양로또복권판매점,인천 연수구 동춘동  932 한양2차상가101호한양슈퍼내,인천,,37.405432,126.67253,pension,299,second,2,,2026-04-26T11:24:34.275343,2026-04-26T11:24:34.275343,1
PENSION_STORE_00567,12910053,로또봉선쌍용점,광주 남구 봉선동  111-4,광주,,35.142217,126.888072,pension,299,second,2,,2026-04-26T11:24:34.275343,2026-04-26T11:24:34.275343,1
PENSION_STORE_00568,13000161,대광광고사,대전 유성구 송강동  195-17번지,대전,,36.433846,127.38505,pension,299,second,2,,2026-04-26T11:24:34.275343,2026-04-26T11:24:34.275343,1
PENSION_STORE_00569,13090026,천복권방,대전 대덕구 오정동  64-25,대전,,36.358775,127.414464,pension,299,second,2,,2026-04-26T11:24:34.275343,2026-04-26T11:24:34.275343,1
PENSION_STORE_00570,13110017,남부복권방,울산 울주군 범서읍 천상리 천상리 328-3,울산,,35.563148,129.22815,pension,299,second,2,,2026-04-26T11:24:34.275343,2026-04-26T11:24:34.275343,1
PENSION_STORE_00571,14100755,오 책과 만화마을,경기 의정부시 녹양동  83-60,경기,,37.73464,127.08008,pension,299,second,2,,2026-04-26T11:24:34.275343,2026-04-26T11:24:34.275343,1
PENSION_STORE_00572,14110533,신안OB(로또복권),경기 안양시 만안구 박달동 박달동 156-2  1층 미니스톱,경기,,37.401643,126.900854,pension,299,second,2,,2026-04-26T11:24:34.275343,2026-04-26T11:24:34.275343,1
PENSION_STORE_00573,14100745,다니엘사,경기 안산시 단원구 원곡동 845-1현대빌라가동101호,경기,수동,37.32648,126.80352,pension,299,first,1,,2026-04-26T11:24:34.275343,2026-04-26T11:24:34.275343,1
PENSION_STORE_00574,14100768,웅진코웨이,경기 수원시 팔달구 인계동 인계동 1045 동수원 홈플러스 내 1층,경기,자동,37.259116,127.04469,pension,299,first,1,,2026-04-26T11:24:34.275343,2026-04-26T11:24:34.275343,1
PENSION_STORE_00575,14190032,삼성복권방,경기 동두천시 생연동  686-17,경기,자동,37.902219,127.05367,pension,299,first,1,,2026-04-26T11:24:34.275343,2026-04-26T11:24:34.275343,1
PENSION_STORE_00576,14110212,대박복권방,경기 남양주시 화도읍 마석우리 마석우리 마석지구41-1블럭중흥프라자101호,경기,,37.657296,127.30328,pension,299,second,2,,2026-04-26T11:24:34.275343,2026-04-26T11:24:34.275343,1
PENSION_STORE_00577,24200023,훼미리마트(강릉신성),강원 강릉시 옥천동  278-1,강원,,37.755578,128.894083,pension,299,second,2,,2026-04-26T11:24:34.275343,2026-04-26T11:24:34.275343,1
PENSION_STORE_00578,14390015,천하제일 복권방,충북 청주시 흥덕구 모충동 모충동 446-35 삼호상가1-105,충북,,36.627509,127.47575,pension,299,second,2,,2026-04-26T11:24:34.275343,2026-04-26T11:24:34.275343,1
PENSION_STORE_00579,14400013,천하명당 복권방,충남 홍성군 홍성읍 오관리 오관리 321-4번지,충남,,36.60073,126.66948,pension,299,second,2,,2026-04-26T11:24:34.275343,2026-04-26T11:24:34.275343,1
PENSION_STORE_00580,24400004,GS25(천안역),충남 천안시 대흥동  충남 천안 동남구 대흥동 96-1,충남,,36.809114,127.148336,pension,299,second,2,,2026-04-26T11:24:34.275343,2026-04-26T11:24:34.275343,1
PENSION_STORE_00581,14500124,자수정슈퍼,전북 전주시 완산구 효자동1가 효자동1가 195-19,전북,,35.805731,127.126932,pension,299,second,2,,2026-04-26T11:24:34.275343,2026-04-26T11:24:34.275343,1
PENSION_STORE_00582,14790012,복권방,경북 고령군 고령읍 헌문리 헌문리 205-3,경북,,35.729804,128.2696,pension,299,second,2,,2026-04-26T11:24:34.275343,2026-04-26T11:24:34.275343,1
PENSION_STORE_00583,14810076,완월로또,경남 마산시 완월동  217-3,경남,,35.197358,128.56186,pension,299,second,2,,2026-04-26T11:24:34.275343,2026-04-26T11:24:34.275343,1
PENSION_STORE_00584,14910031,한라점,제주 제주시 노형동  2519-14 훼밀리마트대화점,제주,,33.482131,126.473745,pension,299,second,2,,2026-04-26T11:24:34.275343,2026-04-26T11:24:34.275343,1
PENSION_STORE_00585,11100893,가판점80호,서울 중구 을지로4가  310-68,서울,,37.566122,126.995557,pension,298,second,2,,2026-04-26T11:24:36.069300,2026-04-26T11:24:36.069300,1
PENSION_STORE_00586,11110093,-,서울 서초구 방배동  812-23,서울,,37.490926,126.990878,pension,298,second,2,,2026-04-26T11:24:36.069300,2026-04-26T11:24:36.069300,1
PENSION_STORE_00587,11100375,행운,서울 노원구 공릉동  240-20,서울,,37.622485,127.079976,pension,298,second,2,,2026-04-26T11:24:36.069300,2026-04-26T11:24:36.069300,1
PENSION_STORE_00588,11110076,복권소매,서울 금천구 독산동  146-10 삼광연립수마트내 나-101,서울,,37.473742,126.890451,pension,298,second,2,,2026-04-26T11:24:36.069300,2026-04-26T11:24:36.069300,1
PENSION_STORE_00589,11100782,MS 마트,서울 광진구 구의1동  229-67,서울,,37.544538,127.09015,pension,298,second,2,,2026-04-26T11:24:36.069300,2026-04-26T11:24:36.069300,1
PENSION_STORE_00590,22600009,㈜ Cspace 광안비치점,부산 수영구 광안동  204-4  1층,부산,,35.171771,129.10466,pension,298,second,2,,2026-04-26T11:24:36.069300,2026-04-26T11:24:36.069300,1
PENSION_STORE_00591,12610212,로또복권,부산 기장군 기장읍 대라리 대라리 129-1,부산,,35.241041,129.214503,pension,298,second,2,,2026-04-26T11:24:36.069300,2026-04-26T11:24:36.069300,1
PENSION_STORE_00592,22700007,㈜ Cspace 지산중앙점,대구 수성구 지산동  1276-12,대구,,35.822665,128.638792,pension,298,second,2,,2026-04-26T11:24:36.069300,2026-04-26T11:24:36.069300,1
PENSION_STORE_00593,12800083,하이마트,인천 서구 심곡동  333-7,인천,,37.544491,126.672325,pension,298,second,2,,2026-04-26T11:24:36.069300,2026-04-26T11:24:36.069300,1
PENSION_STORE_00594,12800192,경영매표소,인천 부평구 부평동  546-62 북인천 우체국앞,인천,,37.491538,126.72153,pension,298,second,2,,2026-04-26T11:24:36.069300,2026-04-26T11:24:36.069300,1
PENSION_STORE_00595,12810151,한일로또,인천 남동구 간석동  73-4  1층점포 101호,인천,,37.469138,126.70826,pension,298,second,2,,2026-04-26T11:24:36.069300,2026-04-26T11:24:36.069300,1
PENSION_STORE_00596,13000091,태양슈퍼,대전 유성구 봉산동  179-3번지,대전,,36.43475,127.38822,pension,298,second,2,,2026-04-26T11:24:36.069300,2026-04-26T11:24:36.069300,1
PENSION_STORE_00597,14110476,창미수퍼,경기 화성시 남양동  1270-3,경기,,37.101019,126.902091,pension,298,second,2,,2026-04-26T11:24:36.069300,2026-04-26T11:24:36.069300,1
PENSION_STORE_00598,14110557,로또왕대박,경기 화성시 봉담읍 와우리 와우리 59-1,경기,,37.215842,126.97665,pension,298,second,2,,2026-04-26T11:24:36.069300,2026-04-26T11:24:36.069300,1
PENSION_STORE_00599,14110334,올인(allin),경기 화성시 향남면  장짐리    273-3,경기,,37.135324,126.91056,pension,298,second,2,,2026-04-26T11:24:36.069300,2026-04-26T11:24:36.069300,1
PENSION_STORE_00600,14110149,돈벼락,경기 평택시 지산동  1079  청석빌딩 1층,경기,,37.079497,127.062594,pension,298,second,2,,2026-04-26T11:24:36.069300,2026-04-26T11:24:36.069300,1
PENSION_STORE_00601,14110322,잘찍어로또방,경기 평택시 안중읍 안중리 안중리 272-5,경기,,36.988481,126.92799,pension,298,second,2,,2026-04-26T11:24:36.069300,2026-04-26T11:24:36.069300,1
PENSION_STORE_00602,14110145,노다지복권방,경기 파주시 파주읍 연풍4리 연풍4리 285-18,경기,,37.851436,126.87518,pension,298,second,2,,2026-04-26T11:24:36.069300,2026-04-26T11:24:36.069300,1
PENSION_STORE_00603,14110317,부발대박복권방,경기 이천시 부발읍 무촌리 무촌리 166-88,경기,,37.282349,127.484487,pension,298,second,2,,2026-04-26T11:24:36.069300,2026-04-26T11:24:36.069300,1
PENSION_STORE_00604,14100173,종합복권나라,경기 양평군 양평읍 양근리 양근리 176-14,경기,,37.544945,127.32053,pension,298,second,2,,2026-04-26T11:24:36.069300,2026-04-26T11:24:36.069300,1
PENSION_STORE_00605,14100587,로또 명당 가두판매점,경기 안양시 동안구 비산동 비산동 1102 동성아파트앞 버스가판대,경기,,37.394616,126.94141,pension,298,second,2,,2026-04-26T11:24:36.069300,2026-04-26T11:24:36.069300,1
PENSION_STORE_00606,14100215,스타매니아,경기 안양시 동안구 비산3동 비산3동 1026-14,경기,,37.403834,126.94903,pension,298,second,2,,2026-04-26T11:24:36.069300,2026-04-26T11:24:36.069300,1
PENSION_STORE_00607,14190104,용꿈돼지꿈복권방,경기 시흥시 신천동  709-1,경기,,37.39083,126.80657,pension,298,second,2,,2026-04-26T11:24:36.069300,2026-04-26T11:24:36.069300,1
PENSION_STORE_00608,14100720,영화모음,경기 수원시 장안구 조원동 조원동 주공택지지구뉴타운프라자 A-107,경기,,37.303194,127.0161,pension,298,second,2,,2026-04-26T11:24:36.069300,2026-04-26T11:24:36.069300,1
PENSION_STORE_00609,14110406,대박복권,경기 수원시 영통구 매탄동 매탄동 101-44  1층,경기,,37.268282,127.04699,pension,298,second,2,,2026-04-26T11:24:36.069300,2026-04-26T11:24:36.069300,1
PENSION_STORE_00610,14190060,복권명당집시장점,경기 동두천시 지행동  718-3 송내프라자 103,경기,,37.891387,127.052985,pension,298,second,2,,2026-04-26T11:24:36.069300,2026-04-26T11:24:36.069300,1
PENSION_STORE_00611,14190057,금도깨비복권전문점,경기 김포시 하성면 마곡리 마곡리 633-17,경기,,37.709804,126.63473,pension,298,second,2,,2026-04-26T11:24:36.069300,2026-04-26T11:24:36.069300,1
PENSION_STORE_00612,14190057,금도깨비복권전문점,경기 김포시 하성면 마곡리 마곡리 633-17,경기,,37.709804,126.63473,pension,298,second,2,,2026-04-26T11:24:36.069300,2026-04-26T11:24:36.069300,1
PENSION_STORE_00613,14100646,바로전산,경기 광명시 광명동  158-1015 101호,경기,,37.480211,126.85236,pension,298,second,2,,2026-04-26T11:24:36.069300,2026-04-26T11:24:36.069300,1
PENSION_STORE_00614,14210096,로또명당,강원 인제군 인제읍 상동리 상동리 347-2,강원,,38.067771,128.169982,pension,298,second,2,,2026-04-26T11:24:36.069300,2026-04-26T11:24:36.069300,1
PENSION_STORE_00615,14290026,복권닷컴,강원 양양군 양양읍 남문리 남문리 16-24,강원,,38.075551,128.62233,pension,298,second,2,,2026-04-26T11:24:36.069300,2026-04-26T11:24:36.069300,1
PENSION_STORE_00616,14310038,로또판매점,충북 청주시 상당구 내덕동 내덕동 725 가 29번지,충북,,36.660839,127.477685,pension,298,second,2,,2026-04-26T11:24:36.069300,2026-04-26T11:24:36.069300,1
PENSION_STORE_00617,14300022,복권나라,충북 증평군 증평읍 중동리 중동리 15-3번지,충북,,36.783937,127.58088,pension,298,second,2,,2026-04-26T11:24:36.069300,2026-04-26T11:24:36.069300,1
PENSION_STORE_00618,14310094,로또명당금왕점,충북 음성군 금왕읍 무극리 오향리 519-13 1/1,충북,,36.990975,127.58637,pension,298,second,2,,2026-04-26T11:24:36.069300,2026-04-26T11:24:36.069300,1
PENSION_STORE_00619,14510040,행운편의점,전북 전주시 덕진구 우아동3가 우아동3가 594-22,전북,,35.856038,127.15504,pension,298,second,2,,2026-04-26T11:24:36.069300,2026-04-26T11:24:36.069300,1
PENSION_STORE_00620,14710076,로또복권대박,경북 상주시 냉림동  353-4,경북,,36.420964,128.15924,pension,298,second,2,,2026-04-26T11:24:36.069300,2026-04-26T11:24:36.069300,1
PENSION_STORE_00621,14710062,NG24 인동점,경북 구미시 인의동  843-1,경북,,36.102437,128.42223,pension,298,second,2,,2026-04-26T11:24:36.069300,2026-04-26T11:24:36.070301,1
PENSION_STORE_00622,14890028,진주상회,경남 진주시 강남동  5-2,경남,,35.187151,128.087239,pension,298,second,2,,2026-04-26T11:24:36.070301,2026-04-26T11:24:36.070301,1
PENSION_STORE_00623,24800024,GS25(양산신평),경남 양산시 하북면 순지리 순지리 691,경남,,35.491064,129.086575,pension,298,second,2,,2026-04-26T11:24:36.070301,2026-04-26T11:24:36.070301,1
PENSION_STORE_00624,14800018,코사할인마트,경남 거제시 연초면 죽토리 죽토리 1104-12,경남,,34.914752,128.65557,pension,298,second,2,,2026-04-26T11:24:36.070301,2026-04-26T11:24:36.070301,1
PENSION_STORE_00625,14900022,화북슈퍼,제주 제주시 화북1동  1976-5,제주,수동,33.520699,126.56562,pension,298,first,1,,2026-04-26T11:24:36.070301,2026-04-26T11:24:36.070301,1
PENSION_STORE_00626,11100292,하임마트,서울 중구 황학동  714 1층,서울,,37.565914,127.0208,pension,297,second,2,,2026-04-26T11:24:37.862049,2026-04-26T11:24:37.862049,1
PENSION_STORE_00627,11110131,IGA(이가)편의점,서울 은평구 녹번동  252,서울,,37.601253,126.93322,pension,297,second,2,,2026-04-26T11:24:37.862049,2026-04-26T11:24:37.862049,1
PENSION_STORE_00628,21100471,훼미리마트(효창운동),서울 용산구 효창동  5-54,서울,,37.535258,126.955627,pension,297,second,2,,2026-04-26T11:24:37.862049,2026-04-26T11:24:37.862049,1
PENSION_STORE_00629,11110484,로또판매점,서울 서대문구 홍제동  174-21,서울,,37.584632,126.948908,pension,297,second,2,,2026-04-26T11:24:37.862049,2026-04-26T11:24:37.862049,1
PENSION_STORE_00630,11101136,-,서울 동작구 노량진동  41-5 가판점,서울,,37.510499,126.94036,pension,297,second,2,,2026-04-26T11:24:37.862049,2026-04-26T11:24:37.862049,1
PENSION_STORE_00631,11101180,버스카드판매대,서울 관악구 신림6동  1513 버스카드충전소,서울,,37.47187,126.93328,pension,297,second,2,,2026-04-26T11:24:37.862049,2026-04-26T11:24:37.862049,1
PENSION_STORE_00632,11101181,버스카드충전소,서울 관악구 봉천6동  1688-128,서울,,37.476498,126.965612,pension,297,second,2,,2026-04-26T11:24:37.862049,2026-04-26T11:24:37.862049,1
PENSION_STORE_00633,22600055,GS25(명륜중앙),부산 동래구 온천동  473-12,부산,자동,35.212571,129.078671,pension,297,first,1,,2026-04-26T11:24:37.862049,2026-04-26T11:24:37.862049,1
PENSION_STORE_00634,22600042,GS25(대연중앙),부산 남구 대연동  1729-5,부산,,35.13495,129.09333,pension,297,second,2,,2026-04-26T11:24:37.862049,2026-04-26T11:24:37.862049,1
PENSION_STORE_00635,12600174,성림슈퍼,부산 금정구 부곡동  223-105,부산,,35.238035,129.08069,pension,297,second,2,,2026-04-26T11:24:37.862049,2026-04-26T11:24:37.862049,1
PENSION_STORE_00636,12700154,대명편의점,대구 서구 평리동  640-18,대구,,35.873765,128.547022,pension,297,second,2,,2026-04-26T11:24:37.862049,2026-04-26T11:24:37.862049,1
PENSION_STORE_00637,12790042,복권천하(읍내점),대구 북구 구암동  766 프라임프라자 1층코너 101,대구,,35.942672,128.56398,pension,297,second,2,,2026-04-26T11:24:37.862049,2026-04-26T11:24:37.862049,1
PENSION_STORE_00638,12890049,행운복권,인천 남구 주안동  인천 남구 주안동 1525-4,인천,,37.447985,126.68764,pension,297,second,2,,2026-04-26T11:24:37.862049,2026-04-26T11:24:37.862049,1
PENSION_STORE_00639,13190031,프라임24시 편의점,울산 북구 상안동  367-7,울산,,35.630427,129.34032,pension,297,second,2,,2026-04-26T11:24:37.862049,2026-04-26T11:24:37.862049,1
PENSION_STORE_00640,14190035,삼일,경기 이천시 창전동  146-1,경기,,37.282116,127.44674,pension,297,second,2,,2026-04-26T11:24:37.862049,2026-04-26T11:24:37.862049,1
PENSION_STORE_00641,14110457,행운로또복권,경기 오산시 오산동  876-2,경기,자동,37.14877,127.068876,pension,297,first,1,,2026-04-26T11:24:37.862049,2026-04-26T11:24:37.862049,1
PENSION_STORE_00642,14110244,복권방,경기 시흥시 장현동  538-3 새재타운 1층 101호,경기,,37.380952,126.799567,pension,297,second,2,,2026-04-26T11:24:37.862049,2026-04-26T11:24:37.862049,1
PENSION_STORE_00643,14110401,꿈에본 그자리,경기 성남시 중원구 금광동 금광동 4752,경기,,37.452456,127.160622,pension,297,second,2,,2026-04-26T11:24:37.862049,2026-04-26T11:24:37.862049,1
PENSION_STORE_00644,14100446,이지마트24 심곡2호,경기 부천시 소사구 심곡본동 심곡본동 591-6 1층,경기,,37.467715,126.82409,pension,297,second,2,,2026-04-26T11:24:37.862049,2026-04-26T11:24:37.862049,1
PENSION_STORE_00645,14100695,팬시코아,경기 남양주시 퇴계원면 퇴계원리 퇴계원리 255-24,경기,,37.650974,127.14217,pension,297,second,2,,2026-04-26T11:24:37.862049,2026-04-26T11:24:37.862049,1
PENSION_STORE_00646,14100829,로토피아,경기 광명시 소하동  932-4 상가1층 102,경기,,37.435593,126.87926,pension,297,second,2,,2026-04-26T11:24:37.862049,2026-04-26T11:24:37.862049,1
PENSION_STORE_00647,14210098,예미로또,강원 정선군 신동읍 봉양리 봉양리 390-6,강원,,37.218087,128.64543,pension,297,second,2,,2026-04-26T11:24:37.862049,2026-04-26T11:24:37.862049,1
PENSION_STORE_00648,14290007,복권뱅크,강원 원주시 명륜동  104-6,강원,,37.341125,127.95393,pension,297,second,2,,2026-04-26T11:24:37.862049,2026-04-26T11:24:37.862049,1
PENSION_STORE_00649,14490017,충청복권전문점,충남 천안시 성환읍 성환리 충남 천안 서북구 성환읍 성환리 375-9,충남,,36.916957,127.13285,pension,297,second,2,,2026-04-26T11:24:37.862049,2026-04-26T11:24:37.862049,1
PENSION_STORE_00650,14490025,777천하명당,충남 서천군 서천읍 군사리 군사리 684-5,충남,,36.074877,126.68906,pension,297,second,2,,2026-04-26T11:24:37.862049,2026-04-26T11:24:37.862049,1
PENSION_STORE_00651,14690006,학동복권나라,전남 여수시 학동  69-2,전남,,34.763569,127.66346,pension,297,second,2,,2026-04-26T11:24:37.862049,2026-04-26T11:24:37.862049,1
PENSION_STORE_00652,14700066,세방매점,경북 경주시 용강동  753-1,경북,,35.876705,129.22648,pension,297,second,2,,2026-04-26T11:24:37.862049,2026-04-26T11:24:37.862049,1
PENSION_STORE_00653,14790005,대길통상,경북 경산시 진량읍 신상리 신상리 208-7,경북,,35.874176,128.81923,pension,297,second,2,,2026-04-26T11:24:37.862049,2026-04-26T11:24:37.862049,1
PENSION_STORE_00654,24800014,GS25(마산창동),경남 마산시 중성동  20-73,경남,,35.208244,128.574379,pension,297,second,2,,2026-04-26T11:24:37.862049,2026-04-26T11:24:37.862049,1
PENSION_STORE_00655,14810004,덕산로또,경남 거제시 신현읍 양정리 양정리 1080 덕산베스트타운 101,경남,,34.897164,128.63033,pension,297,second,2,,2026-04-26T11:24:37.862049,2026-04-26T11:24:37.862049,1
PENSION_STORE_00656,11101297,로또복권,서울 종로구 숭인동  228-6,서울,,37.569704,127.001169,pension,296,second,2,,2026-04-26T11:24:39.696314,2026-04-26T11:24:39.696314,1
PENSION_STORE_00657,11101425,엔. 스피드 텔레콤,서울 은평구 불광동  281-91,서울,,37.610944,126.93003,pension,296,second,2,,2026-04-26T11:24:39.696314,2026-04-26T11:24:39.696314,1
PENSION_STORE_00658,11190212,하이25시,서울 은평구 역촌동  85-12 센터폴리스 1층 107호,서울,,37.600099,126.91556,pension,296,second,2,,2026-04-26T11:24:39.696314,2026-04-26T11:24:39.696314,1
PENSION_STORE_00659,11100964,가판점(신문),서울 영등포구 당산동  331,서울,,37.534478,126.901,pension,296,second,2,,2026-04-26T11:24:39.696314,2026-04-26T11:24:39.696314,1
PENSION_STORE_00660,11110740,로또복권판매소,서울 영등포구 문래동2가  40-3,서울,,37.512771,126.893026,pension,296,second,2,,2026-04-26T11:24:39.696314,2026-04-26T11:24:39.696314,1
PENSION_STORE_00661,11110506,설반,서울 송파구 가락동  47-14  1층3호,서울,,37.498486,127.121087,pension,296,second,2,,2026-04-26T11:24:39.696314,2026-04-26T11:24:39.696314,1
PENSION_STORE_00662,11100144,노다지복권방,서울 성동구 성수2가3동  316-61호 1층1호,서울,,37.543237,127.054348,pension,296,second,2,,2026-04-26T11:24:39.696314,2026-04-26T11:24:39.696314,1
PENSION_STORE_00663,11190191,부자랑복권방,서울 성동구 성수동2가  331-85 1층,서울,,37.536876,127.05533,pension,296,second,2,,2026-04-26T11:24:39.696314,2026-04-26T11:24:39.696314,1
PENSION_STORE_00664,11101402,소리텔레콤,서울 서초구 서초동  1624-1 영빌딩 104,서울,,37.488228,127.014873,pension,296,second,2,,2026-04-26T11:24:39.696314,2026-04-26T11:24:39.696314,1
PENSION_STORE_00665,11100889,일구복권,서울 동대문구 제기동  1133-1,서울,,37.585617,127.041907,pension,296,second,2,,2026-04-26T11:24:39.696314,2026-04-26T11:24:39.696314,1
PENSION_STORE_00666,11110630,노다지 복권방,서울 도봉구 도봉동  623-1,서울,수동,37.672602,127.044733,pension,296,first,1,,2026-04-26T11:24:39.696314,2026-04-26T11:24:39.696314,1
PENSION_STORE_00667,11100773,스파,서울 노원구 상계동  666 주공 10단지 종합상가 111,서울,,37.661671,127.05789,pension,296,second,2,,2026-04-26T11:24:39.696314,2026-04-26T11:24:39.696314,1
PENSION_STORE_00668,21100262,훼미리마트(월계인덕),서울 노원구 월계동  287-3,서울,,37.666664,127.057621,pension,296,second,2,,2026-04-26T11:24:39.696314,2026-04-26T11:24:39.696314,1
PENSION_STORE_00669,11100128,복권방,서울 구로구 구로동  409-80 1층,서울,,37.493925,126.882589,pension,296,second,2,,2026-04-26T11:24:39.696314,2026-04-26T11:24:39.696314,1
PENSION_STORE_00670,11190160,우리식품,서울 광진구 광장동  244-24,서울,,37.54598,127.10474,pension,296,second,2,,2026-04-26T11:24:39.696314,2026-04-26T11:24:39.696314,1
PENSION_STORE_00671,11100260,복권방,서울 광진구 구의1동  246-70,서울,,37.537781,127.08546,pension,296,second,2,,2026-04-26T11:24:39.696314,2026-04-26T11:24:39.696314,1
PENSION_STORE_00672,11110042,로또복권,서울 관악구 봉천동  930-3,서울,,37.481812,126.941674,pension,296,second,2,,2026-04-26T11:24:39.696314,2026-04-26T11:24:39.696314,1
PENSION_STORE_00673,11110215,복권명가,서울 관악구 봉천동  738-125,서울,,37.485722,126.95753,pension,296,second,2,,2026-04-26T11:24:39.696314,2026-04-26T11:24:39.696314,1
PENSION_STORE_00674,11110039,복권,서울 관악구 봉천동  196-33,서울,,37.474446,126.963829,pension,296,second,2,,2026-04-26T11:24:39.696314,2026-04-26T11:24:39.696314,1
PENSION_STORE_00675,12610044,대승복권,부산 해운대구 좌동  1484-1 대승플라자빌딩 101,부산,,35.169604,129.177716,pension,296,second,2,,2026-04-26T11:24:39.696314,2026-04-26T11:24:39.696314,1
PENSION_STORE_00676,12690036,황금복권어장,부산 중구 중앙동4가  4가 89 상가 중앙동역 구내 2호,부산,,35.106275,129.03657,pension,296,second,2,,2026-04-26T11:24:39.696314,2026-04-26T11:24:39.696314,1
PENSION_STORE_00677,12600348,행운복권,부산 남구 용당동  564-5,부산,자동,35.128802,129.09175,pension,296,first,1,,2026-04-26T11:24:39.696314,2026-04-26T11:24:39.696314,1
PENSION_STORE_00678,12700271,덕인사(반고개),대구 서구 내당동  897-14,대구,,35.86384,128.571431,pension,296,second,2,,2026-04-26T11:24:39.696314,2026-04-26T11:24:39.696314,1
PENSION_STORE_00679,12700330,천하명당복권,대구 북구 대현동  407-12,대구,,35.882316,128.60952,pension,296,second,2,,2026-04-26T11:24:39.696314,2026-04-26T11:24:39.696314,1
PENSION_STORE_00680,12700115,복권천국,대구 동구 신암동  188-16,대구,,35.878383,128.61942,pension,296,second,2,,2026-04-26T11:24:39.696314,2026-04-26T11:24:39.696314,1
PENSION_STORE_00681,12810177,로또복권방,인천 서구 신현동  283 1층 102호,인천,,37.517375,126.67227,pension,296,second,2,,2026-04-26T11:24:39.696314,2026-04-26T11:24:39.696314,1
PENSION_STORE_00682,12800151,나랑유통,인천 서구 석남2동  549-8,인천,,37.518533,126.67656,pension,296,second,2,,2026-04-26T11:24:39.696314,2026-04-26T11:24:39.696314,1
PENSION_STORE_00683,12800062,왕대박,인천 남구 숭의동  58-8 1층,인천,,37.465973,126.65523,pension,296,second,2,,2026-04-26T11:24:39.696314,2026-04-26T11:24:39.696314,1
PENSION_STORE_00684,12800010,복권나라,인천 남구 용현동  344-9 1층,인천,,37.454516,126.64916,pension,296,second,2,,2026-04-26T11:24:39.696314,2026-04-26T11:24:39.696314,1
PENSION_STORE_00685,12900033,오천억복권방,광주 서구 화정동  782-14,광주,,35.152922,126.88072,pension,296,second,2,,2026-04-26T11:24:39.696314,2026-04-26T11:24:39.696314,1
PENSION_STORE_00686,13110010,대박복권방,울산 동구 전하동  626-6,울산,,35.511402,129.42973,pension,296,second,2,,2026-04-26T11:24:39.696314,2026-04-26T11:24:39.696314,1
PENSION_STORE_00687,14100250,천하명당,경기 평택시 서정동  332-7,경기,,37.057288,127.05602,pension,296,second,2,,2026-04-26T11:24:39.696314,2026-04-26T11:24:39.696314,1
PENSION_STORE_00688,14100370,역전광장상회,경기 파주시 금촌1동  329-19,경기,,37.765277,126.774645,pension,296,second,2,,2026-04-26T11:24:39.696314,2026-04-26T11:24:39.696314,1
PENSION_STORE_00689,14100510,유방매표소,경기 용인시 처인구 유방동 경기 용인시 처인구 유방동 310-10,경기,,37.25881,127.212921,pension,296,second,2,,2026-04-26T11:24:39.696314,2026-04-26T11:24:39.696314,1
PENSION_STORE_00690,14100075,엠에스 슈퍼,경기 안산시 단원구 와동 와동 713-2,경기,수동,37.337606,126.828292,pension,296,first,1,,2026-04-26T11:24:39.696314,2026-04-26T11:24:39.696314,1
PENSION_STORE_00691,14100179,운수대통,경기 수원시 권선구 호매실동 호매실동 87-2,경기,수동,37.269011,126.95872,pension,296,first,1,,2026-04-26T11:24:39.696314,2026-04-26T11:24:39.696314,1
PENSION_STORE_00692,14110391,훼미리 수내트라펠리,경기 성남시 분당구 수내동 수내동 10-1 삼성트라펠리스 108,경기,,37.37911,127.11408,pension,296,second,2,,2026-04-26T11:24:39.696314,2026-04-26T11:24:39.696314,1
PENSION_STORE_00693,14110518,모란복권방,경기 성남시 중원구 성남동 성남동 3818,경기,,37.418344,127.126382,pension,296,second,2,,2026-04-26T11:24:39.696314,2026-04-26T11:24:39.696314,1
PENSION_STORE_00694,14100411,풍전수퍼,경기 부천시 원미구 원미동 원미동 55-1,경기,자동,37.497089,126.79116,pension,296,first,1,,2026-04-26T11:24:39.696314,2026-04-26T11:24:39.696314,1
PENSION_STORE_00695,14110206,행운대박복권방,경기 남양주시 진접읍 부평리 부평리 613-4,경기,,37.741819,127.19783,pension,296,second,2,,2026-04-26T11:24:39.696314,2026-04-26T11:24:39.696314,1
PENSION_STORE_00696,14110212,대박복권방,경기 남양주시 화도읍 마석우리 마석우리 마석지구41-1블럭중흥프라자101호,경기,,37.657296,127.30328,pension,296,second,2,,2026-04-26T11:24:39.696314,2026-04-26T11:24:39.696314,1
PENSION_STORE_00697,14190184,금호마트,경기 구리시 수택동  515-6,경기,,37.599023,127.14319,pension,296,second,2,,2026-04-26T11:24:39.696314,2026-04-26T11:24:39.696314,1
PENSION_STORE_00698,14100793,흥부네대박났네,경기 광주시 역동  27-28,경기,,37.369896,127.3039,pension,296,second,2,,2026-04-26T11:24:39.696314,2026-04-26T11:24:39.696314,1
PENSION_STORE_00699,14300081,CY클럽,충북 청주시 상당구 북문로1가 북문로1가 84-3번지,충북,,36.635472,127.489919,pension,296,second,2,,2026-04-26T11:24:39.696314,2026-04-26T11:24:39.696314,1
PENSION_STORE_00700,14310014,복권방,충북 청주시 흥덕구 봉명동 봉명동 2687,충북,수동,36.665715,127.45194,pension,296,first,1,,2026-04-26T11:24:39.696314,2026-04-26T11:24:39.696314,1
PENSION_STORE_00701,14310106,로또명당,충북 진천군 진천읍 벽암리 벽암리 190-2,충북,,36.871677,127.43315,pension,296,second,2,,2026-04-26T11:24:39.696314,2026-04-26T11:24:39.696314,1
PENSION_STORE_00702,14300096,대일마켓,충북 증평군 증평읍 중동리 중동리 1-3번지,충북,,36.785209,127.582287,pension,296,second,2,,2026-04-26T11:24:39.696314,2026-04-26T11:24:39.696314,1
PENSION_STORE_00703,14400056,왕대박천하명당,충남 천안시 신방동  충남 천안 동남구 신방동 924,충남,,36.776811,127.14288,pension,296,second,2,,2026-04-26T11:24:39.696314,2026-04-26T11:24:39.696314,1
PENSION_STORE_00704,14410033,로또복권 예산점,충남 예산군 예산읍 주교리 주교리 221-10,충남,,36.686422,126.830094,pension,296,second,2,,2026-04-26T11:24:39.696314,2026-04-26T11:24:39.696314,1
PENSION_STORE_00705,14410009,로또복권방,충남 아산시 배방면 공수리 공수리 68-34,충남,,36.774602,127.055876,pension,296,second,2,,2026-04-26T11:24:39.696314,2026-04-26T11:24:39.696314,1
PENSION_STORE_00706,14410066,천하명당,충남 계룡시 엄사면 엄사리 엄사리 184-4,충남,,36.289074,127.241626,pension,296,second,2,,2026-04-26T11:24:39.696314,2026-04-26T11:24:39.696314,1
PENSION_STORE_00707,14590066,채널 Q 마트,전북 전주시 완산구 삼천동1가 삼천동1가 632-8,전북,,35.827232,127.11995,pension,296,second,2,,2026-04-26T11:24:39.696314,2026-04-26T11:24:39.696314,1
PENSION_STORE_00708,14510059,고인돌대박천국,전북 고창군 고창읍 읍내리 읍내리 656,전북,,35.436091,126.69633,pension,296,second,2,,2026-04-26T11:24:39.696314,2026-04-26T11:24:39.696314,1
PENSION_STORE_00709,14610054,명성복권방,전남 순천시 연향동  1462-2,전남,,34.948271,127.52516,pension,296,second,2,,2026-04-26T11:24:39.696314,2026-04-26T11:24:39.696314,1
PENSION_STORE_00710,14600084,금강서점,전남 목포시 용당2동  183-8,전남,,34.800895,126.40066,pension,296,second,2,,2026-04-26T11:24:39.696314,2026-04-26T11:24:39.696314,1
PENSION_STORE_00711,14710188,훼미리마트 상도점,경북 포항시 남구 상도동 상도동 662-7,경북,자동,36.013433,129.36416,pension,296,first,1,,2026-04-26T11:24:39.696314,2026-04-26T11:24:39.696314,1
PENSION_STORE_00712,14790032,복권명방,경북 울진군 후포면 삼율리 삼율리 321-3,경북,,36.680451,129.44221,pension,296,second,2,,2026-04-26T11:24:39.696314,2026-04-26T11:24:39.696314,1
PENSION_STORE_00713,14790016,행운복권,경북 구미시 신평동  132-7,경북,,36.123833,128.36258,pension,296,second,2,,2026-04-26T11:24:39.696314,2026-04-26T11:24:39.696314,1
PENSION_STORE_00714,14710042,대원로또판매점,경북 고령군 고령읍 지산리 지산리 3-1번지,경북,수동,35.727325,128.266044,pension,296,first,1,,2026-04-26T11:24:39.696314,2026-04-26T11:24:39.696314,1
PENSION_STORE_00715,14810031,로또25시슈퍼,경남 창원시 상남동  92-1 1층 104-1호,경남,,35.217066,128.685423,pension,296,second,2,,2026-04-26T11:24:39.696314,2026-04-26T11:24:39.696314,1
PENSION_STORE_00716,14800157,삼삼마트,경남 진주시 봉곡동  27-3,경남,,35.195262,128.0756,pension,296,second,2,,2026-04-26T11:24:39.696314,2026-04-26T11:24:39.696314,1
PENSION_STORE_00717,11110416,투세븐,서울 중구 초동  17-4 한신빌딩1층,서울,,37.565102,126.992958,pension,295,second,2,,2026-04-26T11:24:41.273899,2026-04-26T11:24:41.273899,1
PENSION_STORE_00718,11190087,복돼지복권방,서울 성동구 성수동1가  서울 성동구 성수동1가 13-439,서울,,37.548655,127.05584,pension,295,second,2,,2026-04-26T11:24:41.273899,2026-04-26T11:24:41.273899,1
PENSION_STORE_00719,11101414,뮤직마트,서울 서초구 양재동  13-7,서울,,37.483131,127.036029,pension,295,second,2,,2026-04-26T11:24:41.273899,2026-04-26T11:24:41.273899,1
PENSION_STORE_00720,11190229,인트로마트,서울 서초구 반포동  709-8,서울,,37.50922,127.020318,pension,295,second,2,,2026-04-26T11:24:41.273899,2026-04-26T11:24:41.273899,1
PENSION_STORE_00721,11101180,버스카드판매대,서울 관악구 신림6동  1513 버스카드충전소,서울,,37.47187,126.93328,pension,295,second,2,,2026-04-26T11:24:41.273899,2026-04-26T11:24:41.273899,1
PENSION_STORE_00722,12600161,성광복권명당,부산 연제구 연산1동  313-30,부산,,35.189996,129.0911,pension,295,second,2,,2026-04-26T11:24:41.273899,2026-04-26T11:24:41.273899,1
PENSION_STORE_00723,12600167,장전슈퍼,부산 금정구 장전동  414-1,부산,,35.231018,129.088818,pension,295,second,2,,2026-04-26T11:24:41.273899,2026-04-26T11:24:41.273899,1
PENSION_STORE_00724,12710066,로또복권,대구 수성구 범물동  1330-3 1층,대구,,35.825365,128.637742,pension,295,second,2,,2026-04-26T11:24:41.273899,2026-04-26T11:24:41.273899,1
PENSION_STORE_00725,12910040,행복로또,광주 동구 학동  876-11,광주,,35.132962,126.928019,pension,295,second,2,,2026-04-26T11:24:41.273899,2026-04-26T11:24:41.273899,1
PENSION_STORE_00726,13000116,K2,대전 유성구 봉명동  440-1번지,대전,,36.301298,127.326597,pension,295,second,2,,2026-04-26T11:24:41.273899,2026-04-26T11:24:41.273899,1
PENSION_STORE_00727,13100057,한꿈복권방,울산 중구 남외동  486-5,울산,,35.568772,129.34587,pension,295,second,2,,2026-04-26T11:24:41.273899,2026-04-26T11:24:41.273899,1
PENSION_STORE_00728,14110473,복권방,경기 하남시 신장동  427-169,경기,,37.538071,127.2048,pension,295,second,2,,2026-04-26T11:24:41.273899,2026-04-26T11:24:41.273899,1
PENSION_STORE_00729,14110605,안산삼성홈플러스로또복권판매점,경기 안산시 상록구 성포동 성포동 586 삼성홈플러스,경기,,37.311885,126.828897,pension,295,second,2,,2026-04-26T11:24:41.273899,2026-04-26T11:24:41.273899,1
PENSION_STORE_00730,14110076,시흥장곡점로또판매,경기 시흥시 장곡동  817-3 1층,경기,,37.378072,126.784381,pension,295,second,2,,2026-04-26T11:24:41.273899,2026-04-26T11:24:41.273899,1
PENSION_STORE_00731,24100236,GS25(수원삼성),경기 수원시 영통구 매탄동 매탄동 1267-7 중앙프라자1층 104,경기,,37.259036,127.045124,pension,295,second,2,,2026-04-26T11:24:41.273899,2026-04-26T11:24:41.273899,1
PENSION_STORE_00732,14110184,금강종합공구,경기 김포시 대곶면 율생리 율생리 350-5,경기,,37.652786,126.590659,pension,295,second,2,,2026-04-26T11:24:41.273899,2026-04-26T11:24:41.273899,1
PENSION_STORE_00733,14100569,가판점,경기 군포시 당동  745-9 전면보도,경기,,37.354306,126.94643,pension,295,second,2,,2026-04-26T11:24:41.273899,2026-04-26T11:24:41.273899,1
PENSION_STORE_00734,14100569,가판점,경기 군포시 당동  745-9 전면보도,경기,,37.354306,126.94643,pension,295,second,2,,2026-04-26T11:24:41.273899,2026-04-26T11:24:41.273899,1
PENSION_STORE_00735,14110571,일등복권방,경기 광명시 철산동  480   1층3호,경기,,37.474628,126.86649,pension,295,second,2,,2026-04-26T11:24:41.273899,2026-04-26T11:24:41.273899,1
PENSION_STORE_00736,14200075,로또명당,강원 원주시 문막읍  485-7 새마을금고1층,강원,,37.308977,127.81813,pension,295,second,2,,2026-04-26T11:24:41.273899,2026-04-26T11:24:41.273899,1
PENSION_STORE_00737,14400074,드림통신,충남 아산시 권곡동  547-46번지,충남,,36.801379,127.00758,pension,295,second,2,,2026-04-26T11:24:41.273899,2026-04-26T11:24:41.273899,1
PENSION_STORE_00738,14610106,종합복권판매대리점,전남 해남군 해남읍  해리 178,전남,,34.570811,126.61085,pension,295,second,2,,2026-04-26T11:24:41.273899,2026-04-26T11:24:41.273899,1
PENSION_STORE_00739,14600055,나인종합유통,전남 순천시 덕월동  1371-2,전남,,34.971528,127.52039,pension,295,second,2,,2026-04-26T11:24:41.273899,2026-04-26T11:24:41.273899,1
PENSION_STORE_00740,14690030,역전복권,전남 목포시 호남동  1-1,전남,,34.809685,126.4458,pension,295,second,2,,2026-04-26T11:24:41.273899,2026-04-26T11:24:41.273899,1
PENSION_STORE_00741,14710134,로또명당(왜관IC),경북 칠곡군 왜관읍 금산리 금산리 333-8,경북,,35.983375,128.39839,pension,295,second,2,,2026-04-26T11:24:41.273899,2026-04-26T11:24:41.273899,1
PENSION_STORE_00742,14900008,왕대박찬스,제주 서귀포시 서귀동  290-11,제주,,33.250247,126.5616,pension,295,second,2,,2026-04-26T11:24:41.273899,2026-04-26T11:24:41.273899,1
PENSION_STORE_00743,11110746,로또사업점,서울 은평구 역촌동  85-13 현재센터폴리스 1층 107호,서울,,37.590573,126.916268,pension,294,second,2,,2026-04-26T11:24:43.099920,2026-04-26T11:24:43.099920,1
PENSION_STORE_00744,21100280,훼미리마트(새절역점),서울 은평구 신사동  336-1 1층,서울,,37.592057,126.913594,pension,294,second,2,,2026-04-26T11:24:43.099920,2026-04-26T11:24:43.099920,1
PENSION_STORE_00745,21100209,GS25(여의쌍마),서울 영등포구 여의도동  24-5번지 1층1호,서울,,37.524313,126.927746,pension,294,second,2,,2026-04-26T11:24:43.099920,2026-04-26T11:24:43.099920,1
PENSION_STORE_00746,11110314,로또복권판매대,서울 서초구 반포동  54-7 e-d/d1 층,서울,,37.501017,127.009892,pension,294,second,2,,2026-04-26T11:24:43.099920,2026-04-26T11:24:43.099920,1
PENSION_STORE_00747,11190173,영아식품,서울 동대문구 전농동  295-143,서울,,37.5765,127.05752,pension,294,second,2,,2026-04-26T11:24:43.099920,2026-04-26T11:24:43.099920,1
PENSION_STORE_00748,11110249,로또복권,서울 노원구 월계동  17 이성상가내 104호 현대슈퍼,서울,,37.621271,127.067629,pension,294,second,2,,2026-04-26T11:24:43.099920,2026-04-26T11:24:43.099920,1
PENSION_STORE_00749,11100089,코사서울복권방,서울 금천구 가산동  235-50,서울,,37.470014,126.89346,pension,294,second,2,,2026-04-26T11:24:43.099920,2026-04-26T11:24:43.099920,1
PENSION_STORE_00750,21100264,훼미리마트(수유대로),서울 강북구 수유동  724-3,서울,자동,37.646048,127.024397,pension,294,first,1,,2026-04-26T11:24:43.099920,2026-04-26T11:24:43.099920,1
PENSION_STORE_00751,22600125,훼미리마트(민락해변),부산 수영구 민락동  176-14,부산,,35.155936,129.123581,pension,294,second,2,,2026-04-26T11:24:43.099920,2026-04-26T11:24:43.099920,1
PENSION_STORE_00752,12600089,행운복권방,부산 부산진구 가야동  595-1,부산,,35.151274,129.02969,pension,294,second,2,,2026-04-26T11:24:43.099920,2026-04-26T11:24:43.099920,1
PENSION_STORE_00753,12600020,동래중고악기수리,부산 동래구 명륜1동  638-1,부산,자동,35.208457,129.08204,pension,294,first,1,,2026-04-26T11:24:43.099920,2026-04-26T11:24:43.099920,1
PENSION_STORE_00754,12700322,복권나라,대구 서구 내당동  411-39,대구,,35.860475,128.54612,pension,294,second,2,,2026-04-26T11:24:43.099920,2026-04-26T11:24:43.099920,1
PENSION_STORE_00755,12700079,복권명당(서부점),대구 달서구 송현동  195-2,대구,,35.833618,128.55478,pension,294,second,2,,2026-04-26T11:24:43.099920,2026-04-26T11:24:43.099920,1
PENSION_STORE_00756,12700156,계대마트,대구 달서구 신당동  1804-6,대구,,35.855321,128.4951,pension,294,second,2,,2026-04-26T11:24:43.099920,2026-04-26T11:24:43.099920,1
PENSION_STORE_00757,12790075,LA24시편의점,대구 달서구 파호동  82-7 1층,대구,,35.853388,128.47707,pension,294,second,2,,2026-04-26T11:24:43.099920,2026-04-26T11:24:43.099920,1
PENSION_STORE_00758,12910042,광주쌍촌3호점로또,광주 서구 쌍촌동  981-24,광주,,35.149967,126.857471,pension,294,second,2,,2026-04-26T11:24:43.099920,2026-04-26T11:24:43.099920,1
PENSION_STORE_00759,12910027,차밍복권방,광주 광산구 월곡동  683-3동구빌딩1층,광주,,35.175626,126.81157,pension,294,second,2,,2026-04-26T11:24:43.099920,2026-04-26T11:24:43.099920,1
PENSION_STORE_00760,13190040,우리들 성남점,울산 중구 성남동  68-9,울산,,35.557089,129.320439,pension,294,second,2,,2026-04-26T11:24:43.099920,2026-04-26T11:24:43.099920,1
PENSION_STORE_00761,13190015,덕하복권명당,울산 울주군 청량면 상남리 상남리 581-4번지,울산,자동,35.491952,129.30517,pension,294,first,1,,2026-04-26T11:24:43.099920,2026-04-26T11:24:43.099920,1
PENSION_STORE_00762,14110334,올인(allin),경기 화성시 향남면  장짐리    273-3,경기,,37.135324,126.91056,pension,294,second,2,,2026-04-26T11:24:43.099920,2026-04-26T11:24:43.099920,1
PENSION_STORE_00763,14110668,독립상회,경기 하남시 풍산동  36-18,경기,,37.549069,127.183116,pension,294,second,2,,2026-04-26T11:24:43.099920,2026-04-26T11:24:43.099920,1
PENSION_STORE_00764,14110329,복권나라,경기 포천시 소흘읍 이가팔리 이가팔리 309-1,경기,,37.826891,127.15272,pension,294,second,2,,2026-04-26T11:24:43.099920,2026-04-26T11:24:43.099920,1
PENSION_STORE_00765,24100248,GS25(안산원곡),경기 안산시 단원구 원곡동 원곡동 838-105,경기,,37.32896,126.803755,pension,294,second,2,,2026-04-26T11:24:43.099920,2026-04-26T11:24:43.099920,1
PENSION_STORE_00766,14100235,대부,경기 부천시 원미구 상동 상동 535-8 센타프라자1층 107,경기,,37.49356,126.785391,pension,294,second,2,,2026-04-26T11:24:43.099920,2026-04-26T11:24:43.099920,1
PENSION_STORE_00767,14100317,성심편의점,경기 구리시 인창동  280-4 명동상가 100호,경기,,37.600921,127.140042,pension,294,second,2,,2026-04-26T11:24:43.099920,2026-04-26T11:24:43.099920,1
PENSION_STORE_00768,14100469,아이리스,경기 고양시 일산동구 백석동 백석동 1232 일산병원 지하 1층,경기,,37.645573,126.792785,pension,294,second,2,,2026-04-26T11:24:43.099920,2026-04-26T11:24:43.099920,1
PENSION_STORE_00769,14310034,오창 중앙복권,충북 청원군 오창읍 양청리 양청리 793-5     204호,충북,,36.715075,127.428939,pension,294,second,2,,2026-04-26T11:24:43.099920,2026-04-26T11:24:43.099920,1
PENSION_STORE_00770,14510078,참깨열쇠.복권,전북 전주시 완산구 효자동1가 효자동1가 669-4  1층,전북,자동,35.798842,127.114664,pension,294,first,1,,2026-04-26T11:24:43.099920,2026-04-26T11:24:43.099920,1
PENSION_STORE_00771,14610068,황금알,전남 여수시 문수동  452,전남,,34.750376,127.6998,pension,294,second,2,,2026-04-26T11:24:43.099920,2026-04-26T11:24:43.099920,1
PENSION_STORE_00772,14600052,DC백화점문수점,전남 여수시 문수동  82-6,전남,,34.753671,127.73743,pension,294,second,2,,2026-04-26T11:24:43.099920,2026-04-26T11:24:43.099920,1
PENSION_STORE_00773,11101687,노다지복권방,서울 종로구 창신동  302-5,서울,,37.572859,127.01438,pension,293,second,2,,2026-04-26T11:24:44.906807,2026-04-26T11:24:44.906807,1
PENSION_STORE_00774,11100156,왕대박,서울 영등포구 신길동  1321,서울,,37.512317,126.92183,pension,293,second,2,,2026-04-26T11:24:44.906807,2026-04-26T11:24:44.906807,1
PENSION_STORE_00775,11100988,오케이상사,서울 서초구 반포동  19-3 센트럴시티내 100호매점,서울,자동,37.504354,127.003597,pension,293,first,1,,2026-04-26T11:24:44.906807,2026-04-26T11:24:44.906807,1
PENSION_STORE_00776,11101650,신설동6번출구가판점,서울 동대문구 신설동  101-7,서울,,37.576469,127.06793,pension,293,second,2,,2026-04-26T11:24:44.906807,2026-04-26T11:24:44.906807,1
PENSION_STORE_00777,11110079,한빛안경랜드,서울 금천구 시흥동  261-4 한빛안경랜드내,서울,,37.450613,126.9112,pension,293,second,2,,2026-04-26T11:24:44.906807,2026-04-26T11:24:44.906807,1
PENSION_STORE_00778,11100326,경남마트,서울 구로구 고척2동  306 경남상가 201호,서울,자동,37.504067,126.85614,pension,293,first,1,,2026-04-26T11:24:44.906807,2026-04-26T11:24:44.906807,1
PENSION_STORE_00779,11110032,목동로또,서울 강서구 화곡동  1065-31,서울,,37.541786,126.839808,pension,293,second,2,,2026-04-26T11:24:44.906807,2026-04-26T11:24:44.906807,1
PENSION_STORE_00780,11101159,교통카드판매대,서울 강동구 성내동  56-14 동인의원앞,서울,자동,37.542285,127.130868,pension,293,first,1,,2026-04-26T11:24:44.906807,2026-04-26T11:24:44.906807,1
PENSION_STORE_00781,22620002,씨스페이스(대교점),부산 영도구 봉래동 3가  48-4,부산,,35.073409,129.069222,pension,293,second,2,,2026-04-26T11:24:44.906807,2026-04-26T11:24:44.906807,1
PENSION_STORE_00782,12600123,우리동네 MART,부산 사하구 하단동  506-15,부산,,35.110072,128.966224,pension,293,second,2,,2026-04-26T11:24:44.906807,2026-04-26T11:24:44.906807,1
PENSION_STORE_00783,12600062,로또25시,부산 사하구 하단동  525-24,부산,,35.106529,128.965047,pension,293,second,2,,2026-04-26T11:24:44.906807,2026-04-26T11:24:44.906807,1
PENSION_STORE_00784,12610143,로또24시,부산 북구 구포동  북구 구포 92-14,부산,,35.233771,129.01232,pension,293,second,2,,2026-04-26T11:24:44.906807,2026-04-26T11:24:44.906807,1
PENSION_STORE_00785,12610062,GS-25,부산 남구 용호동  176-30메트로시티 1003-105,부산,,35.127326,129.10812,pension,293,second,2,,2026-04-26T11:24:44.906807,2026-04-26T11:24:44.906807,1
PENSION_STORE_00786,12610067,로또복권,부산 남구 용당동  164-2,부산,,35.114443,129.09527,pension,293,second,2,,2026-04-26T11:24:44.906807,2026-04-26T11:24:44.906807,1
PENSION_STORE_00787,12810122,민들레로또,인천 중구 항동7가  58-54,인천,,37.454592,126.601683,pension,293,second,2,,2026-04-26T11:24:44.906807,2026-04-26T11:24:44.906807,1
PENSION_STORE_00788,12890063,라이프25복권,인천 부평구 산곡동  181-69 외1필지 1층,인천,자동,37.518157,126.743856,pension,293,first,1,,2026-04-26T11:24:44.906807,2026-04-26T11:24:44.906807,1
PENSION_STORE_00789,12800123,소망슈퍼,인천 남동구 만수5동  925-2 진우빌딩 101호,인천,,37.452002,126.726543,pension,293,second,2,,2026-04-26T11:24:44.906807,2026-04-26T11:24:44.906807,1
PENSION_STORE_00790,12810128,터미널로또,인천 남구 관교동  15 인천교통공사 인천터미널 주류백화점,인천,,37.441405,126.701307,pension,293,second,2,,2026-04-26T11:24:44.906807,2026-04-26T11:24:44.906807,1
PENSION_STORE_00791,13010096,드림로또노은점,대전 유성구 지족동  907-11,대전,,36.359027,127.347672,pension,293,second,2,,2026-04-26T11:24:44.906807,2026-04-26T11:24:44.906807,1
PENSION_STORE_00792,13000082,장터슈퍼,대전 동구 인동  40-7번지,대전,,36.319765,127.43855,pension,293,second,2,,2026-04-26T11:24:44.906807,2026-04-26T11:24:44.906807,1
PENSION_STORE_00793,14110249,복터진날,경기 안성시 공도읍 진사리 진사리 주은청설아파트상가 B동105호,경기,,36.99145,127.1394,pension,293,second,2,,2026-04-26T11:24:44.906807,2026-04-26T11:24:44.906807,1
PENSION_STORE_00794,14100431,터미널 편의점 1층,경기 수원시 권선구 권선동 권선동 1189 수원복합터미널 1301,경기,자동,37.250432,127.020866,pension,293,first,1,,2026-04-26T11:24:44.906807,2026-04-26T11:24:44.906807,1
PENSION_STORE_00795,14300004,대박찬스,충북 청주시 흥덕구 가경동 1220번지,충북,,36.628987,127.43647,pension,293,second,2,,2026-04-26T11:24:44.906807,2026-04-26T11:24:44.906807,1
PENSION_STORE_00796,14310093,로또명당음성,충북 음성군 감곡면 왕장리 왕장리 447-11,충북,,37.118335,127.63552,pension,293,second,2,,2026-04-26T11:24:44.906807,2026-04-26T11:24:44.906807,1
PENSION_STORE_00797,14590009,행운의집,전북 고창군 고창읍 읍내리 읍내리 636,전북,,35.434983,126.69745,pension,293,second,2,,2026-04-26T11:24:44.906807,2026-04-26T11:24:44.906807,1
PENSION_STORE_00798,14690026,영암복권방,전남 영암군 영암읍 역리 역리 162-15,전남,,34.745525,126.47302,pension,293,second,2,,2026-04-26T11:24:44.906807,2026-04-26T11:24:44.906807,1
PENSION_STORE_00799,14810129,복권천국,경남 양산시 중주동  693-2,경남,자동,35.33519,129.027838,pension,293,first,1,,2026-04-26T11:24:44.906807,2026-04-26T11:24:44.906807,1
PENSION_STORE_00800,11110411,로또복권,서울 중구 을지로2가  157 가판대98호,서울,자동,37.565744,126.987292,pension,292,first,1,,2026-04-26T11:24:46.761960,2026-04-26T11:24:46.761960,1
PENSION_STORE_00801,11101054,도로가판집,서울 용산구 한강로3가  40-592,서울,자동,37.525901,126.964396,pension,292,first,1,,2026-04-26T11:24:46.761960,2026-04-26T11:24:46.761960,1
PENSION_STORE_00802,11100389,삼우식품,서울 영등포구 영등포동7가  41번지,서울,,37.523089,126.905434,pension,292,second,2,,2026-04-26T11:24:46.761960,2026-04-26T11:24:46.761960,1
PENSION_STORE_00803,11100959,버스판매소,서울 영등포구 영등포동4가  441-10,서울,수동,37.516741,126.90673,pension,292,first,1,,2026-04-26T11:24:46.761960,2026-04-26T11:24:46.761960,1
PENSION_STORE_00804,11101376,세계주류백화점,서울 성동구 금호동4가  614번지,서울,수동,37.553583,127.019569,pension,292,first,1,,2026-04-26T11:24:46.761960,2026-04-26T11:24:46.761960,1
PENSION_STORE_00805,11100604,민영슈퍼,서울 서대문구 북가좌동  292-11,서울,,37.581752,126.91301,pension,292,second,2,,2026-04-26T11:24:46.761960,2026-04-26T11:24:46.761960,1
PENSION_STORE_00806,11100604,민영슈퍼,서울 서대문구 북가좌동  292-11,서울,,37.581752,126.91301,pension,292,second,2,,2026-04-26T11:24:46.761960,2026-04-26T11:24:46.761960,1
PENSION_STORE_00807,11190054,시가,서울 구로구 개봉동  202-17,서울,,37.493345,126.858009,pension,292,second,2,,2026-04-26T11:24:46.761960,2026-04-26T11:24:46.761960,1
PENSION_STORE_00808,11100024,다모아복권,서울 구로구 오류동  315-14,서울,,37.495924,126.842779,pension,292,second,2,,2026-04-26T11:24:46.761960,2026-04-26T11:24:46.761960,1
PENSION_STORE_00809,11100496,523마트,서울 강서구 등촌1동  633-7 1층,서울,,37.554052,126.867027,pension,292,second,2,,2026-04-26T11:24:46.761960,2026-04-26T11:24:46.761960,1
PENSION_STORE_00810,11101324,제일약국,서울 강남구 역삼동  829-15,서울,,37.494362,127.033492,pension,292,second,2,,2026-04-26T11:24:46.761960,2026-04-26T11:24:46.761960,1
PENSION_STORE_00811,12600207,정원상회,부산 남구 대연2동  1757-2,부산,자동,35.134459,129.087885,pension,292,first,1,,2026-04-26T11:24:46.761960,2026-04-26T11:24:46.761960,1
PENSION_STORE_00812,12810052,세기센추리경인지부,인천 부평구 부평4동  12-187,인천,,37.504127,126.729655,pension,292,second,2,,2026-04-26T11:24:46.761960,2026-04-26T11:24:46.761960,1
PENSION_STORE_00813,12810107,대동슈퍼,인천 남동구 만수2동  5-200,인천,수동,37.46261,126.73622,pension,292,first,1,,2026-04-26T11:24:46.761960,2026-04-26T11:24:46.761960,1
PENSION_STORE_00814,12910008,좋은예감,광주 서구 광천동  234번지 1층,광주,,35.171078,126.86872,pension,292,second,2,,2026-04-26T11:24:46.761960,2026-04-26T11:24:46.761960,1
PENSION_STORE_00815,12900042,충장인업사,광주 동구 학동  110-15,광주,,35.14169,126.920935,pension,292,second,2,,2026-04-26T11:24:46.761960,2026-04-26T11:24:46.761960,1
PENSION_STORE_00816,12990031,프렌드24시,광주 광산구 쌍암동  664-5,광주,,35.220026,126.8423,pension,292,second,2,,2026-04-26T11:24:46.761960,2026-04-26T11:24:46.761960,1
PENSION_STORE_00817,13010032,석교복권천국,대전 중구 석교동  66-2,대전,,36.308937,127.4439,pension,292,second,2,,2026-04-26T11:24:46.761960,2026-04-26T11:24:46.761960,1
PENSION_STORE_00818,13110034,복권백화점,울산 중구 태화동  38-7  1층 ok마트내,울산,,35.554862,129.308632,pension,292,second,2,,2026-04-26T11:24:46.761960,2026-04-26T11:24:46.761960,1
PENSION_STORE_00819,13100065,보람복권방,울산 남구 삼산동  1567-6,울산,,35.541854,129.34156,pension,292,second,2,,2026-04-26T11:24:46.761960,2026-04-26T11:24:46.761960,1
PENSION_STORE_00820,14110665,건강마트,경기 하남시 춘궁동  328-1,경기,,37.547124,127.211423,pension,292,second,2,,2026-04-26T11:24:46.761960,2026-04-26T11:24:46.761960,1
PENSION_STORE_00821,14110471,복권방,경기 평택시 포승면 만호리 만호리 311-26,경기,수동,36.961743,126.85395,pension,292,first,1,,2026-04-26T11:24:46.761960,2026-04-26T11:24:46.761960,1
PENSION_STORE_00822,14100195,복권백화점,경기 파주시 금촌2동  329-135,경기,,37.763647,126.76994,pension,292,second,2,,2026-04-26T11:24:46.761960,2026-04-26T11:24:46.761960,1
PENSION_STORE_00823,14100150,대성기획,경기 용인시 기흥구 마북동 339-1,경기,,37.294908,127.1179,pension,292,second,2,,2026-04-26T11:24:46.761960,2026-04-26T11:24:46.761960,1
PENSION_STORE_00824,14100072,한아름알뜰매장,경기 안산시 단원구 선부동 선부동 1097-11,경기,수동,37.345268,126.8166,pension,292,first,1,,2026-04-26T11:24:46.761960,2026-04-26T11:24:46.761960,1
PENSION_STORE_00825,14100436,대성식품,경기 수원시 팔달구 교동 교동 90-7,경기,수동,37.272496,127.015053,pension,292,first,1,,2026-04-26T11:24:46.761960,2026-04-26T11:24:46.761960,1
PENSION_STORE_00826,14190013,제일담배,경기 성남시 중원구 금광동 금광동 3730,경기,,37.444965,127.160281,pension,292,second,2,,2026-04-26T11:24:46.761960,2026-04-26T11:24:46.761960,1
PENSION_STORE_00827,14100419,후레쉬슈퍼,경기 부천시 원미구 원미동 원미동 138-1,경기,,37.490876,126.78453,pension,292,second,2,,2026-04-26T11:24:46.761960,2026-04-26T11:24:46.761960,1
PENSION_STORE_00828,14110212,대박복권방,경기 남양주시 화도읍 마석우리 마석우리 마석지구41-1블럭중흥프라자101호,경기,,37.657296,127.30328,pension,292,second,2,,2026-04-26T11:24:46.761960,2026-04-26T11:24:46.761960,1
PENSION_STORE_00829,24100161,훼미리마트(일산동문),경기 고양시 일산서구 일산동 일산동 957-3,경기,수동,37.685949,126.765009,pension,292,first,1,,2026-04-26T11:24:46.761960,2026-04-26T11:24:46.761960,1
PENSION_STORE_00830,24100301,GS25(원당제일),경기 고양시 덕양구 주교동 주교동 617-8,경기,,37.6629,126.83835,pension,292,second,2,,2026-04-26T11:24:46.761960,2026-04-26T11:24:46.761960,1
PENSION_STORE_00831,14200039,봉의산마트,강원 춘천시 후평동  727-3,강원,수동,37.882622,127.74874,pension,292,first,1,,2026-04-26T11:24:46.761960,2026-04-26T11:24:46.761960,1
PENSION_STORE_00832,14290007,복권뱅크,강원 원주시 명륜동  104-6,강원,,37.341125,127.95393,pension,292,second,2,,2026-04-26T11:24:46.761960,2026-04-26T11:24:46.761960,1
PENSION_STORE_00833,14210018,동부매점,강원 강릉시 홍제동  992-2 고속버스터미널 동부매점,강원,수동,37.754555,128.880143,pension,292,first,1,,2026-04-26T11:24:46.761960,2026-04-26T11:24:46.761960,1
PENSION_STORE_00834,14310084,복권나라,충북 청주시 상당구 율량동 율량동 882-1,충북,자동,36.668504,127.488233,pension,292,first,1,,2026-04-26T11:24:46.761960,2026-04-26T11:24:46.761960,1
PENSION_STORE_00835,14410001,삼팔로또,충남 서천군 서천읍 군사리 군사리 696-5,충남,,36.075368,126.686382,pension,292,second,2,,2026-04-26T11:24:46.761960,2026-04-26T11:24:46.761960,1
PENSION_STORE_00836,14510042,코리아로또,전북 전주시 완산구 서노송동 서노송동 673-1,전북,,35.82837,127.145674,pension,292,second,2,,2026-04-26T11:24:46.761960,2026-04-26T11:24:46.761960,1
PENSION_STORE_00837,14590073,채널큐24시편의(아중),전북 전주시 덕진구 우아동2가 우아동2가 867-1,전북,,35.835504,127.16733,pension,292,second,2,,2026-04-26T11:24:46.761960,2026-04-26T11:24:46.761960,1
PENSION_STORE_00838,14500109,동남수퍼,전북 부안군 부안읍 봉덕리 봉덕리 574-143,전북,,35.727184,126.73924,pension,292,second,2,,2026-04-26T11:24:46.761960,2026-04-26T11:24:46.761960,1
PENSION_STORE_00839,14500011,대박찬스,전북 군산시 중앙로2가  12-4,전북,,35.969394,126.67932,pension,292,second,2,,2026-04-26T11:24:46.761960,2026-04-26T11:24:46.761960,1
PENSION_STORE_00840,14710176,대동도기상사,경북 영천시 금노동  499-2,경북,,35.960319,128.93189,pension,292,second,2,,2026-04-26T11:24:46.761960,2026-04-26T11:24:46.761960,1
PENSION_STORE_00841,14710021,홈런복권방,경북 영덕군 영덕읍 남석리 남석리 25-10,경북,,36.409132,129.36826,pension,292,second,2,,2026-04-26T11:24:46.761960,2026-04-26T11:24:46.761960,1
PENSION_STORE_00842,14700166,오태NG24시복권방,경북 구미시 오태동  54B 1L,경북,,36.104339,128.33399,pension,292,second,2,,2026-04-26T11:24:46.761960,2026-04-26T11:24:46.761960,1
PENSION_STORE_00843,14700020,하나유통,경북 경산시 진량읍 신상리 신상리 470-6,경북,,35.871756,128.81996,pension,292,second,2,,2026-04-26T11:24:46.761960,2026-04-26T11:24:46.761960,1
PENSION_STORE_00844,14800081,덕산24시슈퍼,경남 진해시 덕산동  79-10,경남,자동,35.144205,128.70132,pension,292,first,1,,2026-04-26T11:24:46.761960,2026-04-26T11:24:46.761960,1
PENSION_STORE_00845,14810132,흥부네 로또복권,경남 진주시 주약동  79-20 정암빌딩101호,경남,,35.186925,128.11674,pension,292,second,2,,2026-04-26T11:24:46.761960,2026-04-26T11:24:46.761960,1
PENSION_STORE_00846,14800029,천하명당복권방제일점,경남 마산시 합성동  121-19,경남,,35.198148,128.56763,pension,292,second,2,,2026-04-26T11:24:46.761960,2026-04-26T11:24:46.761960,1
PENSION_STORE_00847,14890043,복슈퍼,경남 김해시 삼계동  1501-2  11굿타임 108호,경남,,35.27011,128.86241,pension,292,second,2,,2026-04-26T11:24:46.761960,2026-04-26T11:24:46.761960,1
PENSION_STORE_00848,14890007,노다지복권방거창점,경남 거창군 거창읍 상림리 상림리 134,경남,,35.686072,127.91029,pension,292,second,2,,2026-04-26T11:24:46.761960,2026-04-26T11:24:46.761960,1
PENSION_STORE_00849,14910031,한라점,제주 제주시 노형동  2519-14 훼밀리마트대화점,제주,,33.482131,126.473745,pension,292,second,2,,2026-04-26T11:24:46.761960,2026-04-26T11:24:46.761960,1
PENSION_STORE_00850,24900003,GS25(노형런던점),제주 제주시 노형동  1045-15,제주,,33.491116,126.478615,pension,292,second,2,,2026-04-26T11:24:46.761960,2026-04-26T11:24:46.761960,1
PENSION_STORE_00851,11101536,대박찬스,서울 중랑구 면목동  103-32,서울,,37.589386,127.08978,pension,291,second,2,,2026-04-26T11:24:48.553843,2026-04-26T11:24:48.553843,1
PENSION_STORE_00852,11110394,상호,서울 종로구 당주동  40 (밀본리커주류판매점) 1층,서울,,37.571152,126.974709,pension,291,second,2,,2026-04-26T11:24:48.553843,2026-04-26T11:24:48.553843,1
PENSION_STORE_00853,11110520,로또판매점,서울 은평구 불광동  314-3,서울,,37.620643,126.924429,pension,291,second,2,,2026-04-26T11:24:48.553843,2026-04-26T11:24:48.553843,1
PENSION_STORE_00854,11100153,행운의사랑방,서울 영등포구 문래동4가  6-1,서울,,37.515718,126.89158,pension,291,second,2,,2026-04-26T11:24:48.553843,2026-04-26T11:24:48.553843,1
PENSION_STORE_00855,11100975,교통카드판매대,서울 영등포구 여의도동  25,서울,,37.523777,126.92687,pension,291,second,2,,2026-04-26T11:24:48.553843,2026-04-26T11:24:48.553843,1
PENSION_STORE_00856,11100730,복권파티,서울 송파구 거여동  31-10,서울,,37.492776,127.146129,pension,291,second,2,,2026-04-26T11:24:48.553843,2026-04-26T11:24:48.553843,1
PENSION_STORE_00857,11110606,문정3호점,서울 송파구 오금동  18-11,서울,,37.509708,127.105706,pension,291,second,2,,2026-04-26T11:24:48.553843,2026-04-26T11:24:48.553843,1
PENSION_STORE_00858,11101674,노다지복권방,서울 성동구 성수동2가  300-75호 1층 4,서울,,37.545711,127.053888,pension,291,second,2,,2026-04-26T11:24:48.553843,2026-04-26T11:24:48.553843,1
PENSION_STORE_00859,11110718,천하명당로또복권,서울 서대문구 홍은동  48-262  1층,서울,,37.588523,126.94564,pension,291,second,2,,2026-04-26T11:24:48.553843,2026-04-26T11:24:48.553843,1
PENSION_STORE_00860,11190060,유성포장,서울 구로구 구로동  145-1 1층코너,서울,,37.490443,126.8926,pension,291,second,2,,2026-04-26T11:24:48.553843,2026-04-26T11:24:48.553843,1
PENSION_STORE_00861,11101200,가로판매점,서울 관악구 신림5동  1433-85,서울,,37.485103,126.929312,pension,291,second,2,,2026-04-26T11:24:48.553843,2026-04-26T11:24:48.553843,1
PENSION_STORE_00862,11100180,신명,서울 강서구 방화2동  620-160,서울,자동,37.562246,126.80904,pension,291,first,1,,2026-04-26T11:24:48.553843,2026-04-26T11:24:48.553843,1
PENSION_STORE_00863,11100797,-,서울 강북구 번동  463-41,서울,,37.640638,127.028894,pension,291,second,2,,2026-04-26T11:24:48.553843,2026-04-26T11:24:48.553843,1
PENSION_STORE_00864,11101168,가로판매대,서울 강동구 길1동  459-1,서울,,37.534687,127.137483,pension,291,second,2,,2026-04-26T11:24:48.553843,2026-04-26T11:24:48.553843,1
PENSION_STORE_00865,21100461,GS25(대치골드),서울 강남구 대치동  896-52,서울,,37.50408,127.053612,pension,291,second,2,,2026-04-26T11:24:48.553843,2026-04-26T11:24:48.553843,1
PENSION_STORE_00866,11190021,바이복,서울 강남구 일원동  683-18,서울,수동,37.491381,127.082272,pension,291,first,1,,2026-04-26T11:24:48.553843,2026-04-26T11:24:48.553843,1
PENSION_STORE_00867,21100065,GS25(논현동현),서울 강남구 논현동  99-19번지,서울,,37.520608,127.037715,pension,291,second,2,,2026-04-26T11:24:48.553843,2026-04-26T11:24:48.553843,1
PENSION_STORE_00868,11110002,로또복권방,서울 강남구 논현동  169  103호,서울,,37.508914,127.02707,pension,291,second,2,,2026-04-26T11:24:48.553843,2026-04-26T11:24:48.553843,1
PENSION_STORE_00869,12610011,월드사진관,부산 사하구 다대동  944-22,부산,자동,35.057267,128.96972,pension,291,first,1,,2026-04-26T11:24:48.553843,2026-04-26T11:24:48.553843,1
PENSION_STORE_00870,12600274,청솔서점,부산 사하구 신평동  589-5,부산,,35.098818,128.95895,pension,291,second,2,,2026-04-26T11:24:48.553843,2026-04-26T11:24:48.553843,1
PENSION_STORE_00871,12600059,행운복권방,부산 사상구 모라동  647-1,부산,,35.191462,128.98931,pension,291,second,2,,2026-04-26T11:24:48.553843,2026-04-26T11:24:48.553843,1
PENSION_STORE_00872,12600086,돈벼락맞는곳,부산 동구 범일동  833-5,부산,,35.139161,129.05993,pension,291,second,2,,2026-04-26T11:24:48.553843,2026-04-26T11:24:48.553843,1
PENSION_STORE_00873,12600054,부일카서비스,부산 동구 범일동  830-195,부산,,35.140055,129.06305,pension,291,second,2,,2026-04-26T11:24:48.553843,2026-04-26T11:24:48.553843,1
PENSION_STORE_00874,12890004,찬스센타 백운점,인천 부평구 십정동  173-10 12,인천,자동,37.484818,126.70875,pension,291,first,1,,2026-04-26T11:24:48.553843,2026-04-26T11:24:48.553843,1
PENSION_STORE_00875,12800069,복권전문점,인천 부평구 청천동  236-20 1층 점포,인천,,37.503708,126.71512,pension,291,second,2,,2026-04-26T11:24:48.553843,2026-04-26T11:24:48.553843,1
PENSION_STORE_00876,13000171,노다지복권방,대전 중구 대흥동  388-6번지,대전,,36.318754,127.43063,pension,291,second,2,,2026-04-26T11:24:48.553843,2026-04-26T11:24:48.553843,1
PENSION_STORE_00877,13100008,노다지복권방,울산 울주군 온양읍 운화리 운화리 2-10,울산,,35.41519,129.28128,pension,291,second,2,,2026-04-26T11:24:48.553843,2026-04-26T11:24:48.553843,1
PENSION_STORE_00878,23100007,훼미리마트(옥동점),울산 남구 옥동  591-1,울산,,35.53586,129.288113,pension,291,second,2,,2026-04-26T11:24:48.553843,2026-04-26T11:24:48.553843,1
PENSION_STORE_00879,14110113,행운방,경기 용인시 기흥구 보정동 1804-4엔림프라자101호,경기,자동,37.320751,127.115089,pension,291,first,1,,2026-04-26T11:24:48.553843,2026-04-26T11:24:48.553843,1
PENSION_STORE_00880,14100585,가판대,경기 안양시 만안구 안양동 안양동 456-2,경기,,37.392699,126.925982,pension,291,second,2,,2026-04-26T11:24:48.553843,2026-04-26T11:24:48.553843,1
PENSION_STORE_00881,14100200,행운슈퍼(복권),경기 안산시 상록구 본오동 본오동 1118-8,경기,,37.301013,126.87272,pension,291,second,2,,2026-04-26T11:24:48.553843,2026-04-26T11:24:48.553843,1
PENSION_STORE_00882,14110074,천마 매표소,경기 시흥시 신천동  809(수협앞),경기,,37.382599,126.7979,pension,291,second,2,,2026-04-26T11:24:48.553843,2026-04-26T11:24:48.553843,1
PENSION_STORE_00883,14110083,플러스마트,경기 시흥시 정왕동  1407 1층,경기,,37.341166,126.75273,pension,291,second,2,,2026-04-26T11:24:48.553843,2026-04-26T11:24:48.553843,1
PENSION_STORE_00884,14110230,로또 복권방,경기 성남시 분당구 정자동 정자동 156-1젤존타워110,경기,,37.410204,127.130632,pension,291,second,2,,2026-04-26T11:24:48.553843,2026-04-26T11:24:48.553843,1
PENSION_STORE_00885,14100283,코코블루,경기 성남시 분당구 서현2동 서현2동 248-5 코코프라자 지하 2,경기,,37.385939,127.12409,pension,291,second,2,,2026-04-26T11:24:48.553843,2026-04-26T11:24:48.553843,1
PENSION_STORE_00886,14100298,돼지네 슈퍼,경기 부천시 소사구 소사본동 소사본동 233-30,경기,,37.4707,126.795613,pension,291,second,2,,2026-04-26T11:24:48.553843,2026-04-26T11:24:48.553843,1
PENSION_STORE_00887,14210097,한성로또복권,강원 정선군 고한읍 고한리 고한리 57-5,강원,,37.196944,128.858271,pension,291,second,2,,2026-04-26T11:24:48.553843,2026-04-26T11:24:48.553843,1
PENSION_STORE_00888,14310100,선경로또,충북 제천시 하소동  351 하소상가 105호,충북,자동,37.136294,128.19934,pension,291,first,1,,2026-04-26T11:24:48.553843,2026-04-26T11:24:48.553843,1
PENSION_STORE_00889,14310068,로또판매점,충북 음성군 대소면 태생리 태생리 533-1,충북,,36.976542,127.529289,pension,291,second,2,,2026-04-26T11:24:48.553843,2026-04-26T11:24:48.553843,1
PENSION_STORE_00890,14410127,로또천안삼거리점,충남 천안시 구성동  171 천안삼거리휴게소 內,충남,,36.788874,127.172269,pension,291,second,2,,2026-04-26T11:24:48.553843,2026-04-26T11:24:48.553843,1
PENSION_STORE_00891,14410119,로또복권방,충남 당진시 송악면 복운리 복운리 1650-14,충남,,36.944596,126.782838,pension,291,second,2,,2026-04-26T11:24:48.553843,2026-04-26T11:24:48.553843,1
PENSION_STORE_00892,14710165,k마트,경북 포항시 북구 득량동 득량동 170-1,경북,자동,36.029087,129.347321,pension,291,first,1,,2026-04-26T11:24:48.553843,2026-04-26T11:24:48.553843,1
PENSION_STORE_00893,14710093,복권명당판매소,경북 의성군 안계면 용기리 용기리 856-3,경북,,36.386238,128.434757,pension,291,second,2,,2026-04-26T11:24:48.553843,2026-04-26T11:24:48.553843,1
PENSION_STORE_00894,14810075,로또판매점,경남 마산시 석전동  264-16,경남,,35.229888,128.57429,pension,291,second,2,,2026-04-26T11:24:48.553843,2026-04-26T11:24:48.553843,1
PENSION_STORE_00895,14810056,돈벼락맞는곳,경남 김해시 한림면 병동리 병동리 980-7,경남,,35.293264,128.782964,pension,291,second,2,,2026-04-26T11:24:48.553843,2026-04-26T11:24:48.553843,1
PENSION_STORE_00896,14810063,로또행운마트,경남 김해시 장유면 무계리 무계리 155-12,경남,,35.203783,128.81001,pension,291,second,2,,2026-04-26T11:24:48.553843,2026-04-26T11:24:48.553843,1
PENSION_STORE_00897,11101681,명동역5번출구가판,서울 중구 충무로1가  24-1,서울,,37.561049,126.98452,pension,290,second,2,,2026-04-26T11:24:50.422688,2026-04-26T11:24:50.422688,1
PENSION_STORE_00898,11190241,원스탑,서울 송파구 잠실동  183-1,서울,자동,37.510902,127.083215,pension,290,first,1,,2026-04-26T11:24:50.422688,2026-04-26T11:24:50.422688,1
PENSION_STORE_00899,21100182,GS25(양재공원),서울 서초구 양재동  321-2,서울,자동,37.471019,127.04134,pension,290,first,1,,2026-04-26T11:24:50.422688,2026-04-26T11:24:50.422688,1
PENSION_STORE_00900,11190080,신수칼라,서울 마포구 신수동  339-3,서울,자동,37.560149,126.920833,pension,290,first,1,,2026-04-26T11:24:50.422688,2026-04-26T11:24:50.422688,1
PENSION_STORE_00901,11100626,중앙슈퍼,서울 동작구 흑석1동  184-27,서울,,37.507741,126.960557,pension,290,second,2,,2026-04-26T11:24:50.422688,2026-04-26T11:24:50.422688,1
PENSION_STORE_00902,11101685,버스카드충전소,서울 동작구 노량진동  112-5,서울,,37.513972,126.943594,pension,290,second,2,,2026-04-26T11:24:50.422688,2026-04-26T11:24:50.422688,1
PENSION_STORE_00903,11100133,노다지복권방,서울 동대문구 용두동  722-8,서울,,37.576326,127.02394,pension,290,second,2,,2026-04-26T11:24:50.423688,2026-04-26T11:24:50.423688,1
PENSION_STORE_00904,11101432,쉐라톤베이커리,서울 도봉구 도봉2동  89-148호,서울,,37.680369,127.04595,pension,290,second,2,,2026-04-26T11:24:50.423688,2026-04-26T11:24:50.423688,1
PENSION_STORE_00905,11190169,충남상회,서울 도봉구 도봉1동  616-31,서울,,37.672991,127.04291,pension,290,second,2,,2026-04-26T11:24:50.423688,2026-04-26T11:24:50.423688,1
PENSION_STORE_00906,21100260,훼미리마트(상계점),서울 노원구 상계3동  95-256,서울,,37.622955,127.080992,pension,290,second,2,,2026-04-26T11:24:50.423688,2026-04-26T11:24:50.423688,1
PENSION_STORE_00907,21100432,훼미리마트(자양태성),서울 광진구 자양동  553-489 101  102호 792,서울,,37.533416,127.070403,pension,290,second,2,,2026-04-26T11:24:50.423688,2026-04-26T11:24:50.423688,1
PENSION_STORE_00908,11101577,그린문구,서울 관악구 신림13동  637-9,서울,,37.470459,126.920091,pension,290,second,2,,2026-04-26T11:24:50.423688,2026-04-26T11:24:50.423688,1
PENSION_STORE_00909,11110053,로또잭팟,서울 관악구 신림동  727-5,서울,자동,37.474393,126.916383,pension,290,first,1,,2026-04-26T11:24:50.423688,2026-04-26T11:24:50.423688,1
PENSION_STORE_00910,22600025,㈜ Cspace 중앙제일점,부산 중구 동광동3가  17-2,부산,수동,35.101158,129.034786,pension,290,first,1,,2026-04-26T11:24:50.423688,2026-04-26T11:24:50.423688,1
PENSION_STORE_00911,12600274,청솔서점,부산 사하구 신평동  589-5,부산,,35.098818,128.95895,pension,290,second,2,,2026-04-26T11:24:50.423688,2026-04-26T11:24:50.423688,1
PENSION_STORE_00912,12690024,감전복권방,부산 사상구 감전1동  145-23,부산,,35.15534,128.980295,pension,290,second,2,,2026-04-26T11:24:50.423688,2026-04-26T11:24:50.423688,1
PENSION_STORE_00913,12600253,조이풀이삭토스트,부산 동래구 온천동  156-1,부산,자동,35.220275,129.08639,pension,290,first,1,,2026-04-26T11:24:50.423688,2026-04-26T11:24:50.423688,1
PENSION_STORE_00914,22700004,㈜ Cspace 범물청구점,대구 수성구 범물동  1277-11,대구,,35.820741,128.642388,pension,290,second,2,,2026-04-26T11:24:50.423688,2026-04-26T11:24:50.423688,1
PENSION_STORE_00915,12710006,로또 대박 불로점,대구 동구 불로동  382-18중앙B/D 1층전부,대구,,35.884841,128.62625,pension,290,second,2,,2026-04-26T11:24:50.423688,2026-04-26T11:24:50.423688,1
PENSION_STORE_00916,22800049,훼미리마트(연수청학),인천 연수구 청학동  500-1,인천,,37.416315,126.675922,pension,290,second,2,,2026-04-26T11:24:50.423688,2026-04-26T11:24:50.423688,1
PENSION_STORE_00917,12800058,가좌사,인천 서구 가좌3동  129-55,인천,,37.493659,126.68061,pension,290,second,2,,2026-04-26T11:24:50.423688,2026-04-26T11:24:50.423688,1
PENSION_STORE_00918,12800211,삼정텔레콤,인천 서구 마전동  698-12,인천,,37.602675,126.65833,pension,290,second,2,,2026-04-26T11:24:50.423688,2026-04-26T11:24:50.423688,1
PENSION_STORE_00919,12900146,버블비어,광주 광산구 운남동  776-3 운남주공아파트상가 108,광주,,35.178013,126.82494,pension,290,second,2,,2026-04-26T11:24:50.423688,2026-04-26T11:24:50.423688,1
PENSION_STORE_00920,13010011,승리복권,대전 대덕구 오정동  235-1,대전,,36.353361,127.410103,pension,290,second,2,,2026-04-26T11:24:50.423688,2026-04-26T11:24:50.423688,1
PENSION_STORE_00921,13190023,천하명당,울산 중구 학산동  90-10,울산,,35.560471,129.350067,pension,290,second,2,,2026-04-26T11:24:50.423688,2026-04-26T11:24:50.423688,1
PENSION_STORE_00922,13100019,복권백화점,울산 남구 신정3동  306-5,울산,,35.530889,129.31369,pension,290,second,2,,2026-04-26T11:24:50.423688,2026-04-26T11:24:50.423688,1
PENSION_STORE_00923,13110081,휘빈리로또,울산 남구 신정동  1287-7,울산,,35.546515,129.307108,pension,290,second,2,,2026-04-26T11:24:50.423688,2026-04-26T11:24:50.423688,1
PENSION_STORE_00924,14110332,파란만장복권방,경기 화성시 태안읍 진안리 진안리 878-9  101,경기,,37.21241,127.038823,pension,290,second,2,,2026-04-26T11:24:50.423688,2026-04-26T11:24:50.423688,1
PENSION_STORE_00925,14190237,연안상회,경기 포천시 일동면 기산2리 기산2리 90-37,경기,,37.956715,127.316994,pension,290,second,2,,2026-04-26T11:24:50.423688,2026-04-26T11:24:50.423688,1
PENSION_STORE_00926,14190163,행운복권방,경기 포천시 소흘읍  송우리    127-6,경기,자동,37.828831,127.14752,pension,290,first,1,,2026-04-26T11:24:50.423688,2026-04-26T11:24:50.423688,1
PENSION_STORE_00927,14190163,행운복권방,경기 포천시 소흘읍  송우리    127-6,경기,,37.828831,127.14752,pension,290,second,2,,2026-04-26T11:24:50.423688,2026-04-26T11:24:50.423688,1
PENSION_STORE_00928,14110305,행운복권방,경기 의정부시 용현동  14,경기,,37.736763,127.0872,pension,290,second,2,,2026-04-26T11:24:50.423688,2026-04-26T11:24:50.423688,1
PENSION_STORE_00929,14100216,복권세계,경기 의정부시 의정부동  17-2호 1층,경기,,37.74382,127.05192,pension,290,second,2,,2026-04-26T11:24:50.423688,2026-04-26T11:24:50.423688,1
PENSION_STORE_00930,14190030,주택복권방,경기 안양시 만안구 안양동 안양동 138-9,경기,,37.389382,126.93167,pension,290,second,2,,2026-04-26T11:24:50.423688,2026-04-26T11:24:50.423688,1
PENSION_STORE_00931,14100035,하이로또 복권방,경기 안양시 동안구 평촌동 평촌동 89-2,경기,,37.394174,126.9756,pension,290,second,2,,2026-04-26T11:24:50.423688,2026-04-26T11:24:50.423688,1
PENSION_STORE_00932,14110606,로또판매점,경기 안산시 상록구 월피동 월피동 448 현대2차아파트상가 18,경기,자동,37.330234,126.8492,pension,290,first,1,,2026-04-26T11:24:50.423688,2026-04-26T11:24:50.423688,1
PENSION_STORE_00933,14110421,소망복권방,경기 안산시 단원구 고잔동 고잔동 585 풍림상가 106,경기,,37.321,126.82749,pension,290,second,2,,2026-04-26T11:24:50.423688,2026-04-26T11:24:50.423688,1
PENSION_STORE_00934,14100381,여우와솜사탕,경기 안산시 상록구 부곡동 부곡동 692-3,경기,,37.312261,126.83775,pension,290,second,2,,2026-04-26T11:24:50.423688,2026-04-26T11:24:50.423688,1
PENSION_STORE_00935,14190217,신봤다대박복권방,경기 안산시 상록구 본오동 본오동 882-2  1층 우측상가,경기,자동,37.293389,126.861729,pension,290,first,1,,2026-04-26T11:24:50.423688,2026-04-26T11:24:50.423688,1
PENSION_STORE_00936,14110078,부현제일명당,경기 시흥시 정왕동  1558-11  102호,경기,,37.34358,126.74691,pension,290,second,2,,2026-04-26T11:24:50.423688,2026-04-26T11:24:50.423688,1
PENSION_STORE_00937,14100342,명당슈퍼,경기 수원시 영통구 원천동 원천동 76-1,경기,,37.274043,127.04705,pension,290,second,2,,2026-04-26T11:24:50.423688,2026-04-26T11:24:50.423688,1
PENSION_STORE_00938,14100270,오복슈퍼,경기 성남시 중원구 금광동 금광동 2880번지,경기,,37.450252,127.165859,pension,290,second,2,,2026-04-26T11:24:50.423688,2026-04-26T11:24:50.423688,1
PENSION_STORE_00939,14190078,복권닷컴,경기 성남시 수정구 태평3동 태평3동 3510,경기,,37.443002,127.1356,pension,290,second,2,,2026-04-26T11:24:50.423688,2026-04-26T11:24:50.423688,1
PENSION_STORE_00940,14100166,해피데이 복권방,경기 부천시 소사구 괴안동 괴안동 40-13  1층 동향 좌측 1호,경기,,37.479996,126.805994,pension,290,second,2,,2026-04-26T11:24:50.423688,2026-04-26T11:24:50.423688,1
PENSION_STORE_00941,14110372,다우복권방,경기 동두천시 생연동  689-45,경기,,37.891396,127.05302,pension,290,second,2,,2026-04-26T11:24:50.423688,2026-04-26T11:24:50.423688,1
PENSION_STORE_00942,14100689,드림복권방,경기 남양주시 와부읍 덕소리 덕소리 481-7,경기,,37.647554,127.12373,pension,290,second,2,,2026-04-26T11:24:50.423688,2026-04-26T11:24:50.423688,1
PENSION_STORE_00943,14100695,팬시코아,경기 남양주시 퇴계원면 퇴계원리 퇴계원리 255-24,경기,,37.650974,127.14217,pension,290,second,2,,2026-04-26T11:24:50.423688,2026-04-26T11:24:50.423688,1
PENSION_STORE_00944,14100364,대광슈퍼,경기 군포시 산본동  1061-3 미성프라자 106호,경기,수동,37.371098,126.93398,pension,290,first,1,,2026-04-26T11:24:50.423688,2026-04-26T11:24:50.423688,1
PENSION_STORE_00945,14190186,24시슈퍼,경기 군포시 산본동  1142-5 금화프라자 102 112호,경기,,37.358312,126.93228,pension,290,second,2,,2026-04-26T11:24:50.423688,2026-04-26T11:24:50.423688,1
PENSION_STORE_00946,14110367,로또쉼터,경기 군포시 산본동  75-59 1층,경기,,37.353596,126.946504,pension,290,second,2,,2026-04-26T11:24:50.423688,2026-04-26T11:24:50.423688,1
PENSION_STORE_00947,14110360,철산2호점로또판매,경기 광명시 철산동  367 한신A 유치원동 102,경기,,37.472176,126.876499,pension,290,second,2,,2026-04-26T11:24:50.423688,2026-04-26T11:24:50.423688,1
PENSION_STORE_00948,14200096,복권,강원 춘천시 운교동  206-7,강원,,37.876713,127.734532,pension,290,second,2,,2026-04-26T11:24:50.423688,2026-04-26T11:24:50.423688,1
PENSION_STORE_00949,14300004,대박찬스,충북 청주시 흥덕구 가경동 1220번지,충북,,36.628987,127.43647,pension,290,second,2,,2026-04-26T11:24:50.423688,2026-04-26T11:24:50.423688,1
PENSION_STORE_00950,14300022,복권나라,충북 증평군 증평읍 중동리 중동리 15-3번지,충북,,36.783937,127.58088,pension,290,second,2,,2026-04-26T11:24:50.423688,2026-04-26T11:24:50.423688,1
PENSION_STORE_00951,14410064,로또,충남 홍성군 홍성읍 오관리 오관리 311-5,충남,,36.601037,126.667633,pension,290,second,2,,2026-04-26T11:24:50.423688,2026-04-26T11:24:50.423688,1
PENSION_STORE_00952,14410033,로또복권 예산점,충남 예산군 예산읍 주교리 주교리 221-10,충남,,36.686422,126.830094,pension,290,second,2,,2026-04-26T11:24:50.423688,2026-04-26T11:24:50.423688,1
PENSION_STORE_00953,14490013,조치원복권방,충남 연기군 조치원읍 원리 원리 12-6,충남,,36.601537,127.29787,pension,290,second,2,,2026-04-26T11:24:50.423688,2026-04-26T11:24:50.423688,1
PENSION_STORE_00954,14410008,행운을나누는사람들,충남 아산시 모종동  589-33,충남,,36.746343,126.86689,pension,290,second,2,,2026-04-26T11:24:50.423688,2026-04-26T11:24:50.423688,1
PENSION_STORE_00955,14410112,로또명당 해미점,충남 서산시 해미면 읍내리 읍내리 295-4,충남,,36.71344,126.544188,pension,290,second,2,,2026-04-26T11:24:50.423688,2026-04-26T11:24:50.423688,1
PENSION_STORE_00956,14400055,원동슈퍼,충남 보령시 대천동  172-8번지,충남,자동,36.35115,126.59745,pension,290,first,1,,2026-04-26T11:24:50.423688,2026-04-26T11:24:50.423688,1
PENSION_STORE_00957,14410078,동부수퍼로또,충남 보령시 대천동  372-1 동부아파트상가 108호,충남,,36.354488,126.585194,pension,290,second,2,,2026-04-26T11:24:50.423688,2026-04-26T11:24:50.423688,1
PENSION_STORE_00958,14510045,대박복권방,전북 전주시 덕진구 인후동1가 인후동1가 846-6,전북,,35.834676,127.16471,pension,290,second,2,,2026-04-26T11:24:50.423688,2026-04-26T11:24:50.423688,1
PENSION_STORE_00959,14500109,동남수퍼,전북 부안군 부안읍 봉덕리 봉덕리 574-143,전북,,35.727184,126.73924,pension,290,second,2,,2026-04-26T11:24:50.423688,2026-04-26T11:24:50.423688,1
PENSION_STORE_00960,14610106,종합복권판매대리점,전남 해남군 해남읍  해리 178,전남,,34.570811,126.61085,pension,290,second,2,,2026-04-26T11:24:50.423688,2026-04-26T11:24:50.423688,1
PENSION_STORE_00961,14610067,24그린마트,전남 신안군 지도읍 읍내리 읍내리 273-1,전남,,35.060022,126.211204,pension,290,second,2,,2026-04-26T11:24:50.423688,2026-04-26T11:24:50.423688,1
PENSION_STORE_00962,14610054,명성복권방,전남 순천시 연향동  1462-2,전남,자동,34.948271,127.52516,pension,290,first,1,,2026-04-26T11:24:50.423688,2026-04-26T11:24:50.423688,1
PENSION_STORE_00963,14600076,천하명당장천점,전남 순천시 장천동  85-35,전남,,34.946857,127.48981,pension,290,second,2,,2026-04-26T11:24:50.423688,2026-04-26T11:24:50.423688,1
PENSION_STORE_00964,14600035,횃불복권,전남 목포시 옥암동  1096 우미A상가106호,전남,,34.800276,126.435777,pension,290,second,2,,2026-04-26T11:24:50.423688,2026-04-26T11:24:50.423688,1
PENSION_STORE_00965,14710158,사랑의 꽃집,경북 영주시 하망동  247-9,경북,,36.830172,128.634393,pension,290,second,2,,2026-04-26T11:24:50.423688,2026-04-26T11:24:50.423688,1
PENSION_STORE_00966,24700019,훼미리마트(구미사곡),경북 구미시 사곡동  481-7,경북,수동,36.098216,128.358582,pension,290,first,1,,2026-04-26T11:24:50.423688,2026-04-26T11:24:50.423688,1
PENSION_STORE_00967,14800049,희망슈퍼,경남 창원시 봉곡동  32-7번지,경남,,35.24407,128.65156,pension,290,second,2,,2026-04-26T11:24:50.423688,2026-04-26T11:24:50.423688,1
PENSION_STORE_00968,14800074,경남24시슈퍼,경남 창원시 상남동  2-9 가야빌딩 101,경남,,35.210196,128.704112,pension,290,second,2,,2026-04-26T11:24:50.423688,2026-04-26T11:24:50.423688,1
PENSION_STORE_00969,14810139,로또복권,경남 진해시 석동  663-6 그린프라자 102호 GS25시진해대동점내,경남,,35.153446,128.707097,pension,290,second,2,,2026-04-26T11:24:50.423688,2026-04-26T11:24:50.423688,1
PENSION_STORE_00970,14910034,선의,제주 서귀포시 서귀동  256-38,제주,,33.248772,126.567372,pension,290,second,2,,2026-04-26T11:24:50.423688,2026-04-26T11:24:50.423688,1
PENSION_STORE_00971,11190089,천하명당복권방동소문,서울 성북구 동소문동7가  93-2,서울,,37.588129,127.00723,pension,289,second,2,,2026-04-26T11:24:51.983152,2026-04-26T11:24:51.983152,1
PENSION_STORE_00972,11100885,버스토큰판매소,서울 구로구 개봉본동  157-13,서울,,37.497648,126.856162,pension,289,second,2,,2026-04-26T11:24:51.983152,2026-04-26T11:24:51.983152,1
PENSION_STORE_00973,11110545,로또복권판매점,서울 강동구 길동  392-2     1층,서울,,37.536122,127.134376,pension,289,second,2,,2026-04-26T11:24:51.983152,2026-04-26T11:24:51.983152,1
PENSION_STORE_00974,12600111,오렌지마트,부산 사하구 장림동  316-8,부산,,35.080525,128.97577,pension,289,second,2,,2026-04-26T11:24:51.983152,2026-04-26T11:24:51.983152,1
PENSION_STORE_00975,12610148,복쓰리로또방,부산 사상구 감전동  130-2,부산,,35.155869,128.981537,pension,289,second,2,,2026-04-26T11:24:51.983152,2026-04-26T11:24:51.983152,1
PENSION_STORE_00976,12790042,복권천하(읍내점),대구 북구 구암동  766 프라임프라자 1층코너 101,대구,,35.942672,128.56398,pension,289,second,2,,2026-04-26T11:24:51.983152,2026-04-26T11:24:51.983152,1
PENSION_STORE_00977,12800026,유승마트,인천 서구 연희동  682-17,인천,,37.550565,126.674056,pension,289,second,2,,2026-04-26T11:24:51.983152,2026-04-26T11:24:51.983152,1
PENSION_STORE_00978,22800002,㈜ Cspace 주안1-2,인천 남구 주안동  224-1,인천,,37.462917,126.680002,pension,289,second,2,,2026-04-26T11:24:51.983152,2026-04-26T11:24:51.983152,1
PENSION_STORE_00979,12800239,성모당약국,인천 계양구 박촌동  52-8,인천,,37.555831,126.74534,pension,289,second,2,,2026-04-26T11:24:51.983152,2026-04-26T11:24:51.983152,1
PENSION_STORE_00980,12910092,로또복권,광주 서구 농성동  422-3 농성삼익상가 107,광주,,35.15129,126.853524,pension,289,second,2,,2026-04-26T11:24:51.983152,2026-04-26T11:24:51.983152,1
PENSION_STORE_00981,13000040,대박복권방,대전 중구 용두동  13-7번지,대전,,36.322995,127.414435,pension,289,second,2,,2026-04-26T11:24:51.983152,2026-04-26T11:24:51.983152,1
PENSION_STORE_00982,13010005,금산인삼엑스포,대전 대덕구 비래동  125-6,대전,,36.354297,127.44996,pension,289,second,2,,2026-04-26T11:24:51.983152,2026-04-26T11:24:51.983152,1
PENSION_STORE_00983,13100044,CN마트,울산 동구 화정동  849-27,울산,,35.498521,129.42026,pension,289,second,2,,2026-04-26T11:24:51.983152,2026-04-26T11:24:51.983152,1
PENSION_STORE_00984,14100216,복권세계,경기 의정부시 의정부동  17-2호 1층,경기,,37.74382,127.05192,pension,289,second,2,,2026-04-26T11:24:51.983152,2026-04-26T11:24:51.983152,1
PENSION_STORE_00985,14110588,태양복권,경기 성남시 중원구 상대원동 상대원동 860,경기,,37.439309,127.165564,pension,289,second,2,,2026-04-26T11:24:51.983152,2026-04-26T11:24:51.983152,1
PENSION_STORE_00986,14100773,이레정보통신,경기 부천시 오정구 원종 원종 375-6,경기,,37.518934,126.80454,pension,289,second,2,,2026-04-26T11:24:51.983152,2026-04-26T11:24:51.983152,1
PENSION_STORE_00987,14100538,버스표판매소,경기 고양시 덕양구 화정동 400-2화정역2번출구,경기,,37.63452,126.83222,pension,289,second,2,,2026-04-26T11:24:51.983152,2026-04-26T11:24:51.983152,1
PENSION_STORE_00988,14390015,천하제일 복권방,충북 청주시 흥덕구 모충동 모충동 446-35 삼호상가1-105,충북,,36.627509,127.47575,pension,289,second,2,,2026-04-26T11:24:51.983152,2026-04-26T11:24:51.983152,1
PENSION_STORE_00989,14400023,로또천사점,충남 천안시 성정동  1151,충남,,36.834202,127.12996,pension,289,second,2,,2026-04-26T11:24:51.983152,2026-04-26T11:24:51.983152,1
PENSION_STORE_00990,14410022,태양슈퍼,충남 당진시 합덕읍 운산리 운산리 282-3,충남,,36.809272,126.772735,pension,289,second,2,,2026-04-26T11:24:51.983152,2026-04-26T11:24:51.983152,1
PENSION_STORE_00991,14710035,효자로또복권,경북 포항시 남구 효자동 효자동 192-3,경북,,36.009406,129.33806,pension,289,second,2,,2026-04-26T11:24:51.983152,2026-04-26T11:24:51.983152,1
PENSION_STORE_00992,14800118,창원병원앞매표소,경남 창원시 중앙동  104-1,경남,,35.218499,128.671431,pension,289,second,2,,2026-04-26T11:24:51.983152,2026-04-26T11:24:51.983152,1
PENSION_STORE_00993,14810069,삼계복권전문점,경남 마산시 내서읍 삼계리 삼계리 30-3,경남,,35.231862,128.50467,pension,289,second,2,,2026-04-26T11:24:51.983152,2026-04-26T11:24:51.983152,1
PENSION_STORE_00994,14890013,대박복권방,경남 김해시 삼정동  592-3,경남,,35.232085,128.89611,pension,289,second,2,,2026-04-26T11:24:51.983152,2026-04-26T11:24:51.983152,1
PENSION_STORE_00995,11100434,월드24시,서울 은평구 갈현1동  398-1,서울,,37.619245,126.91978,pension,288,second,2,,2026-04-26T11:24:53.763790,2026-04-26T11:24:53.763790,1
PENSION_STORE_00996,11100677,만나식품,서울 성북구 장위동  64-8 35/5,서울,,37.612206,127.055269,pension,288,second,2,,2026-04-26T11:24:53.763790,2026-04-26T11:24:53.763790,1
PENSION_STORE_00997,11100414,성원식품,서울 서초구 서초3동  1451-2 성원빌딩 102,서울,자동,37.484187,127.013677,pension,288,first,1,,2026-04-26T11:24:53.763790,2026-04-26T11:24:53.763790,1
PENSION_STORE_00998,11101569,대진전자,서울 노원구 상계1동  1025-40,서울,,37.649702,127.06134,pension,288,second,2,,2026-04-26T11:24:53.763790,2026-04-26T11:24:53.763790,1
PENSION_STORE_00999,12610044,대승복권,부산 해운대구 좌동  1484-1 대승플라자빌딩 101,부산,자동,35.169604,129.177716,pension,288,first,1,,2026-04-26T11:24:53.763790,2026-04-26T11:24:53.763790,1
PENSION_STORE_01000,12690065,원바이원,부산 중구 부평동2가  68-4,부산,,35.101133,129.02531,pension,288,second,2,,2026-04-26T11:24:53.763790,2026-04-26T11:24:53.763790,1
PENSION_STORE_01001,12600004,일공공일안경원,부산 연제구 거제3동  617-11,부산,,35.181891,129.07128,pension,288,second,2,,2026-04-26T11:24:53.763790,2026-04-26T11:24:53.763790,1
PENSION_STORE_01002,22600006,㈜ Cspace 다대제일점,부산 사하구 다대동  820-12  4/5,부산,수동,35.056533,128.971616,pension,288,first,1,,2026-04-26T11:24:53.763790,2026-04-26T11:24:53.763790,1
PENSION_STORE_01003,12600326,셀프카메라,부산 부산진구 개금동  472-23,부산,,35.154545,129.0217,pension,288,second,2,,2026-04-26T11:24:53.763790,2026-04-26T11:24:53.763790,1
PENSION_STORE_01004,12800223,영화사랑,인천 부평구 청천동  15-9,인천,,37.517732,126.703704,pension,288,second,2,,2026-04-26T11:24:53.763790,2026-04-26T11:24:53.763790,1
PENSION_STORE_01005,12890028,복권방,인천 부평구 부개동  131-11,인천,,37.493946,126.73508,pension,288,second,2,,2026-04-26T11:24:53.763790,2026-04-26T11:24:53.763790,1
PENSION_STORE_01006,12900008,코사마트,광주 광산구 신창동  1108-1 부영상가1층 112호,광주,,35.185311,126.84032,pension,288,second,2,,2026-04-26T11:24:53.763790,2026-04-26T11:24:53.763790,1
PENSION_STORE_01007,13190001,영화유통 (1등복권방),울산 남구 달동  758 삼성아파트상가 204-101,울산,,35.534272,129.32176,pension,288,second,2,,2026-04-26T11:24:53.763790,2026-04-26T11:24:53.763790,1
PENSION_STORE_01008,14100582,인덕원 가판점,경기 안양시 동안구 관양2동 관양2동 1488-6,경기,,37.402664,126.975116,pension,288,second,2,,2026-04-26T11:24:53.763790,2026-04-26T11:24:53.763790,1
PENSION_STORE_01009,24100104,GS25(안산산호),경기 안산시 단원구 선부동 1081산호한양상가101호,경기,,37.336678,126.813262,pension,288,second,2,,2026-04-26T11:24:53.763790,2026-04-26T11:24:53.763790,1
PENSION_STORE_01010,14100513,은행 복권방,경기 시흥시 은행동  529-6,경기,,37.445135,126.800471,pension,288,second,2,,2026-04-26T11:24:53.763790,2026-04-26T11:24:53.763790,1
PENSION_STORE_01011,14110371,복권방,경기 동두천시 생연동  713-1,경기,,37.899039,127.05476,pension,288,second,2,,2026-04-26T11:24:53.763790,2026-04-26T11:24:53.763790,1
PENSION_STORE_01012,14110486,웃는 로또방,경기 고양시 덕양구 토당동 토당동 296-20,경기,,37.624093,126.81773,pension,288,second,2,,2026-04-26T11:24:53.763790,2026-04-26T11:24:53.763790,1
PENSION_STORE_01013,14300004,대박찬스,충북 청주시 흥덕구 가경동 1220번지,충북,,36.628987,127.43647,pension,288,second,2,,2026-04-26T11:24:53.763790,2026-04-26T11:24:53.763790,1
PENSION_STORE_01014,14310106,로또명당,충북 진천군 진천읍 벽암리 벽암리 190-2,충북,수동,36.871677,127.43315,pension,288,first,1,,2026-04-26T11:24:53.763790,2026-04-26T11:24:53.763790,1
PENSION_STORE_01015,14510112,로또판매점,전북 장수군 장수읍 장수리 장수리 277-1,전북,,35.648846,127.52069,pension,288,second,2,,2026-04-26T11:24:53.763790,2026-04-26T11:24:53.763790,1
PENSION_STORE_01016,14590047,우정슈퍼,전북 군산시 소룡동  1535-12,전북,,35.97298,126.680728,pension,288,second,2,,2026-04-26T11:24:53.763790,2026-04-26T11:24:53.763790,1
PENSION_STORE_01017,14710181,로또복권,경북 군위군 군의읍 서부리 서부리 124-6,경북,,36.231366,128.56747,pension,288,second,2,,2026-04-26T11:24:53.763790,2026-04-26T11:24:53.763790,1
PENSION_STORE_01018,14700032,복권명당,경북 경산시 중방동  848-9,경북,,35.826538,128.73688,pension,288,second,2,,2026-04-26T11:24:53.763790,2026-04-26T11:24:53.763790,1
PENSION_STORE_01019,24800026,GS25(진주터미널),경남 진주시 장대동  95-9,경남,,35.191758,128.089029,pension,288,second,2,,2026-04-26T11:24:53.763790,2026-04-26T11:24:53.763790,1
PENSION_STORE_01020,24820001,C-SPACE 삼계가야점,경남 김해시 상동면 매리 경남 김해시 삼계동 1462-9 102,경남,,35.263222,128.870743,pension,288,second,2,,2026-04-26T11:24:53.763790,2026-04-26T11:24:53.763790,1
PENSION_STORE_01021,24800012,GS25(장유무계),경남 김해시 장유면 무계리 무계리 청학프라자1-107호,경남,,35.200007,128.815052,pension,288,second,2,,2026-04-26T11:24:53.763790,2026-04-26T11:24:53.763790,1
PENSION_STORE_01022,14910026,만물가게,제주 제주시 이도이동  1188-5,제주,,33.496454,126.52991,pension,288,second,2,,2026-04-26T11:24:53.763790,2026-04-26T11:24:53.763790,1
PENSION_STORE_01023,11100123,우리 SM,서울 종로구 종로2가  25,서울,,37.571328,127.00789,pension,287,second,2,,2026-04-26T11:24:55.593091,2026-04-26T11:24:55.593091,1
PENSION_STORE_01024,11190121,제이복권방,서울 종로구 종로5가  58번지 평창빌딩 1층 103호,서울,,37.571252,127.00283,pension,287,second,2,,2026-04-26T11:24:55.593091,2026-04-26T11:24:55.593091,1
PENSION_STORE_01025,11190120,천하명당,서울 종로구 창신동  693-1,서울,,37.573572,127.01098,pension,287,second,2,,2026-04-26T11:24:55.593091,2026-04-26T11:24:55.593091,1
PENSION_STORE_01026,11190200,원스탑 복권방,서울 송파구 잠실동  195,서울,,37.510223,127.079437,pension,287,second,2,,2026-04-26T11:24:55.593091,2026-04-26T11:24:55.593091,1
PENSION_STORE_01027,11101119,가판점,서울 서대문구 창천동  31-28 남도일식앞,서울,,37.559317,126.936311,pension,287,second,2,,2026-04-26T11:24:55.593091,2026-04-26T11:24:55.593091,1
PENSION_STORE_01028,11110643,로또복권판매점,서울 마포구 신수동  88-9,서울,자동,37.54966,126.937522,pension,287,first,1,,2026-04-26T11:24:55.593091,2026-04-26T11:24:55.593091,1
PENSION_STORE_01029,11110709,-,서울 동작구 사당동  147-78,서울,자동,37.485318,126.969972,pension,287,first,1,,2026-04-26T11:24:55.593091,2026-04-26T11:24:55.593091,1
PENSION_STORE_01030,11110247,로또복권,서울 노원구 공릉동  362-3 1층,서울,,37.628496,127.071851,pension,287,second,2,,2026-04-26T11:24:55.593091,2026-04-26T11:24:55.593091,1
PENSION_STORE_01031,11110447,화양복권,서울 광진구 화양동  23-7,서울,,37.547556,127.06727,pension,287,second,2,,2026-04-26T11:24:55.593091,2026-04-26T11:24:55.593091,1
PENSION_STORE_01032,11110019,덕성상회,서울 강서구 외발산동  424 수협2층 29호,서울,자동,37.566426,126.815041,pension,287,first,1,,2026-04-26T11:24:55.593091,2026-04-26T11:24:55.593091,1
PENSION_STORE_01033,11190021,바이복,서울 강남구 일원동  683-18,서울,,37.491381,127.082272,pension,287,second,2,,2026-04-26T11:24:55.593091,2026-04-26T11:24:55.593091,1
PENSION_STORE_01034,12610167,거제현대점로또판매,부산 연제구 거제동  1476-5,부산,,35.193333,129.067382,pension,287,second,2,,2026-04-26T11:24:55.593091,2026-04-26T11:24:55.593091,1
PENSION_STORE_01035,12610154,로또복권,부산 사하구 감천동  648-10 훼미리마트1 층 매장일부,부산,,35.061206,128.976029,pension,287,second,2,,2026-04-26T11:24:55.593091,2026-04-26T11:24:55.593091,1
PENSION_STORE_01036,12610088,안락점로또판매,부산 동래구 안락동  471-6,부산,,35.198776,129.112554,pension,287,second,2,,2026-04-26T11:24:55.593091,2026-04-26T11:24:55.593091,1
PENSION_STORE_01037,12700270,세진전자통신,대구 서구 평리동  1094-4,대구,,35.871898,128.55519,pension,287,second,2,,2026-04-26T11:24:55.593091,2026-04-26T11:24:55.593091,1
PENSION_STORE_01038,12710005,로또방촌점,대구 동구 방촌동  907-4,대구,,35.881997,128.665054,pension,287,second,2,,2026-04-26T11:24:55.593091,2026-04-26T11:24:55.593091,1
PENSION_STORE_01039,12710159,태수상사,대구 달서구 상인동  755-4번지,대구,,35.807818,128.50922,pension,287,second,2,,2026-04-26T11:24:55.593091,2026-04-26T11:24:55.593091,1
PENSION_STORE_01040,12700090,복권백화(대백한라앞),대구 달서구 이곡동  538-3,대구,,35.852206,128.50126,pension,287,second,2,,2026-04-26T11:24:55.593091,2026-04-26T11:24:55.593091,1
PENSION_STORE_01041,12900090,현대슈퍼,광주 서구 쌍촌동  970-24,광주,,35.150524,126.857314,pension,287,second,2,,2026-04-26T11:24:55.593091,2026-04-26T11:24:55.593091,1
PENSION_STORE_01042,13000110,모아스토아,대전 서구 갈마1동  392-11번지,대전,,36.344618,127.36831,pension,287,second,2,,2026-04-26T11:24:55.593091,2026-04-26T11:24:55.593091,1
PENSION_STORE_01043,13090030,베스토아(용전2호),대전 동구 용전동  68-2,대전,,36.350311,127.43671,pension,287,second,2,,2026-04-26T11:24:55.593091,2026-04-26T11:24:55.593091,1
PENSION_STORE_01044,13000082,장터슈퍼,대전 동구 인동  40-7번지,대전,,36.319765,127.43855,pension,287,second,2,,2026-04-26T11:24:55.593091,2026-04-26T11:24:55.593091,1
PENSION_STORE_01045,13010084,-,대전 동구 용전동  63-3 동부고속버스터미널 내,대전,,36.290455,127.46335,pension,287,second,2,,2026-04-26T11:24:55.593091,2026-04-26T11:24:55.593091,1
PENSION_STORE_01046,13000088,후생사제3매장,대전 동구 가양2동  38-6번지,대전,수동,36.349682,127.4467,pension,287,first,1,,2026-04-26T11:24:55.593091,2026-04-26T11:24:55.593091,1
PENSION_STORE_01047,13100057,한꿈복권방,울산 중구 남외동  486-5,울산,,35.568772,129.34587,pension,287,second,2,,2026-04-26T11:24:55.593091,2026-04-26T11:24:55.593091,1
PENSION_STORE_01048,13190003,화정복권방,울산 동구 화정동  637-2,울산,,35.496857,129.42679,pension,287,second,2,,2026-04-26T11:24:55.593091,2026-04-26T11:24:55.593091,1
PENSION_STORE_01049,14100195,복권백화점,경기 파주시 금촌2동  329-135,경기,,37.763647,126.76994,pension,287,second,2,,2026-04-26T11:24:55.593091,2026-04-26T11:24:55.593091,1
PENSION_STORE_01050,14110135,로또나라,경기 파주시 교하면 문발리 문발리 495-138,경기,,37.700176,126.68398,pension,287,second,2,,2026-04-26T11:24:55.593091,2026-04-26T11:24:55.593091,1
PENSION_STORE_01051,14100149,노다지복권방,경기 용인시 처인구 마평동 마평동 735-1,경기,,37.235192,127.21056,pension,287,second,2,,2026-04-26T11:24:55.593091,2026-04-26T11:24:55.593091,1
PENSION_STORE_01052,14110616,무지개복권,경기 오산시 은계동  7-31 수도상가 106-103,경기,,37.16071,127.07735,pension,287,second,2,,2026-04-26T11:24:55.593091,2026-04-26T11:24:55.593091,1
PENSION_STORE_01053,14110265,버스표 가판대,경기 안양시 동안구 비산동 비산동 1101-4,경기,,37.396081,126.95052,pension,287,second,2,,2026-04-26T11:24:55.593091,2026-04-26T11:24:55.593091,1
PENSION_STORE_01054,24100109,GS25(안산성포),경기 안산시 상록구 성포동 성포동 592 선경B상가101,경기,,37.325676,126.843204,pension,287,second,2,,2026-04-26T11:24:55.593091,2026-04-26T11:24:55.593091,1
PENSION_STORE_01055,14110594,행운복권방,경기 수원시 권선구 탑동 탑동 845-1,경기,,37.269139,126.975494,pension,287,second,2,,2026-04-26T11:24:55.593091,2026-04-26T11:24:55.593091,1
PENSION_STORE_01056,14110196,돼지로또방,경기 남양주시 진접읍 내각리 내각리 318-10  1층1호,경기,,37.704625,127.1652,pension,287,second,2,,2026-04-26T11:24:55.593091,2026-04-26T11:24:55.593091,1
PENSION_STORE_01057,14100538,버스표판매소,경기 고양시 덕양구 화정동 400-2화정역2번출구,경기,,37.63452,126.83222,pension,287,second,2,,2026-04-26T11:24:55.594097,2026-04-26T11:24:55.594097,1
PENSION_STORE_01058,14290050,돈벼락복권,강원 태백시 황지동  621-28 1/4,강원,,37.171537,128.99211,pension,287,second,2,,2026-04-26T11:24:55.594097,2026-04-26T11:24:55.594097,1
PENSION_STORE_01059,14200100,행운로또,강원 춘천시 운교동  72-3,강원,자동,37.878284,127.72989,pension,287,first,1,,2026-04-26T11:24:55.594097,2026-04-26T11:24:55.594097,1
PENSION_STORE_01060,14290002,복권나라,강원 원주시 중앙동  151-4,강원,,37.348908,127.95266,pension,287,second,2,,2026-04-26T11:24:55.594097,2026-04-26T11:24:55.594097,1
PENSION_STORE_01061,14300051,영신슈퍼,충북 청주시 흥덕구 모충동 모충동 122-11번지,충북,자동,36.621256,127.48744,pension,287,first,1,,2026-04-26T11:24:55.594097,2026-04-26T11:24:55.594097,1
PENSION_STORE_01062,14490008,로또복권방,충남 당진시 당진읍  읍내리    620-5,충남,자동,36.89293,126.6263,pension,287,first,1,,2026-04-26T11:24:55.594097,2026-04-26T11:24:55.594097,1
PENSION_STORE_01063,14410119,로또복권방,충남 당진시 송악면 복운리 복운리 1650-14,충남,,36.944596,126.782838,pension,287,second,2,,2026-04-26T11:24:55.594097,2026-04-26T11:24:55.594097,1
PENSION_STORE_01064,14510052,로또방,전북 전주시 완산구 평화동2가 평화동2가 341-3,전북,,35.787587,127.131308,pension,287,second,2,,2026-04-26T11:24:55.594097,2026-04-26T11:24:55.594097,1
PENSION_STORE_01065,14710029,훼미리마트이동그린빌,경북 포항시 남구 이동 이동 664-5 이동그린빌 111동 106호 107호,경북,,36.033963,129.373056,pension,287,second,2,,2026-04-26T11:24:55.594097,2026-04-26T11:24:55.594097,1
PENSION_STORE_01066,14700159,천하명당,경북 문경시 점촌동  239-10,경북,,36.592795,128.19706,pension,287,second,2,,2026-04-26T11:24:55.594097,2026-04-26T11:24:55.594097,1
PENSION_STORE_01067,11110362,행운복권,서울 영등포구 대림동  665-8,서울,,37.501316,126.898585,pension,286,second,2,,2026-04-26T11:24:57.421943,2026-04-26T11:24:57.421943,1
PENSION_STORE_01068,11101255,신문가판점,서울 송파구 가락동  95-1번지,서울,자동,37.496355,127.116338,pension,286,first,1,,2026-04-26T11:24:57.421943,2026-04-26T11:24:57.421943,1
PENSION_STORE_01069,11100773,스파,서울 노원구 상계동  666 주공 10단지 종합상가 111,서울,자동,37.661671,127.05789,pension,286,first,1,,2026-04-26T11:24:57.421943,2026-04-26T11:24:57.421943,1
PENSION_STORE_01070,11101174,가로판매점,서울 관악구 남현동  1060-11,서울,,37.475956,126.98117,pension,286,second,2,,2026-04-26T11:24:57.421943,2026-04-26T11:24:57.421943,1
PENSION_STORE_01071,11100647,대창,서울 강동구 명일동  341-5 1층,서울,,37.546646,127.14615,pension,286,second,2,,2026-04-26T11:24:57.421943,2026-04-26T11:24:57.421943,1
PENSION_STORE_01072,12700250,토큰박스동구청,대구 동구 신암동  20,대구,,35.885953,128.63442,pension,286,second,2,,2026-04-26T11:24:57.421943,2026-04-26T11:24:57.421943,1
PENSION_STORE_01073,12990011,형제기획  복권시대,광주 동구 금남로5가  99-8번지,광주,,35.151288,126.914127,pension,286,second,2,,2026-04-26T11:24:57.421943,2026-04-26T11:24:57.421943,1
PENSION_STORE_01074,23000014,GS25(둔산햇님),대전 서구 둔산1동  1383 햇님아파트상가111,대전,,36.356291,127.392678,pension,286,second,2,,2026-04-26T11:24:57.421943,2026-04-26T11:24:57.421943,1
PENSION_STORE_01075,13010001,엠비복권,대전 대덕구 대화동  289-1 공구상가 18동 123호,대전,,36.365977,127.40215,pension,286,second,2,,2026-04-26T11:24:57.421943,2026-04-26T11:24:57.421943,1
PENSION_STORE_01076,13100054,LOTTO25,울산 남구 신정동  804-12 1층,울산,,35.530446,129.31756,pension,286,second,2,,2026-04-26T11:24:57.421943,2026-04-26T11:24:57.421943,1
PENSION_STORE_01077,14190164,대박찬스복권전문점,경기 포천시 소흘읍 송우리 송우리 452-9,경기,,37.825789,127.144085,pension,286,second,2,,2026-04-26T11:24:57.421943,2026-04-26T11:24:57.421943,1
PENSION_STORE_01078,14110139,로또복권방,경기 파주시 금촌동  958-1,경기,,37.7607,126.768753,pension,286,second,2,,2026-04-26T11:24:57.421943,2026-04-26T11:24:57.421943,1
PENSION_STORE_01079,14110282,덕정인아복권,경기 양주시 덕정동  240번지 인아프라자내 훼미리마트 덕정인아점 107호,경기,,37.834665,127.065585,pension,286,second,2,,2026-04-26T11:24:57.421943,2026-04-26T11:24:57.421943,1
PENSION_STORE_01080,14110527,로또복권방,경기 시흥시 대야동  568-2 AC 빌딩 101,경기,,37.447242,126.791812,pension,286,second,2,,2026-04-26T11:24:57.421943,2026-04-26T11:24:57.421943,1
PENSION_STORE_01081,14100495,버스가판대,경기 성남시 중원구 성남동 성남동 3495번지,경기,,37.431806,127.129561,pension,286,second,2,,2026-04-26T11:24:57.421943,2026-04-26T11:24:57.421943,1
PENSION_STORE_01082,14110221,상동복권방,경기 부천시 원미구 상동 상동 541-1 메가플러스127호,경기,,37.490133,126.757016,pension,286,second,2,,2026-04-26T11:24:57.421943,2026-04-26T11:24:57.421943,1
PENSION_STORE_01083,14100522,금곡가판,경기 남양주시 금곡동  153-3,경기,,37.634445,127.21115,pension,286,second,2,,2026-04-26T11:24:57.421943,2026-04-26T11:24:57.421943,1
PENSION_STORE_01084,14100066,코사마트 한양점,경기 고양시 덕양구 성사동 성사동 499,경기,,37.65845,126.83956,pension,286,second,2,,2026-04-26T11:24:57.421943,2026-04-26T11:24:57.421943,1
PENSION_STORE_01085,14210113,클로버 로또,강원 춘천시 중앙로1가  49-1,강원,,37.848395,127.75246,pension,286,second,2,,2026-04-26T11:24:57.421943,2026-04-26T11:24:57.421943,1
PENSION_STORE_01086,14400013,천하명당 복권방,충남 홍성군 홍성읍 오관리 오관리 321-4번지,충남,,36.60073,126.66948,pension,286,second,2,,2026-04-26T11:24:57.421943,2026-04-26T11:24:57.421943,1
PENSION_STORE_01087,14490010,토토와로또 복권방,충남 서산시 동문동  288-10,충남,자동,36.781092,126.458367,pension,286,first,1,,2026-04-26T11:24:57.421943,2026-04-26T11:24:57.421943,1
PENSION_STORE_01088,14500044,여기있었네복권방,전북 김제시 요촌동  474-3,전북,,35.799391,126.88457,pension,286,second,2,,2026-04-26T11:24:57.421943,2026-04-26T11:24:57.421943,1
PENSION_STORE_01089,14610054,명성복권방,전남 순천시 연향동  1462-2,전남,,34.948271,127.52516,pension,286,second,2,,2026-04-26T11:24:57.421943,2026-04-26T11:24:57.421943,1
PENSION_STORE_01090,14610038,고속로또,전남 목포시 명륜동  6-5,전남,,34.791157,126.385664,pension,286,second,2,,2026-04-26T11:24:57.421943,2026-04-26T11:24:57.421943,1
PENSION_STORE_01091,14690012,복권전문점(고흥),전남 고흥군 고흥읍 남계리 남계리 631-55,전남,,34.607377,127.28457,pension,286,second,2,,2026-04-26T11:24:57.421943,2026-04-26T11:24:57.421943,1
PENSION_STORE_01092,14800090,세븐마트,경남 진주시 가좌동  817-13,경남,,35.160378,128.10579,pension,286,second,2,,2026-04-26T11:24:57.421943,2026-04-26T11:24:57.421943,1
PENSION_STORE_01093,14800010,양산노다지복권방,경남 양산시 북부동  701-1,경남,,35.348241,129.03774,pension,286,second,2,,2026-04-26T11:24:57.421943,2026-04-26T11:24:57.421943,1
PENSION_STORE_01094,14810125,훼미리 복권방,경남 양산시 북부동  398-3,경남,,35.370928,129.148499,pension,286,second,2,,2026-04-26T11:24:57.421943,2026-04-26T11:24:57.421943,1
PENSION_STORE_01095,14810159,로또복권판매점,경남 마산시 산호동  232-20,경남,,35.215193,128.58668,pension,286,second,2,,2026-04-26T11:24:57.421943,2026-04-26T11:24:57.421943,1
PENSION_STORE_01096,14890045,삼방동토토플러스복권,경남 김해시 삼방동  667-9,경남,,35.249377,128.9103,pension,286,second,2,,2026-04-26T11:24:57.421943,2026-04-26T11:24:57.421943,1
PENSION_STORE_01097,11190239,갤러리마트,서울 중랑구 면목동  604-5,서울,,37.580926,127.08773,pension,285,second,2,,2026-04-26T11:24:59.204207,2026-04-26T11:24:59.204207,1
PENSION_STORE_01098,11100362,무교식품,서울 중구 다동  53번지,서울,,37.568217,126.98161,pension,285,second,2,,2026-04-26T11:24:59.204207,2026-04-26T11:24:59.204207,1
PENSION_STORE_01099,11110666,코코주,서울 중구 을지로6가  18-79,서울,,37.567972,127.008873,pension,285,second,2,,2026-04-26T11:24:59.204207,2026-04-26T11:24:59.204207,1
PENSION_STORE_01100,21100246,훼미리마트(명륜성대),서울 종로구 명륜동4가  187,서울,,37.582534,126.998743,pension,285,second,2,,2026-04-26T11:24:59.204207,2026-04-26T11:24:59.204207,1
PENSION_STORE_01101,11110098,로또복권,서울 성동구 응봉동  193-79 응봉문구 내,서울,,37.549706,127.030761,pension,285,second,2,,2026-04-26T11:24:59.204207,2026-04-26T11:24:59.204207,1
PENSION_STORE_01102,11110049,가로매로또,서울 관악구 신림동  1640-5,서울,,37.483338,126.929409,pension,285,second,2,,2026-04-26T11:24:59.204207,2026-04-26T11:24:59.204207,1
PENSION_STORE_01103,12790069,대림서점,대구 남구 봉덕동  1298-3,대구,,35.847383,128.59079,pension,285,second,2,,2026-04-26T11:24:59.204207,2026-04-26T11:24:59.204207,1
PENSION_STORE_01104,12810166,베스트올 원당1호점,인천 서구 원당동  원당지구 71블럭 골든벨프라자 102,인천,,37.594123,126.695085,pension,285,second,2,,2026-04-26T11:24:59.204207,2026-04-26T11:24:59.204207,1
PENSION_STORE_01105,12800083,하이마트,인천 서구 심곡동  333-7,인천,,37.544491,126.672325,pension,285,second,2,,2026-04-26T11:24:59.204207,2026-04-26T11:24:59.204207,1
PENSION_STORE_01106,13090019,복권왕국,대전 서구 정림동  594,대전,,36.306315,127.365856,pension,285,second,2,,2026-04-26T11:24:59.204207,2026-04-26T11:24:59.204207,1
PENSION_STORE_01107,13000110,모아스토아,대전 서구 갈마1동  392-11번지,대전,,36.344618,127.36831,pension,285,second,2,,2026-04-26T11:24:59.204207,2026-04-26T11:24:59.204207,1
PENSION_STORE_01108,14190167,맨투맨 24시 편의점,경기 화성시 봉담읍 상리 상리 27-11,경기,,37.219674,126.9488,pension,285,second,2,,2026-04-26T11:24:59.204207,2026-04-26T11:24:59.204207,1
PENSION_STORE_01109,14100768,웅진코웨이,경기 수원시 팔달구 인계동 인계동 1045 동수원 홈플러스 내 1층,경기,,37.259116,127.04469,pension,285,second,2,,2026-04-26T11:24:59.204207,2026-04-26T11:24:59.204207,1
PENSION_STORE_01110,14100185,일산복권,경기 고양시 일산서구 주엽동 주엽동 138 애비뉴상가 1090,경기,,37.672669,126.75493,pension,285,second,2,,2026-04-26T11:24:59.204207,2026-04-26T11:24:59.204207,1
PENSION_STORE_01111,14200098,407억 당첨가판점,강원 춘천시 중앙로2가  27 주택은행 앞,강원,,37.879219,127.72668,pension,285,second,2,,2026-04-26T11:24:59.204207,2026-04-26T11:24:59.204207,1
PENSION_STORE_01112,14310051,로또명당주덕점,충북 충주시 주덕읍 신양리 신양리 137-1,충북,,36.961016,127.92913,pension,285,second,2,,2026-04-26T11:24:59.204207,2026-04-26T11:24:59.204207,1
PENSION_STORE_01113,14300004,대박찬스,충북 청주시 흥덕구 가경동 1220번지,충북,자동,36.628987,127.43647,pension,285,first,1,,2026-04-26T11:24:59.204207,2026-04-26T11:24:59.204207,1
PENSION_STORE_01114,14610013,복권천국,전남 여수시 신기동  139 부영A상가4동1-2호,전남,,34.757911,127.66799,pension,285,second,2,,2026-04-26T11:24:59.204207,2026-04-26T11:24:59.204207,1
PENSION_STORE_01115,14610038,고속로또,전남 목포시 명륜동  6-5,전남,,34.791157,126.385664,pension,285,second,2,,2026-04-26T11:24:59.204207,2026-04-26T11:24:59.204207,1
PENSION_STORE_01116,14690012,복권전문점(고흥),전남 고흥군 고흥읍 남계리 남계리 631-55,전남,,34.607377,127.28457,pension,285,second,2,,2026-04-26T11:24:59.204207,2026-04-26T11:24:59.204207,1
PENSION_STORE_01117,14710102,환호마트,경북 포항시 북구 환호동 환호동 498-9,경북,,36.082755,129.386401,pension,285,second,2,,2026-04-26T11:24:59.204207,2026-04-26T11:24:59.204207,1
PENSION_STORE_01118,14710140,훼미리마트(포항제일),경북 포항시 북구 죽도동 죽도동 618-2,경북,자동,36.023615,129.358363,pension,285,first,1,,2026-04-26T11:24:59.204207,2026-04-26T11:24:59.204207,1
PENSION_STORE_01119,14700030,복권명당,경북 구미시 도량동  240 미도프라자1층1호,경북,,36.140619,128.32351,pension,285,second,2,,2026-04-26T11:24:59.204207,2026-04-26T11:24:59.204207,1
PENSION_STORE_01120,14800033,행운복권방,경남 창원시 중앙동  57-18번지 1층 남측방향,경남,,35.236632,128.63975,pension,285,second,2,,2026-04-26T11:24:59.204207,2026-04-26T11:24:59.204207,1
PENSION_STORE_01121,14890061,원마트,경남 창원시 용호동  73-2 라이크빌1층 102호,경남,,35.230441,128.680941,pension,285,second,2,,2026-04-26T11:24:59.204207,2026-04-26T11:24:59.204207,1
PENSION_STORE_01122,14890033,노다지(남지점),경남 창녕군 남지읍 남지리 남지리 656-16,경남,,35.388929,128.479897,pension,285,second,2,,2026-04-26T11:24:59.204207,2026-04-26T11:24:59.204207,1
PENSION_STORE_01123,14810189,동방로또판매장,경남 진주시 칠암동  510-2,경남,,35.184425,128.088669,pension,285,second,2,,2026-04-26T11:24:59.204207,2026-04-26T11:24:59.204207,1
PENSION_STORE_01124,14800043,북마산복권전문점,경남 마산시 상남동  39-4,경남,,35.215965,128.57054,pension,285,second,2,,2026-04-26T11:24:59.204207,2026-04-26T11:24:59.204207,1
PENSION_STORE_01125,14810011,운수대통,경남 거제시 능포동  727-2 동헌상가  가-111,경남,자동,34.873497,128.73126,pension,285,first,1,,2026-04-26T11:24:59.204207,2026-04-26T11:24:59.204207,1
PENSION_STORE_01126,11101635,복권방,서울 성북구 동소문동5가  107,서울,,37.591369,127.01657,pension,284,second,2,,2026-04-26T11:25:00.743181,2026-04-26T11:25:00.743181,1
PENSION_STORE_01127,12790073,복권천국(성서점),대구 달서구 이곡동  1000-266,대구,,35.851216,128.50681,pension,284,second,2,,2026-04-26T11:25:00.743181,2026-04-26T11:25:00.743181,1
PENSION_STORE_01128,12810022,무한대박,인천 연수구 연수동  571-1,인천,,37.418674,126.68116,pension,284,second,2,,2026-04-26T11:25:00.743181,2026-04-26T11:25:00.743181,1
PENSION_STORE_01129,12800083,하이마트,인천 서구 심곡동  333-7,인천,자동,37.544491,126.672325,pension,284,first,1,,2026-04-26T11:25:00.743181,2026-04-26T11:25:00.743181,1
PENSION_STORE_01130,12800123,소망슈퍼,인천 남동구 만수5동  925-2 진우빌딩 101호,인천,,37.452002,126.726543,pension,284,second,2,,2026-04-26T11:25:00.743181,2026-04-26T11:25:00.743181,1
PENSION_STORE_01131,12900140,일등로또,광주 서구 치평동  1222-11 1층,광주,,35.130917,126.858792,pension,284,second,2,,2026-04-26T11:25:00.743181,2026-04-26T11:25:00.743181,1
PENSION_STORE_01132,12990024,대박(토토),광주 북구 각화동  180-5,광주,,35.178353,126.93498,pension,284,second,2,,2026-04-26T11:25:00.743181,2026-04-26T11:25:00.743181,1
PENSION_STORE_01133,13000096,대한민국마트,대전 유성구 전민동  458-9 1F,대전,,36.396687,127.40249,pension,284,second,2,,2026-04-26T11:25:00.743181,2026-04-26T11:25:00.743181,1
PENSION_STORE_01134,14110553,로또판매점,경기 포천시 신북면 가채리 가채리 23-2,경기,,37.920216,127.22082,pension,284,second,2,,2026-04-26T11:25:00.743181,2026-04-26T11:25:00.743181,1
PENSION_STORE_01135,14100510,유방매표소,경기 용인시 처인구 유방동 유방동 310-12,경기,,37.25881,127.212921,pension,284,second,2,,2026-04-26T11:25:00.743181,2026-04-26T11:25:00.743181,1
PENSION_STORE_01136,14100682,대박나라 베팅숍,경기 부천시 소사구 송내동 송내동 450-8,경기,자동,37.479452,126.76548,pension,284,first,1,,2026-04-26T11:25:00.743181,2026-04-26T11:25:00.743181,1
PENSION_STORE_01137,14200015,일산동복권나라,강원 원주시 일산동  154-112,강원,,37.345631,127.94556,pension,284,second,2,,2026-04-26T11:25:00.743181,2026-04-26T11:25:00.743181,1
PENSION_STORE_01138,14390007,복권마을,충북 충주시 봉방동  57-1 번지,충북,,36.976875,127.92121,pension,284,second,2,,2026-04-26T11:25:00.743181,2026-04-26T11:25:00.743181,1
PENSION_STORE_01139,14400011,로또역전점,충남 아산시 배방면 공수리 149-8,충남,,36.739041,127.05514,pension,284,second,2,,2026-04-26T11:25:00.743181,2026-04-26T11:25:00.743181,1
PENSION_STORE_01140,14490007,강경복권방,충남 논산시 강경읍 대흥리 대흥리 19-3,충남,,36.156023,127.01486,pension,284,second,2,,2026-04-26T11:25:00.743181,2026-04-26T11:25:00.743181,1
PENSION_STORE_01141,14500151,현대보석,전북 전주시 덕진구 송천동2가 송천동2가 587-5,전북,수동,35.867268,127.11611,pension,284,first,1,,2026-04-26T11:25:00.743181,2026-04-26T11:25:00.743181,1
PENSION_STORE_01142,14890026,사입버파크평거들말점,경남 진주시 평거동  770-12,경남,,35.173549,128.06482,pension,284,second,2,,2026-04-26T11:25:00.743181,2026-04-26T11:25:00.743181,1
PENSION_STORE_01143,11101294,종로행운복권방,서울 종로구 청진동  214,서울,,37.571996,126.98172,pension,283,second,2,,2026-04-26T11:25:02.522575,2026-04-26T11:25:02.522575,1
PENSION_STORE_01144,11100434,월드24시,서울 은평구 갈현1동  398-1,서울,,37.619245,126.91978,pension,283,second,2,,2026-04-26T11:25:02.522575,2026-04-26T11:25:02.522575,1
PENSION_STORE_01145,21100278,훼미리마트(역촌제일),서울 은평구 역촌동  78-45,서울,,37.603202,126.910207,pension,283,second,2,,2026-04-26T11:25:02.522575,2026-04-26T11:25:02.522575,1
PENSION_STORE_01146,11190112,다모아복권,서울 영등포구 대림동  4035-2 103호,서울,,37.499824,126.91635,pension,283,second,2,,2026-04-26T11:25:02.522575,2026-04-26T11:25:02.522575,1
PENSION_STORE_01147,11101251,토큰판매소,서울 송파구 가락동  600 가로 판매대 1층 006-1호,서울,,37.493474,127.11148,pension,283,second,2,,2026-04-26T11:25:02.522575,2026-04-26T11:25:02.522575,1
PENSION_STORE_01148,11100739,믿음슈퍼,서울 송파구 거여동  5-23,서울,,37.509697,127.11,pension,283,second,2,,2026-04-26T11:25:02.522575,2026-04-26T11:25:02.522575,1
PENSION_STORE_01149,11101635,복권방,서울 성북구 동소문동5가  107,서울,,37.591369,127.01657,pension,283,second,2,,2026-04-26T11:25:02.522575,2026-04-26T11:25:02.522575,1
PENSION_STORE_01150,11110497,로또판매점,서울 성북구 하월곡동  70-150,서울,,37.604929,127.036905,pension,283,second,2,,2026-04-26T11:25:02.522575,2026-04-26T11:25:02.522575,1
PENSION_STORE_01151,11100944,-,서울 노원구 상계1동  1132-102,서울,,37.677563,127.055543,pension,283,second,2,,2026-04-26T11:25:02.522575,2026-04-26T11:25:02.522575,1
PENSION_STORE_01152,11100100,복권명당,서울 관악구 봉천동  927-20 1층,서울,,37.481727,126.942438,pension,283,second,2,,2026-04-26T11:25:02.522575,2026-04-26T11:25:02.522575,1
PENSION_STORE_01153,11110685,로또방,서울 강서구 방화동  618-14,서울,,37.564108,126.806694,pension,283,second,2,,2026-04-26T11:25:02.522575,2026-04-26T11:25:02.522575,1
PENSION_STORE_01154,12610205,로또하는날,부산 연제구 연산동  1505-49,부산,자동,35.185685,129.083186,pension,283,first,1,,2026-04-26T11:25:02.522575,2026-04-26T11:25:02.522575,1
PENSION_STORE_01155,12610166,롯또(파워세일마트),부산 수영구 민락동  161-20,부산,,35.161155,129.118641,pension,283,second,2,,2026-04-26T11:25:02.522575,2026-04-26T11:25:02.522575,1
PENSION_STORE_01156,12700075,천하명당복권,대구 북구 관음동  1249-4,대구,,35.944288,128.55065,pension,283,second,2,,2026-04-26T11:25:02.522575,2026-04-26T11:25:02.522575,1
PENSION_STORE_01157,12790023,복권천국,대구 동구 방촌동  1118-116 123 125,대구,,35.876863,128.669869,pension,283,second,2,,2026-04-26T11:25:02.522575,2026-04-26T11:25:02.522575,1
PENSION_STORE_01158,12890064,메트로세븐(동암점),인천 부평구 십정동  544 북쪽부스,인천,,37.471292,126.703494,pension,283,second,2,,2026-04-26T11:25:02.522575,2026-04-26T11:25:02.522575,1
PENSION_STORE_01159,12910051,월드복권,광주 남구 방림동  527-4 월드마트내,광주,,35.13285,126.918624,pension,283,second,2,,2026-04-26T11:25:02.522575,2026-04-26T11:25:02.522575,1
PENSION_STORE_01160,13010044,로또복권방,대전 서구 갈마동  345-1,대전,,36.347532,127.37245,pension,283,second,2,,2026-04-26T11:25:02.522575,2026-04-26T11:25:02.522575,1
PENSION_STORE_01161,14100251,행복충전소,경기 평택시 지산동  755,경기,,37.081804,127.05641,pension,283,second,2,,2026-04-26T11:25:02.522575,2026-04-26T11:25:02.522575,1
PENSION_STORE_01162,14100634,상동매표,경기 부천시 원미구 상동 상동 412,경기,자동,37.490101,126.753391,pension,283,first,1,,2026-04-26T11:25:02.522575,2026-04-26T11:25:02.522575,1
PENSION_STORE_01163,14100524,토큰박스,경기 남양주시 진건읍 용정리 용정리 767-1,경기,,37.660583,127.17845,pension,283,second,2,,2026-04-26T11:25:02.522575,2026-04-26T11:25:02.522575,1
PENSION_STORE_01164,14290041,복권세상,강원 원주시 중앙동  73-1,강원,,37.350955,127.95029,pension,283,second,2,,2026-04-26T11:25:02.522575,2026-04-26T11:25:02.522575,1
PENSION_STORE_01165,14400033,대산슈퍼,충남 천안시 북면 연춘리 연춘리 120-5번지,충남,,36.770047,127.25019,pension,283,second,2,,2026-04-26T11:25:02.522575,2026-04-26T11:25:02.522575,1
PENSION_STORE_01166,14410089,세종로또복권방,충북 연기군 금남면 용포리 용포리 83-4,충북,,36.463174,127.280488,pension,283,second,2,,2026-04-26T11:25:02.522575,2026-04-26T11:25:02.522575,1
PENSION_STORE_01167,14500078,한흥당,전북 전주시 완산구 경원동3가 경원동3가 64-6,전북,,35.860547,127.045833,pension,283,second,2,,2026-04-26T11:25:02.522575,2026-04-26T11:25:02.522575,1
PENSION_STORE_01168,24800023,GS25(양산문성),경남 양산시 웅상읍 평산리 평산리 31-5,경남,자동,35.384815,129.155072,pension,283,first,1,,2026-04-26T11:25:02.522575,2026-04-26T11:25:02.522575,1
PENSION_STORE_01169,24800039,훼미리마트(김해활천),경남 김해시 어방동  1131-8,경남,,35.236797,128.903641,pension,283,second,2,,2026-04-26T11:25:02.522575,2026-04-26T11:25:02.522575,1
PENSION_STORE_01170,11100770,JU-MART복권,서울 중랑구 면목동  17-39,서울,,37.588991,127.097487,pension,282,second,2,,2026-04-26T11:25:04.349204,2026-04-26T11:25:04.349204,1
PENSION_STORE_01171,11190207,PLUS ONE 365,서울 영등포구 양평동1가  37,서울,,37.52341,126.89048,pension,282,second,2,,2026-04-26T11:25:04.349204,2026-04-26T11:25:04.349204,1
PENSION_STORE_01172,11110106,영진로또판매점,서울 성동구 성수동1가  656-396 1층 일부,서울,,37.546732,127.046224,pension,282,second,2,,2026-04-26T11:25:04.349204,2026-04-26T11:25:04.349204,1
PENSION_STORE_01173,11100452,돼지슈퍼,서울 도봉구 쌍문1동  512-18호,서울,,37.659102,127.01413,pension,282,second,2,,2026-04-26T11:25:04.349204,2026-04-26T11:25:04.349204,1
PENSION_STORE_01174,11100939,가판대,서울 노원구 월계동  65-1 석계역앞,서울,,37.670232,127.08076,pension,282,second,2,,2026-04-26T11:25:04.349204,2026-04-26T11:25:04.349204,1
PENSION_STORE_01175,11110064,로또천국,서울 광진구 군자동  345,서울,,37.550899,127.070912,pension,282,second,2,,2026-04-26T11:25:04.349204,2026-04-26T11:25:04.349204,1
PENSION_STORE_01176,12600215,SEVEN 스토아,부산 해운대구 반여동  1441-125,부산,,35.201366,129.119148,pension,282,second,2,,2026-04-26T11:25:04.349204,2026-04-26T11:25:04.349204,1
PENSION_STORE_01177,12610144,조이마트,부산 북구 금곡동  1885 화명리버빌2차상가 101,부산,,35.246165,129.012034,pension,282,second,2,,2026-04-26T11:25:04.349204,2026-04-26T11:25:04.349204,1
PENSION_STORE_01178,12610187,제일복권방,부산 부산진구 부전동  524-37,부산,,35.154025,129.054545,pension,282,second,2,,2026-04-26T11:25:04.349204,2026-04-26T11:25:04.349204,1
PENSION_STORE_01179,12600304,대영당안경원,부산 동래구 수안동  232,부산,,35.201922,129.08515,pension,282,second,2,,2026-04-26T11:25:04.349204,2026-04-26T11:25:04.349204,1
PENSION_STORE_01180,12710116,패밀리마트만촌점,대구 수성구 만촌동  1463-1,대구,,35.857482,128.62416,pension,282,second,2,,2026-04-26T11:25:04.349204,2026-04-26T11:25:04.349204,1
PENSION_STORE_01181,12710074,복권천국(수성점),대구 수성구 수성동1가  525-3,대구,,35.848974,128.61287,pension,282,second,2,,2026-04-26T11:25:04.349204,2026-04-26T11:25:04.349204,1
PENSION_STORE_01182,12700127,코사마트금강점,대구 달서구 용산동  950-5번지,대구,수동,35.855734,128.53083,pension,282,first,1,,2026-04-26T11:25:04.349204,2026-04-26T11:25:04.349204,1
PENSION_STORE_01183,12700266,경북윤업사,대구 남구 대명동  810-4,대구,자동,35.839364,128.575448,pension,282,first,1,,2026-04-26T11:25:04.349204,2026-04-26T11:25:04.349204,1
PENSION_STORE_01184,12810024,인천연수점로또판매,인천 연수구 연수동  631,인천,자동,37.411851,126.677843,pension,282,first,1,,2026-04-26T11:25:04.349204,2026-04-26T11:25:04.349204,1
PENSION_STORE_01185,12800135,복권,인천 남동구 간석동  913-21,인천,,37.46142,126.718815,pension,282,second,2,,2026-04-26T11:25:04.349204,2026-04-26T11:25:04.349204,1
PENSION_STORE_01186,22900002,훼미리마트(광주오치),광주 북구 오치동  977-8,광주,,35.185651,126.905711,pension,282,second,2,,2026-04-26T11:25:04.349204,2026-04-26T11:25:04.349204,1
PENSION_STORE_01187,13090014,노다지복권방,대전 동구 정동  148-12,대전,,36.346705,127.43213,pension,282,second,2,,2026-04-26T11:25:04.349204,2026-04-26T11:25:04.349204,1
PENSION_STORE_01188,14110622,터미널로또복권,경기 포천시 선단동  42-2 수창상가 1층,경기,,37.85324,127.166304,pension,282,second,2,,2026-04-26T11:25:04.349204,2026-04-26T11:25:04.349204,1
PENSION_STORE_01189,14110547,베스토아,경기 오산시 궐동  679-3,경기,,37.159443,127.054423,pension,282,second,2,,2026-04-26T11:25:04.349204,2026-04-26T11:25:04.349204,1
PENSION_STORE_01190,14100652,TP텔레콤(널븐정보통),경기 성남시 수정구 태평1동 태평1동 6512-1번지,경기,,37.440066,127.128134,pension,282,second,2,,2026-04-26T11:25:04.349204,2026-04-26T11:25:04.349204,1
PENSION_STORE_01191,14190020,형제상회,경기 부천시 원미구 역곡동 역곡동 112  1-2호,경기,,37.48629,126.81329,pension,282,second,2,,2026-04-26T11:25:04.349204,2026-04-26T11:25:04.349204,1
PENSION_STORE_01192,14190195,Q복권방,경기 부천시 원미구 도당동 도당동 284-1,경기,,37.507236,126.78045,pension,282,second,2,,2026-04-26T11:25:04.349204,2026-04-26T11:25:04.349204,1
PENSION_STORE_01193,14190032,삼성복권방,경기 동두천시 생연동  686-17,경기,수동,37.902219,127.05367,pension,282,first,1,,2026-04-26T11:25:04.349204,2026-04-26T11:25:04.349204,1
PENSION_STORE_01194,14110369,명당복권방,경기 남양주시 화도읍 창현리 창현리 472-7,경기,,37.650239,127.30629,pension,282,second,2,,2026-04-26T11:25:04.349204,2026-04-26T11:25:04.349204,1
PENSION_STORE_01195,14110366,로또판매점(복권방),경기 군포시 당동  921-5 금강프라자 1-106호,경기,,37.346558,126.944315,pension,282,second,2,,2026-04-26T11:25:04.349204,2026-04-26T11:25:04.349204,1
PENSION_STORE_01196,14100793,흥부네대박났네,경기 광주시 역동  27-28,경기,자동,37.369896,127.3039,pension,282,first,1,,2026-04-26T11:25:04.349204,2026-04-26T11:25:04.349204,1
PENSION_STORE_01197,14110489,로또판매점,경기 고양시 일산동구 백석동 백석동 1332-1 성우레이크하임 106,경기,수동,37.654476,126.7726,pension,282,first,1,,2026-04-26T11:25:04.349204,2026-04-26T11:25:04.349204,1
PENSION_STORE_01198,14100832,금두꺼비복권방,경기 고양시 일산서구 대화동 대화동 2208 재성빌딩 1층,경기,,37.676758,126.74805,pension,282,second,2,,2026-04-26T11:25:04.349204,2026-04-26T11:25:04.349204,1
PENSION_STORE_01199,14210109,두꺼비 로또,강원 원주시 단구동  1673-14,강원,,37.320676,127.957787,pension,282,second,2,,2026-04-26T11:25:04.349204,2026-04-26T11:25:04.349204,1
PENSION_STORE_01200,14290014,진평양행,강원 강릉시 남문동  7-12,강원,,37.751254,128.89409,pension,282,second,2,,2026-04-26T11:25:04.349204,2026-04-26T11:25:04.349204,1
PENSION_STORE_01201,14310009,로또베스트원,충북 청주시 흥덕구 비하동 비하동 177-1,충북,,36.639404,127.42198,pension,282,second,2,,2026-04-26T11:25:04.349204,2026-04-26T11:25:04.349204,1
PENSION_STORE_01202,14410055,로또복권두정점,충남 천안시 두정동  153-1대원빌딩104,충남,,36.833448,127.145,pension,282,second,2,,2026-04-26T11:25:04.349204,2026-04-26T11:25:04.349204,1
PENSION_STORE_01203,14610119,텔레콤&로또,전남 장성군 장성읍 영천리 영천리 1029,전남,,35.299008,126.781681,pension,282,second,2,,2026-04-26T11:25:04.349204,2026-04-26T11:25:04.349204,1
PENSION_STORE_01204,14600066,동광할인마트 내 한국복권,전남 광양시 광영동  802-1,전남,,34.961726,127.72763,pension,282,second,2,,2026-04-26T11:25:04.349204,2026-04-26T11:25:04.349204,1
PENSION_STORE_01205,14700048,행운의집,경북 안동시 북문동  23-7,경북,자동,36.566983,128.729504,pension,282,first,1,,2026-04-26T11:25:04.349204,2026-04-26T11:25:04.349204,1
PENSION_STORE_01206,14710048,로또복권애니타임점,경북 구미시 황상동  303-1,경북,,36.109028,128.42,pension,282,second,2,,2026-04-26T11:25:04.349204,2026-04-26T11:25:04.349204,1
PENSION_STORE_01207,14800033,행운복권방,경남 창원시 중앙동  57-18번지 1층 남측방향,경남,,35.236632,128.63975,pension,282,second,2,,2026-04-26T11:25:04.350204,2026-04-26T11:25:04.350204,1
PENSION_STORE_01208,14900012,황금복권,제주 제주시 용담1동  2829-7,제주,,33.500208,126.51472,pension,282,second,2,,2026-04-26T11:25:04.350204,2026-04-26T11:25:04.350204,1
PENSION_STORE_01209,11100559,서울수퍼,서울 중랑구 중화동  305-17,서울,,37.602704,127.07898,pension,281,second,2,,2026-04-26T11:25:06.153724,2026-04-26T11:25:06.153724,1
PENSION_STORE_01210,11100835,종로3가 출구2 가판82,서울 종로구 종로3가  23-1,서울,,37.570706,126.99191,pension,281,second,2,,2026-04-26T11:25:06.153724,2026-04-26T11:25:06.153724,1
PENSION_STORE_01211,11110516,담배 소매점,서울 용산구 용문동  32-111 (6/4),서울,자동,37.537987,126.959271,pension,281,first,1,,2026-04-26T11:25:06.153724,2026-04-26T11:25:06.153724,1
PENSION_STORE_01212,11100493,경남수퍼행운복권방,서울 양천구 목3동  606-13,서울,,37.549948,126.864129,pension,281,second,2,,2026-04-26T11:25:06.153724,2026-04-26T11:25:06.153724,1
PENSION_STORE_01213,11190232,노다지복권방,서울 성동구 성수동2가  289-306 1층 3호,서울,,37.549187,127.056123,pension,281,second,2,,2026-04-26T11:25:06.153724,2026-04-26T11:25:06.153724,1
PENSION_STORE_01214,11110310,로또환타지,서울 서대문구 홍제동  169-10    1층,서울,,37.587459,126.945291,pension,281,second,2,,2026-04-26T11:25:06.153724,2026-04-26T11:25:06.153724,1
PENSION_STORE_01215,11100635,성대 식품,서울 동작구 사당동  1030-20,서울,,37.480337,126.98131,pension,281,second,2,,2026-04-26T11:25:06.153724,2026-04-26T11:25:06.153724,1
PENSION_STORE_01216,11100371,평강슈퍼,서울 노원구 상계6동  704번지 중앙빌딩1층,서울,,37.654277,127.05761,pension,281,second,2,,2026-04-26T11:25:06.153724,2026-04-26T11:25:06.153724,1
PENSION_STORE_01217,11100269,복권왕국,서울 광진구 자양동  624-23 1층,서울,수동,37.535576,127.082568,pension,281,first,1,,2026-04-26T11:25:06.153724,2026-04-26T11:25:06.153724,1
PENSION_STORE_01218,11101698,복권방,서울 광진구 광장동  453-1 삼성상가 1층,서울,,37.542389,127.102045,pension,281,second,2,,2026-04-26T11:25:06.153724,2026-04-26T11:25:06.153724,1
PENSION_STORE_01219,11110056,광나루복권방,서울 광진구 광장동  244-6,서울,,37.546159,127.1049,pension,281,second,2,,2026-04-26T11:25:06.153724,2026-04-26T11:25:06.153724,1
PENSION_STORE_01220,11190006,행운의 집,서울 강동구 천호동  406-9,서울,수동,37.540627,127.12939,pension,281,first,1,,2026-04-26T11:25:06.153724,2026-04-26T11:25:06.153724,1
PENSION_STORE_01221,12690007,보람복권판매점,부산 연제구 연산2동  1363-15,부산,,35.180607,129.077617,pension,281,second,2,,2026-04-26T11:25:06.153724,2026-04-26T11:25:06.153724,1
PENSION_STORE_01222,12600116,하나로로또복권방,부산 사하구 하단동  490-7,부산,,35.103104,128.973692,pension,281,second,2,,2026-04-26T11:25:06.153724,2026-04-26T11:25:06.153724,1
PENSION_STORE_01223,12600062,로또25시,부산 사하구 하단동  525-24,부산,,35.106529,128.965047,pension,281,second,2,,2026-04-26T11:25:06.153724,2026-04-26T11:25:06.153724,1
PENSION_STORE_01224,22600006,㈜ Cspace 다대제일점,부산 사하구 다대동  820-12  4/5,부산,,35.056533,128.971616,pension,281,second,2,,2026-04-26T11:25:06.153724,2026-04-26T11:25:06.153724,1
PENSION_STORE_01225,12690051,명문수퍼,부산 북구 덕천1동  387-4,부산,,35.212014,129.01377,pension,281,second,2,,2026-04-26T11:25:06.153724,2026-04-26T11:25:06.153724,1
PENSION_STORE_01226,12610182,문현로또점,부산 남구 문현동  60-2,부산,,35.144684,129.076496,pension,281,second,2,,2026-04-26T11:25:06.153724,2026-04-26T11:25:06.153724,1
PENSION_STORE_01227,12710138,로또복권 Gateway25점,대구 북구 팔달동  72-2,대구,,35.938174,128.5682,pension,281,second,2,,2026-04-26T11:25:06.153724,2026-04-26T11:25:06.153724,1
PENSION_STORE_01228,12700098,은성동대구역,대구 동구 신암동  294 동대구역내 음반매장,대구,,35.878962,128.628705,pension,281,second,2,,2026-04-26T11:25:06.153724,2026-04-26T11:25:06.153724,1
PENSION_STORE_01229,12810073,로또판매점,인천 부평구 청천동  335-26 1층,인천,,37.507894,126.70894,pension,281,second,2,,2026-04-26T11:25:06.153724,2026-04-26T11:25:06.153724,1
PENSION_STORE_01230,12810185,로또판매점,인천 남동구 간석1동  901-54,인천,,37.456958,126.696404,pension,281,second,2,,2026-04-26T11:25:06.153724,2026-04-26T11:25:06.153724,1
PENSION_STORE_01231,13010046,복권왕국,대전 서구 내동  13-19,대전,,36.330873,127.37786,pension,281,second,2,,2026-04-26T11:25:06.153724,2026-04-26T11:25:06.153724,1
PENSION_STORE_01232,13010103,금일복권방,대전 서구 만년동  342 코리아세븐만년2호점,대전,,36.367082,127.381434,pension,281,second,2,,2026-04-26T11:25:06.153724,2026-04-26T11:25:06.153724,1
PENSION_STORE_01233,14110553,로또판매점,경기 포천시 신북면 가채리 가채리 23-2,경기,,37.920216,127.22082,pension,281,second,2,,2026-04-26T11:25:06.153724,2026-04-26T11:25:06.153724,1
PENSION_STORE_01234,14110121,컴닥터복권방,경기 용인시 수지구 풍덕천동 풍덕천동 239-3 중앙 빌딩 104호,경기,,37.34034,127.098615,pension,281,second,2,,2026-04-26T11:25:06.153724,2026-04-26T11:25:06.153724,1
PENSION_STORE_01235,14190226,광성슈퍼,경기 용인시 수지구 풍덕천동 풍덕천동 722-7,경기,,37.274428,127.07286,pension,281,second,2,,2026-04-26T11:25:06.153724,2026-04-26T11:25:06.153724,1
PENSION_STORE_01236,14100246,노다지복권방,경기 오산시 오산동  394-1,경기,,37.153573,127.06883,pension,281,second,2,,2026-04-26T11:25:06.153724,2026-04-26T11:25:06.153724,1
PENSION_STORE_01237,14190138,복권마당,경기 연천군 전곡읍  336-76 1층,경기,,38.025165,127.06947,pension,281,second,2,,2026-04-26T11:25:06.153724,2026-04-26T11:25:06.153724,1
PENSION_STORE_01238,14100112,복권 마을,경기 안양시 동안구 호계1동 호계1동 959-19,경기,,37.371089,126.95967,pension,281,second,2,,2026-04-26T11:25:06.153724,2026-04-26T11:25:06.153724,1
PENSION_STORE_01239,14100112,복권 마을,경기 안양시 동안구 호계1동 호계1동 959-19,경기,,37.371089,126.95967,pension,281,second,2,,2026-04-26T11:25:06.153724,2026-04-26T11:25:06.153724,1
PENSION_STORE_01240,24100099,GS25(안산신영),경기 안산시 상록구 본오동 본오동 874-12 신영B/D103 104,경기,,37.301926,126.864342,pension,281,second,2,,2026-04-26T11:25:06.153724,2026-04-26T11:25:06.153724,1
PENSION_STORE_01241,14110436,행운이가득한집,경기 안산시 상록구 건건동 건건동 927-9 동호상가 B-14,경기,,37.303694,126.901446,pension,281,second,2,,2026-04-26T11:25:06.153724,2026-04-26T11:25:06.153724,1
PENSION_STORE_01242,14190102,종합복권슈퍼,경기 시흥시 정왕동  1735-2 정일빌딩 104,경기,수동,37.345744,126.73558,pension,281,first,1,,2026-04-26T11:25:06.153724,2026-04-26T11:25:06.153724,1
PENSION_STORE_01243,14190079,으뜸복권방,경기 성남시 분당구 정자동 정자동 61-4,경기,,37.349279,127.108292,pension,281,second,2,,2026-04-26T11:25:06.153724,2026-04-26T11:25:06.153724,1
PENSION_STORE_01244,14410016,로또복권방,충남 아산시 탕정면 호산리 호산리 483,충남,자동,36.80873,127.0748,pension,281,first,1,,2026-04-26T11:25:06.153724,2026-04-26T11:25:06.153724,1
PENSION_STORE_01245,14410070,로또BANK,충남 공주시 신관동  653-14,충남,,36.473449,127.13745,pension,281,second,2,,2026-04-26T11:25:06.153724,2026-04-26T11:25:06.153724,1
PENSION_STORE_01246,14710169,훼미리로또(북구흥해),경북 포항시 북구 흥해읍 흥해읍 242-10 훼미리마트 내,경북,,36.104124,129.342077,pension,281,second,2,,2026-04-26T11:25:06.153724,2026-04-26T11:25:06.153724,1
PENSION_STORE_01247,14790006,복권나라,경북 경산시 삼남동  132-4,경북,자동,35.814596,128.73864,pension,281,first,1,,2026-04-26T11:25:06.153724,2026-04-26T11:25:06.153724,1
PENSION_STORE_01248,14800139,부산식품,경남 창원시 상남동  16 상남시장 E-104호,경남,,35.222226,128.68338,pension,281,second,2,,2026-04-26T11:25:06.153724,2026-04-26T11:25:06.153724,1
PENSION_STORE_01249,14810017,도계로또토토판매점,경남 창원시 도계동  410-1,경남,,35.256833,128.638965,pension,281,second,2,,2026-04-26T11:25:06.153724,2026-04-26T11:25:06.153724,1
PENSION_STORE_01250,14810123,고봉로또,경남 산청군 산청읍 산청리 산청리 193-13,경남,,35.416648,127.878344,pension,281,second,2,,2026-04-26T11:25:06.153724,2026-04-26T11:25:06.153724,1
PENSION_STORE_01251,14810050,삼성복권마트,경남 김해시 외동  703-1,경남,,35.233956,128.85208,pension,281,second,2,,2026-04-26T11:25:06.153724,2026-04-26T11:25:06.153724,1
PENSION_STORE_01252,11110123,로또방,서울 영등포구 영등포동3가  9-13,서울,,37.517634,126.9065,pension,280,second,2,,2026-04-26T11:25:07.984118,2026-04-26T11:25:07.984118,1
PENSION_STORE_01253,11100178,주택복권,서울 양천구 신월동  921-1,서울,,37.522806,126.83293,pension,280,second,2,,2026-04-26T11:25:07.984118,2026-04-26T11:25:07.984118,1
PENSION_STORE_01254,11110571,현대,서울 도봉구 방학동  686-14 현대마트,서울,수동,37.646204,127.03765,pension,280,first,1,,2026-04-26T11:25:07.984118,2026-04-26T11:25:07.984118,1
PENSION_STORE_01255,11100939,가판대,서울 노원구 월계동  65-1 석계역앞,서울,,37.670232,127.08076,pension,280,second,2,,2026-04-26T11:25:07.984118,2026-04-26T11:25:07.984118,1
PENSION_STORE_01256,11100673,대화식품,서울 금천구 독산1동  296-16,서울,,37.471794,126.8967,pension,280,second,2,,2026-04-26T11:25:07.984118,2026-04-26T11:25:07.984118,1
PENSION_STORE_01257,11101166,교통카드판매대,서울 강동구 고덕동  210-1  (구 서울승합종점 앞),서울,,37.558263,127.17009,pension,280,second,2,,2026-04-26T11:25:07.984118,2026-04-26T11:25:07.984118,1
PENSION_STORE_01258,12610158,남일로또,부산 서구 동대신동2가  331-1,부산,,35.108772,129.019147,pension,280,second,2,,2026-04-26T11:25:07.984118,2026-04-26T11:25:07.984118,1
PENSION_STORE_01259,12690023,Centre Point 금곡,부산 북구 금곡동  57-7,부산,,35.263943,129.019954,pension,280,second,2,,2026-04-26T11:25:07.984118,2026-04-26T11:25:07.984118,1
PENSION_STORE_01260,12700198,협화승차권판매,대구 중구 상서동  17 앞도로,대구,,35.870708,128.590122,pension,280,second,2,,2026-04-26T11:25:07.984118,2026-04-26T11:25:07.984118,1
PENSION_STORE_01261,12700148,짱25시,대구 수성구 만촌동  1040-15,대구,,35.857865,128.64766,pension,280,second,2,,2026-04-26T11:25:07.984118,2026-04-26T11:25:07.984118,1
PENSION_STORE_01262,12710095,로또구암점,대구 북구 동천동  915 화성3차아파트상가 101  102호,대구,,35.937918,128.561388,pension,280,second,2,,2026-04-26T11:25:07.984118,2026-04-26T11:25:07.984118,1
PENSION_STORE_01263,22700076,훼미리마트(입석강변),대구 동구 입석동  933-2,대구,,35.890266,128.646348,pension,280,second,2,,2026-04-26T11:25:07.984118,2026-04-26T11:25:07.984118,1
PENSION_STORE_01264,12700295,서재강변로또,대구 달성군 다사읍  서재리58-2,대구,자동,35.878706,128.497475,pension,280,first,1,,2026-04-26T11:25:07.984118,2026-04-26T11:25:07.984118,1
PENSION_STORE_01265,12810049,럭키복권방,인천 부평구 부평동  199-20 가나베스텔 105호,인천,,37.493541,126.723298,pension,280,second,2,,2026-04-26T11:25:07.984118,2026-04-26T11:25:07.984118,1
PENSION_STORE_01266,12810158,풍년로또,인천 남동구 구월4동  1265-10,인천,자동,37.452975,126.719278,pension,280,first,1,,2026-04-26T11:25:07.984118,2026-04-26T11:25:07.984118,1
PENSION_STORE_01267,13000047,행운깜찍이복권방,대전 서구 변동  46-1번지,대전,,36.324059,127.383023,pension,280,second,2,,2026-04-26T11:25:07.984118,2026-04-26T11:25:07.984118,1
PENSION_STORE_01268,13010049,로또명당점,대전 서구 관저동  1316,대전,자동,36.299119,127.33612,pension,280,first,1,,2026-04-26T11:25:07.984118,2026-04-26T11:25:07.984118,1
PENSION_STORE_01269,13100058,우리들 복권방,울산 울주군 온양읍 대안리 대안리 406-1  1층,울산,,35.414092,129.282855,pension,280,second,2,,2026-04-26T11:25:07.984118,2026-04-26T11:25:07.984118,1
PENSION_STORE_01270,14100174,복권나라,경기 양평군 양평읍 양근리 양근리 414-1,경기,,37.489612,127.49022,pension,280,second,2,,2026-04-26T11:25:07.984118,2026-04-26T11:25:07.984118,1
PENSION_STORE_01271,14110095,일죽휴게소복권,경기 안성시 일죽면 월정리 월정리 481-4,경기,,37.088207,127.460241,pension,280,second,2,,2026-04-26T11:25:07.984118,2026-04-26T11:25:07.984118,1
PENSION_STORE_01272,14190005,7복권방,경기 수원시 권선구 구운동 구운동 541-3,경기,,37.264413,127.00243,pension,280,second,2,,2026-04-26T11:25:07.984118,2026-04-26T11:25:07.984118,1
PENSION_STORE_01273,14190002,복권방,경기 군포시 당동  771-15,경기,,37.350946,126.94371,pension,280,second,2,,2026-04-26T11:25:07.984118,2026-04-26T11:25:07.984118,1
PENSION_STORE_01274,14210109,두꺼비 로또,강원 원주시 단구동  1673-14,강원,,37.320676,127.957787,pension,280,second,2,,2026-04-26T11:25:07.984118,2026-04-26T11:25:07.984118,1
PENSION_STORE_01275,24200022,훼미리마트(동해발한),강원 동해시 발한동  34-1,강원,,37.548192,129.108564,pension,280,second,2,,2026-04-26T11:25:07.984118,2026-04-26T11:25:07.984118,1
PENSION_STORE_01276,14310092,로또명당매화점,충북 옥천군 옥천읍 매화리 매화리 36-6,충북,수동,36.299209,127.59752,pension,280,first,1,,2026-04-26T11:25:07.984118,2026-04-26T11:25:07.984118,1
PENSION_STORE_01277,14400047,제이민 온천복권,충남 아산시 모종동  565-10번지,충남,,36.786432,127.01459,pension,280,second,2,,2026-04-26T11:25:07.984118,2026-04-26T11:25:07.984118,1
PENSION_STORE_01278,14490038,당진복권방,충남 당진시 당진읍 읍내리 읍내리 646-11,충남,,36.892041,126.63027,pension,280,second,2,,2026-04-26T11:25:07.984118,2026-04-26T11:25:07.984118,1
PENSION_STORE_01279,24500025,훼미리마트(익산금마),전북 익산시 금마면 동고도리 동고도리 861-4,전북,,35.990656,127.052363,pension,280,second,2,,2026-04-26T11:25:07.984118,2026-04-26T11:25:07.984118,1
PENSION_STORE_01280,14710074,로또판매점,경북 상주시 남성동  36-17,경북,,36.415231,128.15586,pension,280,second,2,,2026-04-26T11:25:07.984118,2026-04-26T11:25:07.984118,1
PENSION_STORE_01281,14710173,로또복권신음훼미리마,경북 김천시 신음동  991-1,경북,,36.11752,128.18394,pension,280,second,2,,2026-04-26T11:25:07.984118,2026-04-26T11:25:07.984118,1
PENSION_STORE_01282,14800034,복권명당,경남 창원시 서상동  590-5번지,경남,수동,35.248677,128.59813,pension,280,first,1,,2026-04-26T11:25:07.984118,2026-04-26T11:25:07.984118,1
PENSION_STORE_01283,14810129,복권천국,경남 양산시 중주동  693-2,경남,,35.33519,129.027838,pension,280,second,2,,2026-04-26T11:25:07.984118,2026-04-26T11:25:07.984118,1
PENSION_STORE_01284,24800013,GS25(마산상남),경남 마산시 상남동  230-25,경남,자동,35.209637,128.576384,pension,280,first,1,,2026-04-26T11:25:07.984118,2026-04-26T11:25:07.984118,1
PENSION_STORE_01285,14800014,나우리편의점,경남 거제시 신현읍 고현리 고현리 961-160,경남,,34.888005,128.62355,pension,280,second,2,,2026-04-26T11:25:07.984118,2026-04-26T11:25:07.984118,1
PENSION_STORE_01286,11100079,원마트,서울 중랑구 중화동  312-43,서울,,37.599659,127.077689,pension,279,second,2,,2026-04-26T11:25:09.780561,2026-04-26T11:25:09.780561,1
PENSION_STORE_01287,11101587,영광정보통신,서울 성북구 하월곡동  37-18,서울,자동,37.602694,127.04251,pension,279,first,1,,2026-04-26T11:25:09.780561,2026-04-26T11:25:09.780561,1
PENSION_STORE_01288,11110332,-,서울 서초구 잠원동  19-1 1층 바이더웨이 잠원제일점,서울,,37.504008,127.006577,pension,279,second,2,,2026-04-26T11:25:09.780561,2026-04-26T11:25:09.780561,1
PENSION_STORE_01289,11100209,행운복권방,서울 서대문구 북가좌동  105-1,서울,,37.575318,126.912911,pension,279,second,2,,2026-04-26T11:25:09.780561,2026-04-26T11:25:09.780561,1
PENSION_STORE_01290,11110256,로또수락산점,서울 노원구 상계동  1262 대덕하이베라스 101호,서울,,37.679121,127.05494,pension,279,second,2,,2026-04-26T11:25:09.780561,2026-04-26T11:25:09.780561,1
PENSION_STORE_01291,11100187,복권나라,서울 강서구 등촌1동  654-44,서울,자동,37.554956,126.85592,pension,279,first,1,,2026-04-26T11:25:09.780561,2026-04-26T11:25:09.780561,1
PENSION_STORE_01292,12600294,천자도서,부산 동래구 명륜1동  533-95,부산,,37.341219,127.95327,pension,279,second,2,,2026-04-26T11:25:09.780561,2026-04-26T11:25:09.780561,1
PENSION_STORE_01293,12700270,세진전자통신,대구 서구 평리동  1094-4,대구,,35.871898,128.55519,pension,279,second,2,,2026-04-26T11:25:09.780561,2026-04-26T11:25:09.780561,1
PENSION_STORE_01294,12710102,로또복권판매점,대구 북구 복현동  459-6,대구,,35.900568,128.611154,pension,279,second,2,,2026-04-26T11:25:09.780561,2026-04-26T11:25:09.780561,1
PENSION_STORE_01295,12900076,백송마트,광주 광산구 월계동  771-8 104호,광주,,35.213482,126.83741,pension,279,second,2,,2026-04-26T11:25:09.780561,2026-04-26T11:25:09.780561,1
PENSION_STORE_01296,13010083,역전25시복권방,대전 동구 정동  1-1,대전,,36.332926,127.432814,pension,279,second,2,,2026-04-26T11:25:09.780561,2026-04-26T11:25:09.780561,1
PENSION_STORE_01297,13190040,우리들 성남점,울산 중구 성남동  68-9,울산,,35.557089,129.320439,pension,279,second,2,,2026-04-26T11:25:09.780561,2026-04-26T11:25:09.780561,1
PENSION_STORE_01298,14110553,로또판매점,경기 포천시 신북면 가채리 가채리 23-2,경기,,37.920216,127.22082,pension,279,second,2,,2026-04-26T11:25:09.780561,2026-04-26T11:25:09.780561,1
PENSION_STORE_01299,14100153,황금대박 복권나라,경기 용인시 처인구 김량장동 김량장동 133-200,경기,,37.236813,127.20574,pension,279,second,2,,2026-04-26T11:25:09.780561,2026-04-26T11:25:09.780561,1
PENSION_STORE_01300,14190139,천복당,경기 오산시 원동  215-3,경기,자동,37.146227,127.07426,pension,279,first,1,,2026-04-26T11:25:09.780561,2026-04-26T11:25:09.780561,1
PENSION_STORE_01301,14100587,로또 명당 가두판매점,경기 안양시 동안구 비산동 비산동 1102 동성아파트앞 버스가판대,경기,,37.394616,126.94141,pension,279,second,2,,2026-04-26T11:25:09.780561,2026-04-26T11:25:09.780561,1
PENSION_STORE_01302,14110644,한양복권방,경기 수원시 권선구 오목천동 오목천동 498-5,경기,,37.24454,126.96386,pension,279,second,2,,2026-04-26T11:25:09.780561,2026-04-26T11:25:09.780561,1
PENSION_STORE_01303,24100084,GS25(성남중원),경기 성남시 중원구 중동 중동 335,경기,,37.44262,127.15308,pension,279,second,2,,2026-04-26T11:25:09.780561,2026-04-26T11:25:09.780561,1
PENSION_STORE_01304,14190243,메트로 세븐,경기 부천시 원미구 역곡동 역곡동 230 역곡역사 북쪽부스,경기,,37.48832,126.752568,pension,279,second,2,,2026-04-26T11:25:09.780561,2026-04-26T11:25:09.780561,1
PENSION_STORE_01305,14100034,대박찬스,경기 남양주시 진접읍 장현리 장현리 351-24,경기,,37.71977,127.18394,pension,279,second,2,,2026-04-26T11:25:09.780561,2026-04-26T11:25:09.780561,1
PENSION_STORE_01306,24100175,훼미리(탄현센스빌),경기 고양시 일산서구 탄현동 탄현동 1574-7,경기,,37.689524,126.762025,pension,279,second,2,,2026-04-26T11:25:09.780561,2026-04-26T11:25:09.780561,1
PENSION_STORE_01307,14190174,하나유통,경기 고양시 덕양구 화정동 화정동 961 은빛마을상가 105,경기,,37.633695,126.8334,pension,279,second,2,,2026-04-26T11:25:09.780561,2026-04-26T11:25:09.780561,1
PENSION_STORE_01308,14110482,원당역복권방,경기 고양시 덕양구 성사동 410-17,경기,수동,37.653428,126.843092,pension,279,first,1,,2026-04-26T11:25:09.780561,2026-04-26T11:25:09.780561,1
PENSION_STORE_01309,14410129,로또명당,충남 천안시 성환읍 매주리 매주리 88-10,충남,,36.894531,127.136591,pension,279,second,2,,2026-04-26T11:25:09.780561,2026-04-26T11:25:09.780561,1
PENSION_STORE_01310,14410115,GS25쌍용한빛점,충남 천안시 쌍용동  1680,충남,,36.837247,127.13406,pension,279,second,2,,2026-04-26T11:25:09.780561,2026-04-26T11:25:09.781567,1
PENSION_STORE_01311,14500140,태진유통,전북 정읍시 수성동  933-6,전북,,35.562208,126.86284,pension,279,second,2,,2026-04-26T11:25:09.781567,2026-04-26T11:25:09.781567,1
PENSION_STORE_01312,14590042,찬스복권방,전북 전주시 덕진구 진북동 진북동 407-4,전북,자동,35.831664,127.13598,pension,279,first,1,,2026-04-26T11:25:09.781567,2026-04-26T11:25:09.781567,1
PENSION_STORE_01313,14690033,코사마트 세진점,전남 목포시 보광동3가  4-10,전남,,34.787666,126.38711,pension,279,second,2,,2026-04-26T11:25:09.781567,2026-04-26T11:25:09.781567,1
PENSION_STORE_01314,14710027,그린파워녹즙기,경북 포항시 남구 대도동 대도동 91-19,경북,,36.018812,129.361239,pension,279,second,2,,2026-04-26T11:25:09.781567,2026-04-26T11:25:09.781567,1
PENSION_STORE_01315,14710118,복권명당,경북 영주시 휴천동  320-19,경북,,36.827234,128.632145,pension,279,second,2,,2026-04-26T11:25:09.781567,2026-04-26T11:25:09.781567,1
PENSION_STORE_01316,14710180,예스복권,경북 구미시 상모동  49-1,경북,,36.088042,128.356778,pension,279,second,2,,2026-04-26T11:25:09.781567,2026-04-26T11:25:09.781567,1
PENSION_STORE_01317,14710010,불국사명당복권,경북 경주시 시래동  326-4,경북,,35.776509,129.29815,pension,279,second,2,,2026-04-26T11:25:09.781567,2026-04-26T11:25:09.781567,1
PENSION_STORE_01318,11110401,명동2호점,서울 중구 남창동  50-57 남대문상가 1-68,서울,,37.561575,126.99346,pension,278,second,2,,2026-04-26T11:25:11.599172,2026-04-26T11:25:11.599172,1
PENSION_STORE_01319,11110123,로또방,서울 영등포구 영등포동3가  9-13,서울,,37.517634,126.9065,pension,278,second,2,,2026-04-26T11:25:11.599172,2026-04-26T11:25:11.599172,1
PENSION_STORE_01320,11100400,G마트,서울 영등포구 대림동  862-6,서울,,37.491651,126.90217,pension,278,second,2,,2026-04-26T11:25:11.599172,2026-04-26T11:25:11.599172,1
PENSION_STORE_01321,11100212,노다지복권방,서울 서대문구 미근동  129  1층 131-1,서울,,37.565298,126.96594,pension,278,second,2,,2026-04-26T11:25:11.599172,2026-04-26T11:25:11.599172,1
PENSION_STORE_01322,11100496,523마트,서울 강서구 등촌1동  633-7 1층,서울,,37.554052,126.867027,pension,278,second,2,,2026-04-26T11:25:11.599172,2026-04-26T11:25:11.599172,1
PENSION_STORE_01323,11110679,로또복권판매,서울 강북구 수유동  173-14,서울,자동,37.620273,127.027442,pension,278,first,1,,2026-04-26T11:25:11.599172,2026-04-26T11:25:11.599172,1
PENSION_STORE_01324,12700014,코사한마음유통,대구 달서구 감삼동  160-5,대구,,35.831669,128.53162,pension,278,second,2,,2026-04-26T11:25:11.599172,2026-04-26T11:25:11.599172,1
PENSION_STORE_01325,12800069,복권전문점,인천 부평구 청천동  236-20 1층 점포,인천,,37.503708,126.71512,pension,278,second,2,,2026-04-26T11:25:11.599172,2026-04-26T11:25:11.599172,1
PENSION_STORE_01326,12800052,행운복권편의점,인천 남동구 구월동  1206-6 제1층 상가 106,인천,,37.451992,126.72127,pension,278,second,2,,2026-04-26T11:25:11.599172,2026-04-26T11:25:11.599172,1
PENSION_STORE_01327,12900110,동키호테편의점,광주 서구 풍암동  935-7,광주,,35.123924,126.864745,pension,278,second,2,,2026-04-26T11:25:11.599172,2026-04-26T11:25:11.599172,1
PENSION_STORE_01328,12900090,현대슈퍼,광주 서구 쌍촌동  970-24,광주,,35.150524,126.857314,pension,278,second,2,,2026-04-26T11:25:11.599172,2026-04-26T11:25:11.599172,1
PENSION_STORE_01329,12910088,쌍암로또,광주 광산구 쌍암동  664-1 GS25시 편의점내,광주,,35.14436,126.81085,pension,278,second,2,,2026-04-26T11:25:11.599172,2026-04-26T11:25:11.599172,1
PENSION_STORE_01330,13000033,천하제일복권명당,대전 중구 태평동  377-4번지,대전,자동,36.326429,127.394843,pension,278,first,1,,2026-04-26T11:25:11.599172,2026-04-26T11:25:11.599172,1
PENSION_STORE_01331,13090045,가나25시,대전 중구 용두동  24-3,대전,,36.324792,127.41087,pension,278,second,2,,2026-04-26T11:25:11.599172,2026-04-26T11:25:11.599172,1
PENSION_STORE_01332,13000176,플러스 복권,대전 서구 도마1동  137-1번지,대전,자동,36.344906,127.37886,pension,278,first,1,,2026-04-26T11:25:11.599172,2026-04-26T11:25:11.599172,1
PENSION_STORE_01333,13190001,영화유통 (1등복권방),울산 남구 달동  758 삼성아파트상가 204-101,울산,,35.534272,129.32176,pension,278,second,2,,2026-04-26T11:25:11.599172,2026-04-26T11:25:11.599172,1
PENSION_STORE_01334,14100741,대박행진 복권랜드,경기 파주시 금촌동  금촌2택지사업지구 상업용지16호 금촌프라자 107,경기,,37.751653,126.76692,pension,278,second,2,,2026-04-26T11:25:11.599172,2026-04-26T11:25:11.599172,1
PENSION_STORE_01335,14110083,플러스마트,경기 시흥시 정왕동  1407 1층,경기,,37.341166,126.75273,pension,278,second,2,,2026-04-26T11:25:11.599172,2026-04-26T11:25:11.599172,1
PENSION_STORE_01336,14190099,왕대박복권,경기 수원시 장안구 연무동 연무동 233-16,경기,,37.295566,127.026115,pension,278,second,2,,2026-04-26T11:25:11.599172,2026-04-26T11:25:11.599172,1
PENSION_STORE_01337,14100227,이플러스,경기 수원시 영통구 매탄동 매탄동 153-14,경기,,37.274273,127.044317,pension,278,second,2,,2026-04-26T11:25:11.599172,2026-04-26T11:25:11.599172,1
PENSION_STORE_01338,14100410,한국슈퍼,경기 부천시 오정구 원종동 원종동 228,경기,,37.525096,126.80414,pension,278,second,2,,2026-04-26T11:25:11.599172,2026-04-26T11:25:11.599172,1
PENSION_STORE_01339,14110630,은하복권방,경기 부천시 원미구 중동 중동 1033 우신빌딩 101호 GS25 중동은하점,경기,,37.505186,126.763547,pension,278,second,2,,2026-04-26T11:25:11.599172,2026-04-26T11:25:11.599172,1
PENSION_STORE_01340,14100257,명동슈퍼,경기 광명시 철산동  426,경기,,37.474012,126.86936,pension,278,second,2,,2026-04-26T11:25:11.599172,2026-04-26T11:25:11.599172,1
PENSION_STORE_01341,14100529,버스표판매소,경기 고양시 덕양구 행신동 행신동 187-2 (971 번지선),경기,,37.619658,126.83906,pension,278,second,2,,2026-04-26T11:25:11.599172,2026-04-26T11:25:11.599172,1
PENSION_STORE_01342,14210033,로또한마당,강원 철원군 갈말읍 신철원리 신철원리 984-19,강원,,38.147069,127.30807,pension,278,second,2,,2026-04-26T11:25:11.599172,2026-04-26T11:25:11.599172,1
PENSION_STORE_01343,14210021,희망복권방,강원 강릉시 용강동  10-5,강원,,37.756064,128.891386,pension,278,second,2,,2026-04-26T11:25:11.599172,2026-04-26T11:25:11.599172,1
PENSION_STORE_01344,14310078,천금복권방,충북 청주시 상당구 영운동 영운동 55-1,충북,,36.620748,127.507969,pension,278,second,2,,2026-04-26T11:25:11.599172,2026-04-26T11:25:11.599172,1
PENSION_STORE_01345,14590055,현대장미슈퍼,전북 익산시 어양동  493-12 현대아파트 1층 108호,전북,,35.955361,126.98089,pension,278,second,2,,2026-04-26T11:25:11.599172,2026-04-26T11:25:11.599172,1
PENSION_STORE_01346,14690014,미래유통,전남 목포시 석현동  815-51,전남,,34.82103,126.420855,pension,278,second,2,,2026-04-26T11:25:11.599172,2026-04-26T11:25:11.599172,1
PENSION_STORE_01347,14700032,복권명당,경북 경산시 중방동  848-9,경북,,35.826538,128.73688,pension,278,second,2,,2026-04-26T11:25:11.599172,2026-04-26T11:25:11.599172,1
PENSION_STORE_01348,11190210,용산역사정보통신,서울 용산구 한강로3가  40-999 SPACE9 전자전문점 3층 306,서울,,37.529547,126.964132,pension,277,second,2,,2026-04-26T11:25:13.399215,2026-04-26T11:25:13.399215,1
PENSION_STORE_01349,11110362,행운복권,서울 영등포구 대림동  665-8,서울,,37.501316,126.898585,pension,277,second,2,,2026-04-26T11:25:13.399215,2026-04-26T11:25:13.399215,1
PENSION_STORE_01350,11101064,가로공원충전소,서울 양천구 신월1동  146-1,서울,자동,37.53567,126.828928,pension,277,first,1,,2026-04-26T11:25:13.399215,2026-04-26T11:25:13.399215,1
PENSION_STORE_01351,11100479,복권방,서울 양천구 신정동  972-1 1층,서울,,37.521924,126.852321,pension,277,second,2,,2026-04-26T11:25:13.399215,2026-04-26T11:25:13.399215,1
PENSION_STORE_01352,11100061,복권나라,서울 송파구 삼전동  175 1층 복권나라,서울,,37.500348,127.095023,pension,277,second,2,,2026-04-26T11:25:13.399215,2026-04-26T11:25:13.399215,1
PENSION_STORE_01353,11101005,교통카드충전,서울 서초구 서초동  1316-24,서울,,37.498775,127.026691,pension,277,second,2,,2026-04-26T11:25:13.399215,2026-04-26T11:25:13.399215,1
PENSION_STORE_01354,11110287,연세,서울 동작구 노량진동  27-10  1층 24시편의점,서울,,37.513067,126.936251,pension,277,second,2,,2026-04-26T11:25:13.399215,2026-04-26T11:25:13.399215,1
PENSION_STORE_01355,11100184,행운복권방,서울 강서구 염창동  265-1 양화진빌딩 102,서울,,37.552235,126.869818,pension,277,second,2,,2026-04-26T11:25:13.399215,2026-04-26T11:25:13.399215,1
PENSION_STORE_01356,11110024,로또명당,서울 강서구 방화동  168-38  101호,서울,,37.573087,126.818078,pension,277,second,2,,2026-04-26T11:25:13.400218,2026-04-26T11:25:13.400218,1
PENSION_STORE_01357,11110205,강동로또,서울 강동구 상일동  207 지하,서울,,37.550031,127.172388,pension,277,second,2,,2026-04-26T11:25:13.400218,2026-04-26T11:25:13.400218,1
PENSION_STORE_01358,12600135,비치슈퍼,부산 수영구 남천동  148-5 비치 B상가지하1호  110호,부산,,35.145697,129.11497,pension,277,second,2,,2026-04-26T11:25:13.400218,2026-04-26T11:25:13.400218,1
PENSION_STORE_01359,12610195,-,부산 사상구 모라동  505-7 바이더웨이편의점내,부산,,35.185834,128.990732,pension,277,second,2,,2026-04-26T11:25:13.400218,2026-04-26T11:25:13.400218,1
PENSION_STORE_01360,12600094,운수대통복권방,부산 부산진구 전포동  340-11,부산,,35.154627,129.06638,pension,277,second,2,,2026-04-26T11:25:13.400218,2026-04-26T11:25:13.400218,1
PENSION_STORE_01361,12600326,셀프카메라,부산 부산진구 개금동  472-23,부산,,35.154545,129.0217,pension,277,second,2,,2026-04-26T11:25:13.400218,2026-04-26T11:25:13.400218,1
PENSION_STORE_01362,12810077,천하복권방,인천 중구 관동3가  2-4,인천,,37.470814,126.6244,pension,277,second,2,,2026-04-26T11:25:13.400218,2026-04-26T11:25:13.400218,1
PENSION_STORE_01363,12800069,복권전문점,인천 부평구 청천동  236-20 1층 점포,인천,,37.503708,126.71512,pension,277,second,2,,2026-04-26T11:25:13.400218,2026-04-26T11:25:13.400218,1
PENSION_STORE_01364,12800179,버스매표소447,인천 동구 송림동  50-120,인천,,37.477295,126.645168,pension,277,second,2,,2026-04-26T11:25:13.400218,2026-04-26T11:25:13.400218,1
PENSION_STORE_01365,12800042,한솔사,인천 남구 주안4동  244-11,인천,,37.458145,126.68256,pension,277,second,2,,2026-04-26T11:25:13.400218,2026-04-26T11:25:13.400218,1
PENSION_STORE_01366,12910071,조은꿈,광주 북구 운암동  397-1,광주,,35.177123,126.88873,pension,277,second,2,,2026-04-26T11:25:13.400218,2026-04-26T11:25:13.400218,1
PENSION_STORE_01367,14100112,복권 마을,경기 안양시 동안구 호계1동 호계1동 959-19,경기,,37.371089,126.95967,pension,277,second,2,,2026-04-26T11:25:13.400218,2026-04-26T11:25:13.400218,1
PENSION_STORE_01368,14190001,천하명당복권방,경기 안성시 영동  428,경기,,37.0066,127.27375,pension,277,second,2,,2026-04-26T11:25:13.400218,2026-04-26T11:25:13.400218,1
PENSION_STORE_01369,14100512,사격장매표소,경기 시흥시 은행동  99-2,경기,,37.438757,126.797196,pension,277,second,2,,2026-04-26T11:25:13.400218,2026-04-26T11:25:13.400218,1
PENSION_STORE_01370,14190090,천하명당복권방,경기 수원시 권선구 세류동 세류동 1141-5,경기,,37.248854,127.013041,pension,277,second,2,,2026-04-26T11:25:13.400218,2026-04-26T11:25:13.400218,1
PENSION_STORE_01371,14100047,코사마트롯데점,경기 광명시 광명동  732번지 중앙하이츠 지하 1층,경기,,37.475898,126.87011,pension,277,second,2,,2026-04-26T11:25:13.400218,2026-04-26T11:25:13.400218,1
PENSION_STORE_01372,14190043,대박복권방,경기 고양시 일산동구 장항동 장항동 543-4,경기,,37.644296,126.7635,pension,277,second,2,,2026-04-26T11:25:13.400218,2026-04-26T11:25:13.400218,1
PENSION_STORE_01373,14290013,복권나라,강원 원주시 태장동  1367-2,강원,,37.385082,127.94791,pension,277,second,2,,2026-04-26T11:25:13.400218,2026-04-26T11:25:13.400218,1
PENSION_STORE_01374,14290005,행운의시작복권전문점,강원 삼척시 남양동  24-7 8/1,강원,,37.444267,129.16544,pension,277,second,2,,2026-04-26T11:25:13.400218,2026-04-26T11:25:13.400218,1
PENSION_STORE_01375,14290015,슈퍼맨편의점,강원 강릉시 임당동  109-2  3통 3반,강원,,37.756088,128.89759,pension,277,second,2,,2026-04-26T11:25:13.400218,2026-04-26T11:25:13.400218,1
PENSION_STORE_01376,14300004,대박찬스,충북 청주시 흥덕구 가경동 1220번지,충북,,36.628987,127.43647,pension,277,second,2,,2026-04-26T11:25:13.400218,2026-04-26T11:25:13.400218,1
PENSION_STORE_01377,14410114,행운복권방,충남 예산군 예산읍  예산리    178,충남,자동,36.680299,126.851375,pension,277,first,1,,2026-04-26T11:25:13.400218,2026-04-26T11:25:13.400218,1
PENSION_STORE_01378,14610052,금전산복권방,전남 순천시 연향동  1374-12,전남,,34.945029,127.51634,pension,277,second,2,,2026-04-26T11:25:13.400218,2026-04-26T11:25:13.400218,1
PENSION_STORE_01379,14710021,홈런복권방,경북 영덕군 영덕읍 남석리 남석리 25-10,경북,,36.409132,129.36826,pension,277,second,2,,2026-04-26T11:25:13.400218,2026-04-26T11:25:13.400218,1
PENSION_STORE_01380,14810169,로또판매점,경남 진주시 신안동  705-4 주공3차아파트상가 101호,경남,자동,35.177048,128.06509,pension,277,first,1,,2026-04-26T11:25:13.400218,2026-04-26T11:25:13.400218,1
PENSION_STORE_01381,14910021,지하상가,제주 제주시 연동  281-19,제주,,33.490493,126.493228,pension,277,second,2,,2026-04-26T11:25:13.400218,2026-04-26T11:25:13.400218,1
PENSION_STORE_01382,11101536,대박찬스,서울 중랑구 면목동  103-32,서울,,37.589386,127.08978,pension,276,second,2,,2026-04-26T11:25:15.195144,2026-04-26T11:25:15.195144,1
PENSION_STORE_01383,11101536,대박찬스,서울 중랑구 면목동  103-32,서울,수동,37.589386,127.08978,pension,276,first,1,,2026-04-26T11:25:15.195144,2026-04-26T11:25:15.195144,1
PENSION_STORE_01384,11101018,불광가판점,서울 은평구 불광1동  281-175,서울,자동,37.609818,126.930779,pension,276,first,1,,2026-04-26T11:25:15.195144,2026-04-26T11:25:15.195144,1
PENSION_STORE_01385,11110367,양평점로또판매,서울 영등포구 양평동4가  197-1,서울,,37.537756,126.89548,pension,276,second,2,,2026-04-26T11:25:15.195144,2026-04-26T11:25:15.195144,1
PENSION_STORE_01386,11100718,명진수퍼,서울 송파구 문정동  97-4,서울,,37.483537,127.12962,pension,276,second,2,,2026-04-26T11:25:15.195144,2026-04-26T11:25:15.195144,1
PENSION_STORE_01387,11110101,성수점 로또판매,서울 성동구 성수동1가  13-451 성수동 그린아파트상가 10호,서울,,37.541433,127.01658,pension,276,second,2,,2026-04-26T11:25:15.195144,2026-04-26T11:25:15.195144,1
PENSION_STORE_01388,11110425,양재역점로또판매,서울 서초구 양재동  23-2,서울,,37.49324,127.01724,pension,276,second,2,,2026-04-26T11:25:15.195144,2026-04-26T11:25:15.195144,1
PENSION_STORE_01389,11101104,일진빌딩 옆 가판대,서울 마포구 도화동  50-2,서울,,37.540029,126.945446,pension,276,second,2,,2026-04-26T11:25:15.195144,2026-04-26T11:25:15.195144,1
PENSION_STORE_01390,11101357,지원물산,서울 노원구 공릉동  644-12,서울,자동,37.619831,127.07812,pension,276,first,1,,2026-04-26T11:25:15.195144,2026-04-26T11:25:15.195144,1
PENSION_STORE_01391,11100130,복권마을,서울 구로구 구로4동  805-20,서울,,37.48533,126.88603,pension,276,second,2,,2026-04-26T11:25:15.195144,2026-04-26T11:25:15.195144,1
PENSION_STORE_01392,11110053,로또잭팟,서울 관악구 신림동  727-5,서울,,37.474393,126.916383,pension,276,second,2,,2026-04-26T11:25:15.195144,2026-04-26T11:25:15.195144,1
PENSION_STORE_01393,12600097,꿈꾼날마트,부산 사하구 괴정동  282-3,부산,,35.102422,128.99779,pension,276,second,2,,2026-04-26T11:25:15.195144,2026-04-26T11:25:15.195144,1
PENSION_STORE_01394,12610100,무지개복권방,부산 북구 구포동  1248-25,부산,,35.225202,129.009681,pension,276,second,2,,2026-04-26T11:25:15.195144,2026-04-26T11:25:15.195144,1
PENSION_STORE_01395,12600094,운수대통복권방,부산 부산진구 전포동  340-11,부산,,35.154627,129.06638,pension,276,second,2,,2026-04-26T11:25:15.195144,2026-04-26T11:25:15.195144,1
PENSION_STORE_01396,12600054,부일카서비스,부산 동구 범일동  830-195,부산,,35.140055,129.06305,pension,276,second,2,,2026-04-26T11:25:15.195144,2026-04-26T11:25:15.195144,1
PENSION_STORE_01397,14110554,로또,경기 포천시 영중면 양문리 양문리 770-2,경기,,38.001739,127.242858,pension,276,second,2,,2026-04-26T11:25:15.195144,2026-04-26T11:25:15.195144,1
PENSION_STORE_01398,14110152,로또복권,경기 평택시 합정동  918-8,경기,,36.98889,127.1017,pension,276,second,2,,2026-04-26T11:25:15.195144,2026-04-26T11:25:15.195144,1
PENSION_STORE_01399,14110131,천하명당,경기 이천시 신둔면 수광리 수광리 297-1,경기,,37.307184,127.40239,pension,276,second,2,,2026-04-26T11:25:15.195144,2026-04-26T11:25:15.195144,1
PENSION_STORE_01400,14190141,복권명당,경기 용인시 처인구 김량장동 325 1층,경기,,37.236218,127.20161,pension,276,second,2,,2026-04-26T11:25:15.195144,2026-04-26T11:25:15.195144,1
PENSION_STORE_01401,14110616,무지개복권,경기 오산시 은계동  7-31 수도상가 106-103,경기,,37.16071,127.07735,pension,276,second,2,,2026-04-26T11:25:15.195144,2026-04-26T11:25:15.195144,1
PENSION_STORE_01402,14110275,역전 복권방,경기 안양시 동안구 호계동 호계동 1046-2 범계빌딩113,경기,,37.390062,126.952287,pension,276,second,2,,2026-04-26T11:25:15.195144,2026-04-26T11:25:15.195144,1
PENSION_STORE_01403,14110035,굿타임편의점,경기 성남시 분당구 구미동 구미동 25-2 엘레강스 A-109,경기,,37.349703,127.1117,pension,276,second,2,,2026-04-26T11:25:15.195144,2026-04-26T11:25:15.195144,1
PENSION_STORE_01404,14100793,흥부네대박났네,경기 광주시 역동  27-28,경기,,37.369896,127.3039,pension,276,second,2,,2026-04-26T11:25:15.195144,2026-04-26T11:25:15.195144,1
PENSION_STORE_01405,14110362,로또복권,경기 광명시 하안동  260-2 8단지종합상가공유지,경기,,37.458889,126.882168,pension,276,second,2,,2026-04-26T11:25:15.195144,2026-04-26T11:25:15.195144,1
PENSION_STORE_01406,14300003,하얀꽃집,충북 옥천군 옥천읍 금구리 금구리 172-8,충북,,36.30117,127.57487,pension,276,second,2,,2026-04-26T11:25:15.195144,2026-04-26T11:25:15.195144,1
PENSION_STORE_01407,14310027,서울로또방,충북 옥천군 옥천읍 금구리 금구리 174-2,충북,,36.299557,127.56668,pension,276,second,2,,2026-04-26T11:25:15.195144,2026-04-26T11:25:15.195144,1
PENSION_STORE_01408,14410122,우리별텔레콤(SK백석),충남 천안시 백석동  878 빨간빌딩 103,충남,,36.823089,127.12433,pension,276,second,2,,2026-04-26T11:25:15.195144,2026-04-26T11:25:15.195144,1
PENSION_STORE_01409,14490005,논산복권방,충남 논산시 취암동  612-12,충남,,36.204086,127.08961,pension,276,second,2,,2026-04-26T11:25:15.195144,2026-04-26T11:25:15.195144,1
PENSION_STORE_01410,14500149,동아전업사,전북 전주시 덕진구 팔복동2가 팔복동2가 247-13,전북,,35.852911,127.1058,pension,276,second,2,,2026-04-26T11:25:15.195144,2026-04-26T11:25:15.195144,1
PENSION_STORE_01411,14510119,한진롯또대박판매점,전북 고창군 고창읍 읍내리 읍내리 634-1,전북,,35.513052,126.67389,pension,276,second,2,,2026-04-26T11:25:15.195144,2026-04-26T11:25:15.195144,1
PENSION_STORE_01412,14710088,에버빌마트,경북 안동시 정하동  240-2,경북,,36.550444,128.73057,pension,276,second,2,,2026-04-26T11:25:15.195144,2026-04-26T11:25:15.195144,1
PENSION_STORE_01413,14710108,로또코사25시,경북 경산시 계양동  669-4,경북,,35.817903,128.752227,pension,276,second,2,,2026-04-26T11:25:15.195144,2026-04-26T11:25:15.195144,1
PENSION_STORE_01414,14810193,gs25창원진성점,경남 창원시 용호동  73-14 진성빌딩,경남,,35.229559,128.680004,pension,276,second,2,,2026-04-26T11:25:15.195144,2026-04-26T11:25:15.195144,1
PENSION_STORE_01415,24800007,GS25(김해가야),경남 김해시 부원동  610-33,경남,,35.229418,128.883423,pension,276,second,2,,2026-04-26T11:25:15.195144,2026-04-26T11:25:15.195144,1
PENSION_STORE_01416,21120020,GS25(목동희망),서울 양천구 목동  405-282 보성빌딩 1층,서울,,37.524566,126.872995,pension,275,second,2,,2026-04-26T11:25:16.746192,2026-04-26T11:25:16.746192,1
PENSION_STORE_01417,11100680,행운마트,서울 성북구 하월곡동  90-121,서울,,37.605378,127.03179,pension,275,second,2,,2026-04-26T11:25:16.746192,2026-04-26T11:25:16.746192,1
PENSION_STORE_01418,11100144,노다지복권방,서울 성동구 성수2가3동  316-61호 1층1호,서울,,37.543237,127.054348,pension,275,second,2,,2026-04-26T11:25:16.746192,2026-04-26T11:25:16.746192,1
PENSION_STORE_01419,11110702,우정로또판매점,서울 동대문구 전농동  648-1,서울,,37.575468,127.046792,pension,275,second,2,,2026-04-26T11:25:16.746192,2026-04-26T11:25:16.746192,1
PENSION_STORE_01420,11100437,영훈슈퍼마켓,서울 도봉구 창3동  557-5호,서울,,37.637803,127.03762,pension,275,second,2,,2026-04-26T11:25:16.746192,2026-04-26T11:25:16.746192,1
PENSION_STORE_01421,21100499,Cspace 중계희망점,서울 노원구 중계동  359-9 마들프라자 104,서울,,37.651679,127.076772,pension,275,second,2,,2026-04-26T11:25:16.746192,2026-04-26T11:25:16.746192,1
PENSION_STORE_01422,12610056,로또,부산 금정구 청룡동  31-7  슈퍼내,부산,,35.274112,129.091649,pension,275,second,2,,2026-04-26T11:25:16.746192,2026-04-26T11:25:16.746192,1
PENSION_STORE_01423,12700135,청구마트,대구 북구 복현동  539-113청구아파트상가108-102,대구,,35.900737,128.61586,pension,275,second,2,,2026-04-26T11:25:16.746192,2026-04-26T11:25:16.746192,1
PENSION_STORE_01424,12700127,코사마트금강점,대구 달서구 용산동  950-5번지,대구,,35.855734,128.53083,pension,275,second,2,,2026-04-26T11:25:16.746192,2026-04-26T11:25:16.746192,1
PENSION_STORE_01425,12810163,바이더웨이 로또,인천 부평구 십정2동  408-48 대우마이빌상가1층 108,인천,,37.469647,126.701053,pension,275,second,2,,2026-04-26T11:25:16.746192,2026-04-26T11:25:16.746192,1
PENSION_STORE_01426,13100024,달동복권점,울산 남구 달동  591-7,울산,,35.537044,129.32385,pension,275,second,2,,2026-04-26T11:25:16.746192,2026-04-26T11:25:16.746192,1
PENSION_STORE_01427,14190003,희망유통,경기 평택시 평택동  34-7,경기,,36.994214,127.08927,pension,275,second,2,,2026-04-26T11:25:16.746192,2026-04-26T11:25:16.746192,1
PENSION_STORE_01428,14100492,가판점,경기 성남시 중원구 성남동 성남동 4159번지,경기,,37.432376,127.128661,pension,275,second,2,,2026-04-26T11:25:16.746192,2026-04-26T11:25:16.746192,1
PENSION_STORE_01429,14110025,은미복권방,경기 부천시 오정구 원종동 원종동 232,경기,,37.526979,126.80514,pension,275,second,2,,2026-04-26T11:25:16.746192,2026-04-26T11:25:16.746192,1
PENSION_STORE_01430,14110483,굿프랜즈편의점,경기 고양시 덕양구 토당동 토당동 877-1,경기,,37.62061,126.824751,pension,275,second,2,,2026-04-26T11:25:16.746192,2026-04-26T11:25:16.746192,1
PENSION_STORE_01431,14310067,혹시나도,충북 음성군 감곡면 왕장리 왕장리 521-9,충북,자동,37.119132,127.639357,pension,275,first,1,,2026-04-26T11:25:16.746192,2026-04-26T11:25:16.746192,1
PENSION_STORE_01432,14500032,복권나라,전북 전주시 완산구 삼천동1가 삼천동1가 602-4,전북,,35.797844,127.117083,pension,275,second,2,,2026-04-26T11:25:16.746192,2026-04-26T11:25:16.746192,1
PENSION_STORE_01433,14610108,하당미니로또,전남 목포시 상동  1009-6,전남,,34.811929,126.45073,pension,275,second,2,,2026-04-26T11:25:16.746192,2026-04-26T11:25:16.746192,1
PENSION_STORE_01434,14690009,TOTO복권,전남 광양시 광양읍 칠성리 칠성리 897-1,전남,,34.966422,127.56486,pension,275,second,2,,2026-04-26T11:25:16.746192,2026-04-26T11:25:16.746192,1
PENSION_STORE_01435,14810097,잉크충전,경남 진주시 하대동  300-19,경남,,35.196116,128.1154,pension,275,second,2,,2026-04-26T11:25:16.746192,2026-04-26T11:25:16.746192,1
PENSION_STORE_01436,11110538,로또,서울 중구 신당동  133-14,서울,자동,37.56378,127.019404,pension,274,first,1,,2026-04-26T11:25:18.582661,2026-04-26T11:25:18.582661,1
PENSION_STORE_01437,11110413,프레야행운방,서울 중구 을지로6가  17-2 프레야타운지하1층 c-1,서울,,37.562503,127.01652,pension,274,second,2,,2026-04-26T11:25:18.582661,2026-04-26T11:25:18.582661,1
PENSION_STORE_01438,11101276,로또대박,서울 중구 중림동  154-1,서울,,37.558773,126.965918,pension,274,second,2,,2026-04-26T11:25:18.582661,2026-04-26T11:25:18.582661,1
PENSION_STORE_01439,11101052,가로판매점,서울 용산구 원효로2가  94-2,서울,,37.535027,126.96148,pension,274,second,2,,2026-04-26T11:25:18.582661,2026-04-26T11:25:18.582661,1
PENSION_STORE_01440,11100995,담배5호,서울 서초구 반포동  19-4 고속버스터미널 1층 담배5호,서울,,37.505509,127.007038,pension,274,second,2,,2026-04-26T11:25:18.582661,2026-04-26T11:25:18.582661,1
PENSION_STORE_01441,11190077,용꿈돼지꿈,서울 마포구 공덕동  255-23,서울,,37.54482,126.95225,pension,274,second,2,,2026-04-26T11:25:18.582661,2026-04-26T11:25:18.582661,1
PENSION_STORE_01442,11100437,영훈슈퍼마켓,서울 도봉구 창3동  557-5호,서울,자동,37.637803,127.03762,pension,274,first,1,,2026-04-26T11:25:18.582661,2026-04-26T11:25:18.582661,1
PENSION_STORE_01443,11100138,노다지 복권방],서울 노원구 상계동  341-5,서울,,37.656228,127.06375,pension,274,second,2,,2026-04-26T11:25:18.582661,2026-04-26T11:25:18.582661,1
PENSION_STORE_01444,11101075,가로 판매점,서울 강서구 공항동  53-41,서울,,37.561046,126.810238,pension,274,second,2,,2026-04-26T11:25:18.582661,2026-04-26T11:25:18.582661,1
PENSION_STORE_01445,11101158,가판점,서울 강동구 둔촌동  172-1 둔촌상가 앞,서울,,37.526928,127.138726,pension,274,second,2,,2026-04-26T11:25:18.582661,2026-04-26T11:25:18.582661,1
PENSION_STORE_01446,11110007,강하식품,서울 강남구 역삼동  640-21,서울,,37.502428,127.035018,pension,274,second,2,,2026-04-26T11:25:18.582661,2026-04-26T11:25:18.582661,1
PENSION_STORE_01447,11100315,훼미리 삼성해광,서울 강남구 삼성동  158-13 해광빌딩,서울,,37.474786,127.107117,pension,274,second,2,,2026-04-26T11:25:18.582661,2026-04-26T11:25:18.582661,1
PENSION_STORE_01448,12600369,복권천국,부산 해운대구 우동  549-3 1층,부산,,35.163001,129.158501,pension,274,second,2,,2026-04-26T11:25:18.582661,2026-04-26T11:25:18.582661,1
PENSION_STORE_01449,12600111,오렌지마트,부산 사하구 장림동  316-8,부산,자동,35.080525,128.97577,pension,274,first,1,,2026-04-26T11:25:18.582661,2026-04-26T11:25:18.582661,1
PENSION_STORE_01450,12600086,돈벼락맞는곳,부산 동구 범일동  833-5,부산,,35.139161,129.05993,pension,274,second,2,,2026-04-26T11:25:18.582661,2026-04-26T11:25:18.582661,1
PENSION_STORE_01451,22700018,GS25(감삼),대구 달서구 감삼동  46-14,대구,,35.852601,128.541136,pension,274,second,2,,2026-04-26T11:25:18.582661,2026-04-26T11:25:18.582661,1
PENSION_STORE_01452,12800226,통신세계,인천 남구 주안동  1485-2  103,인천,,37.450876,126.681972,pension,274,second,2,,2026-04-26T11:25:18.582661,2026-04-26T11:25:18.582661,1
PENSION_STORE_01453,12900042,충장인업사,광주 동구 학동  110-15,광주,,35.14169,126.920935,pension,274,second,2,,2026-04-26T11:25:18.582661,2026-04-26T11:25:18.582661,1
PENSION_STORE_01454,13010058,세븐로또복권방,대전 유성구 신성동  122-10,대전,,36.356078,127.332264,pension,274,second,2,,2026-04-26T11:25:18.582661,2026-04-26T11:25:18.582661,1
PENSION_STORE_01455,13090030,베스토아(용전2호),대전 동구 용전동  68-2,대전,,36.350311,127.43671,pension,274,second,2,,2026-04-26T11:25:18.582661,2026-04-26T11:25:18.582661,1
PENSION_STORE_01456,13110010,대박복권방,울산 동구 전하동  626-6,울산,,35.511402,129.42973,pension,274,second,2,,2026-04-26T11:25:18.582661,2026-04-26T11:25:18.582661,1
PENSION_STORE_01457,14110141,미성슈퍼,경기 파주시 문산읍 문산리 문산리 11-4,경기,,37.855363,126.78557,pension,274,second,2,,2026-04-26T11:25:18.582661,2026-04-26T11:25:18.582661,1
PENSION_STORE_01458,14190153,황금알 복권방,경기 의정부시 의정부동  26-6,경기,,37.741604,127.05183,pension,274,second,2,,2026-04-26T11:25:18.582661,2026-04-26T11:25:18.582661,1
PENSION_STORE_01459,14190153,황금알 복권방,경기 의정부시 의정부동  26-6,경기,,37.741604,127.05183,pension,274,second,2,,2026-04-26T11:25:18.582661,2026-04-26T11:25:18.582661,1
PENSION_STORE_01460,14190153,황금알 복권방,경기 의정부시 의정부동  26-6,경기,,37.741604,127.05183,pension,274,second,2,,2026-04-26T11:25:18.582661,2026-04-26T11:25:18.582661,1
PENSION_STORE_01461,14110652,로또판매점,경기 안산시 상록구 사동 사동 1471-15 102호,경기,,37.28081,126.85186,pension,274,second,2,,2026-04-26T11:25:18.582661,2026-04-26T11:25:18.582661,1
PENSION_STORE_01462,14190002,복권방,경기 군포시 당동  771-15,경기,,37.350946,126.94371,pension,274,second,2,,2026-04-26T11:25:18.582661,2026-04-26T11:25:18.582661,1
PENSION_STORE_01463,14110502,로또복권방,경기 군포시 산본동  1134-2 신명빌딩 1층 1005호,경기,,37.359247,126.932354,pension,274,second,2,,2026-04-26T11:25:18.582661,2026-04-26T11:25:18.582661,1
PENSION_STORE_01464,14100453,현대25시편의점,경기 고양시 덕양구 토당동 토당동 373-1 101호,경기,,37.623847,126.82431,pension,274,second,2,,2026-04-26T11:25:18.582661,2026-04-26T11:25:18.582661,1
PENSION_STORE_01465,14210076,풍물복권방,강원 춘천시 석사동  880-4 프라임타워105,강원,,37.85127,127.744062,pension,274,second,2,,2026-04-26T11:25:18.582661,2026-04-26T11:25:18.582661,1
PENSION_STORE_01466,14290002,복권나라,강원 원주시 중앙동  151-4,강원,,37.348908,127.95266,pension,274,second,2,,2026-04-26T11:25:18.582661,2026-04-26T11:25:18.582661,1
PENSION_STORE_01467,14200064,황제슈퍼,강원 강릉시 교동  162-117,강원,,37.75822,128.894022,pension,274,second,2,,2026-04-26T11:25:18.582661,2026-04-26T11:25:18.582661,1
PENSION_STORE_01468,14300078,그린24시 현대점,충북 청주시 흥덕구 복대동 복대동 849-13번지,충북,,36.642589,127.43547,pension,274,second,2,,2026-04-26T11:25:18.582661,2026-04-26T11:25:18.582661,1
PENSION_STORE_01469,14390024,무지개마트,충북 음성군 삼성면 덕정리 덕정리 551-4,충북,,36.927098,127.565271,pension,274,second,2,,2026-04-26T11:25:18.582661,2026-04-26T11:25:18.582661,1
PENSION_STORE_01470,14500094,대흥슈퍼,전북 익산시 창인동1가  203-3,전북,,35.94171,126.95282,pension,274,second,2,,2026-04-26T11:25:18.582661,2026-04-26T11:25:18.582661,1
PENSION_STORE_01471,14610054,명성복권방,전남 순천시 연향동  1462-2,전남,,34.948271,127.52516,pension,274,second,2,,2026-04-26T11:25:18.582661,2026-04-26T11:25:18.582661,1
PENSION_STORE_01472,14610054,명성복권방,전남 순천시 연향동  1462-2,전남,,34.948271,127.52516,pension,274,second,2,,2026-04-26T11:25:18.582661,2026-04-26T11:25:18.582661,1
PENSION_STORE_01473,14700043,복권명당,경북 영천시 야사동  299-11,경북,,35.972379,128.94147,pension,274,second,2,,2026-04-26T11:25:18.582661,2026-04-26T11:25:18.582661,1
PENSION_STORE_01474,14810122,목화로또판매점,경남 사천시 용현면  주문리   5-3,경남,,35.001748,128.05415,pension,274,second,2,,2026-04-26T11:25:18.582661,2026-04-26T11:25:18.582661,1
PENSION_STORE_01475,24800017,GS25(밀양),경남 밀양시 내이동  908,경남,,35.493037,128.75076,pension,274,second,2,,2026-04-26T11:25:18.582661,2026-04-26T11:25:18.582661,1
PENSION_STORE_01476,14800043,북마산복권전문점,경남 마산시 상남동  39-4,경남,수동,35.215965,128.57054,pension,274,first,1,,2026-04-26T11:25:18.582661,2026-04-26T11:25:18.582661,1
PENSION_STORE_01477,11100128,복권방,서울 구로구 구로동  409-80 1층,서울,,37.493925,126.882589,pension,273,second,2,,2026-04-26T11:25:20.392259,2026-04-26T11:25:20.392259,1
PENSION_STORE_01478,11190056,스포츠토토,서울 구로구 구로동  129-73,서울,,37.484488,126.90186,pension,273,second,2,,2026-04-26T11:25:20.392259,2026-04-26T11:25:20.392259,1
PENSION_STORE_01479,12690035,대박골드,부산 중구 보수동1가  77-21,부산,,35.103998,129.024752,pension,273,second,2,,2026-04-26T11:25:20.392259,2026-04-26T11:25:20.392259,1
PENSION_STORE_01480,12610100,무지개복권방,부산 북구 구포동  1248-25,부산,,35.225202,129.009681,pension,273,second,2,,2026-04-26T11:25:20.392259,2026-04-26T11:25:20.392259,1
PENSION_STORE_01481,22600045,GS25(경성중앙),부산 남구 대연동  72-7,부산,,35.136659,129.099019,pension,273,second,2,,2026-04-26T11:25:20.392259,2026-04-26T11:25:20.392259,1
PENSION_STORE_01482,12800108,송도복권나라,인천 연수구 동춘동  인천 연수 송도 2-6송도프라자108호,인천,,37.395846,126.65242,pension,273,second,2,,2026-04-26T11:25:20.392259,2026-04-26T11:25:20.392259,1
PENSION_STORE_01483,12800083,하이마트,인천 서구 심곡동  333-7,인천,,37.544491,126.672325,pension,273,second,2,,2026-04-26T11:25:20.392259,2026-04-26T11:25:20.392259,1
PENSION_STORE_01484,12810042,로또복권판매점,인천 부평구 갈산1동  70-1,인천,,37.518502,126.727339,pension,273,second,2,,2026-04-26T11:25:20.392259,2026-04-26T11:25:20.392259,1
PENSION_STORE_01485,12900034,티켓세상(복권방),광주 서구 쌍촌동  1228-1 시영A상가 101,광주,,35.145805,126.869067,pension,273,second,2,,2026-04-26T11:25:20.392259,2026-04-26T11:25:20.392259,1
PENSION_STORE_01486,13000096,대한민국마트,대전 유성구 전민동  458-9 1F,대전,,36.396687,127.40249,pension,273,second,2,,2026-04-26T11:25:20.392259,2026-04-26T11:25:20.392259,1
PENSION_STORE_01487,13000161,대광광고사,대전 유성구 송강동  195-17번지,대전,,36.433846,127.38505,pension,273,second,2,,2026-04-26T11:25:20.392259,2026-04-26T11:25:20.392259,1
PENSION_STORE_01488,13110018,춤추는로또,울산 울주군 언양읍 남부리 남부리 115-1,울산,,35.558471,129.115288,pension,273,second,2,,2026-04-26T11:25:20.392259,2026-04-26T11:25:20.392259,1
PENSION_STORE_01489,13110004,에스에프마트,울산 북구 호계동  257-2,울산,수동,35.630292,129.35158,pension,273,first,1,,2026-04-26T11:25:20.392259,2026-04-26T11:25:20.392259,1
PENSION_STORE_01490,14190236,행운복권마트,경기 포천시 신읍동  58-16,경기,자동,37.894908,127.201124,pension,273,first,1,,2026-04-26T11:25:20.392259,2026-04-26T11:25:20.392259,1
PENSION_STORE_01491,14110123,오또로또,경기 이천시 마장면 오천리 오천리 283-15,경기,,37.253736,127.352304,pension,273,second,2,,2026-04-26T11:25:20.392259,2026-04-26T11:25:20.392259,1
PENSION_STORE_01492,14110101,쌍용 로또,경기 용인시 기흥구 상하동 상하동 163-9 신풍빌딩106,경기,,37.253967,127.10938,pension,273,second,2,,2026-04-26T11:25:20.392259,2026-04-26T11:25:20.392259,1
PENSION_STORE_01493,14100588,안양1번가버스표가판,경기 안양시 만안구 안양1동 안양1동 674-130 이안과 앞 가판점,경기,,37.399044,126.921588,pension,273,second,2,,2026-04-26T11:25:20.392259,2026-04-26T11:25:20.392259,1
PENSION_STORE_01494,14290009,복권나라,강원 원주시 학성동  436-15,강원,,37.355987,127.943915,pension,273,second,2,,2026-04-26T11:25:20.392259,2026-04-26T11:25:20.392259,1
PENSION_STORE_01495,14200077,daily24로또,강원 원주시 무실동  1658-2,강원,,37.382404,127.87318,pension,273,second,2,,2026-04-26T11:25:20.392259,2026-04-26T11:25:20.392259,1
PENSION_STORE_01496,14400044,DC 할인마트,충남 서산시 동문동  308-15번지,충남,,36.771279,126.43668,pension,273,second,2,,2026-04-26T11:25:20.392259,2026-04-26T11:25:20.392259,1
PENSION_STORE_01497,14510124,삼성로또복권방슈퍼,전북 남원시 향교동  244-1,전북,자동,35.415773,127.386331,pension,273,first,1,,2026-04-26T11:25:20.392259,2026-04-26T11:25:20.392259,1
PENSION_STORE_01498,14700119,로터리편의마트,경북 포항시 북구 덕산동 243-9,경북,,36.040751,129.36724,pension,273,second,2,,2026-04-26T11:25:20.392259,2026-04-26T11:25:20.392259,1
PENSION_STORE_01499,14710058,로또복권등기소점,경북 구미시 봉곡동  378-7  1층,경북,,36.149002,128.311,pension,273,second,2,,2026-04-26T11:25:20.392259,2026-04-26T11:25:20.392259,1
PENSION_STORE_01500,14810022,개미복권,경남 창원시 동정동  290-11,경남,,35.263364,128.615442,pension,273,second,2,,2026-04-26T11:25:20.392259,2026-04-26T11:25:20.392259,1
PENSION_STORE_01501,11190239,갤러리마트,서울 중랑구 면목동  604-5,서울,,37.580926,127.08773,pension,272,second,2,,2026-04-26T11:25:22.225613,2026-04-26T11:25:22.225613,1
PENSION_STORE_01502,11110392,오거리마트,서울 은평구 응암동  323-5,서울,수동,37.590117,126.91791,pension,272,first,1,,2026-04-26T11:25:22.225613,2026-04-26T11:25:22.225613,1
PENSION_STORE_01503,11110663,행운로또,서울 영등포구 신길동  237-11,서울,,37.506122,126.911252,pension,272,second,2,,2026-04-26T11:25:22.225613,2026-04-26T11:25:22.225613,1
PENSION_STORE_01504,11100739,믿음슈퍼,서울 송파구 거여동  5-23,서울,,37.509697,127.11,pension,272,second,2,,2026-04-26T11:25:22.225613,2026-04-26T11:25:22.225613,1
PENSION_STORE_01505,11101650,신설동6번출구가판점,서울 동대문구 신설동  101-7,서울,,37.576469,127.06793,pension,272,second,2,,2026-04-26T11:25:22.225613,2026-04-26T11:25:22.225613,1
PENSION_STORE_01506,11101357,지원물산,서울 노원구 공릉동  644-12,서울,,37.619831,127.07812,pension,272,second,2,,2026-04-26T11:25:22.225613,2026-04-26T11:25:22.225613,1
PENSION_STORE_01507,11101174,가로판매점,서울 관악구 남현동  1060-11,서울,,37.475956,126.98117,pension,272,second,2,,2026-04-26T11:25:22.225613,2026-04-26T11:25:22.225613,1
PENSION_STORE_01508,11190016,미나식품(로또판매점),서울 강서구 방화동  484-23,서울,,37.573514,126.81068,pension,272,second,2,,2026-04-26T11:25:22.225613,2026-04-26T11:25:22.225613,1
PENSION_STORE_01509,11100647,대창,서울 강동구 명일동  341-5 1층,서울,자동,37.546646,127.14615,pension,272,first,1,,2026-04-26T11:25:22.225613,2026-04-26T11:25:22.225613,1
PENSION_STORE_01510,21100255,훼미리마트(명일우량),서울 강동구 명일동  48-12,서울,,37.552057,127.154048,pension,272,second,2,,2026-04-26T11:25:22.225613,2026-04-26T11:25:22.225613,1
PENSION_STORE_01511,11100314,Yes할인마트,서울 강남구 역삼동  832-56,서울,자동,37.478168,127.044987,pension,272,first,1,,2026-04-26T11:25:22.225613,2026-04-26T11:25:22.225613,1
PENSION_STORE_01512,12610045,왕대박로또방,부산 해운대구 좌동  998-7 1층,부산,,35.160866,129.155454,pension,272,second,2,,2026-04-26T11:25:22.225613,2026-04-26T11:25:22.225613,1
PENSION_STORE_01513,12690060,황금돼지복권방,부산 연제구 거제1동  71-3,부산,,35.194877,129.080406,pension,272,second,2,,2026-04-26T11:25:22.225613,2026-04-26T11:25:22.225613,1
PENSION_STORE_01514,12600274,청솔서점,부산 사하구 신평동  589-5,부산,자동,35.098818,128.95895,pension,272,first,1,,2026-04-26T11:25:22.225613,2026-04-26T11:25:22.225613,1
PENSION_STORE_01515,12610013,승리 로또당리점,부산 사하구 당리동  324-19,부산,수동,35.096387,128.994009,pension,272,first,1,,2026-04-26T11:25:22.225613,2026-04-26T11:25:22.225613,1
PENSION_STORE_01516,12610192,동원무지개로또,부산 사상구 괘법동  522-1 원바이로 편의점,부산,,35.170699,128.988987,pension,272,second,2,,2026-04-26T11:25:22.225613,2026-04-26T11:25:22.225613,1
PENSION_STORE_01517,12600224,프리타임,부산 동구 좌천동  683-5,부산,,35.129881,129.047479,pension,272,second,2,,2026-04-26T11:25:22.225613,2026-04-26T11:25:22.225613,1
PENSION_STORE_01518,12600349,팬레코드,부산 남구 대연5동  329-18,부산,,35.135509,129.09417,pension,272,second,2,,2026-04-26T11:25:22.225613,2026-04-26T11:25:22.225613,1
PENSION_STORE_01519,12610231,훼밀리복권,부산 금정구 부곡동  225-55,부산,자동,35.237714,129.090155,pension,272,first,1,,2026-04-26T11:25:22.225613,2026-04-26T11:25:22.225613,1
PENSION_STORE_01520,12700113,복권명당,대구 동구 효목동  173-2,대구,자동,35.88143,128.64619,pension,272,first,1,,2026-04-26T11:25:22.225613,2026-04-26T11:25:22.225613,1
PENSION_STORE_01521,12800194,매표소(가판대),인천 부평구 산곡동  45-8 도깨비시장 청원 B/D앞,인천,,37.512758,126.70359,pension,272,second,2,,2026-04-26T11:25:22.225613,2026-04-26T11:25:22.225613,1
PENSION_STORE_01522,13000143,연초매점,대전 중구 유천동  465-1(서부터미널내),대전,,36.311213,127.38883,pension,272,second,2,,2026-04-26T11:25:22.225613,2026-04-26T11:25:22.225613,1
PENSION_STORE_01523,13000038,복권천국,대전 중구 대사동  118-9번지,대전,,36.317754,127.42678,pension,272,second,2,,2026-04-26T11:25:22.225613,2026-04-26T11:25:22.225613,1
PENSION_STORE_01524,13190039,모닝마트성남다우점,울산 중구 성남동  57-22,울산,,35.55539,129.323128,pension,272,second,2,,2026-04-26T11:25:22.225613,2026-04-26T11:25:22.225613,1
PENSION_STORE_01525,13190018,대림통상,울산 중구 태화동  412-35 일신아파트상가 102호,울산,,35.552069,129.29703,pension,272,second,2,,2026-04-26T11:25:22.225613,2026-04-26T11:25:22.225613,1
PENSION_STORE_01526,13110010,대박복권방,울산 동구 전하동  626-6,울산,수동,35.511402,129.42973,pension,272,first,1,,2026-04-26T11:25:22.225613,2026-04-26T11:25:22.225613,1
PENSION_STORE_01527,13100044,CN마트,울산 동구 화정동  849-27,울산,,35.498521,129.42026,pension,272,second,2,,2026-04-26T11:25:22.225613,2026-04-26T11:25:22.225613,1
PENSION_STORE_01528,13100003,훼미리마트대공원점,울산 남구 신정동  1079-9,울산,,35.555,129.265758,pension,272,second,2,,2026-04-26T11:25:22.225613,2026-04-26T11:25:22.225613,1
PENSION_STORE_01529,14110557,로또왕대박,경기 화성시 봉담읍 와우리 와우리 59-1,경기,,37.215842,126.97665,pension,272,second,2,,2026-04-26T11:25:22.225613,2026-04-26T11:25:22.225613,1
PENSION_STORE_01530,14100121,천하명당,경기 평택시 서정동  76-14,경기,,37.072594,127.05517,pension,272,second,2,,2026-04-26T11:25:22.225613,2026-04-26T11:25:22.225613,1
PENSION_STORE_01531,14100742,보광문구사,경기 파주시 문산읍 문산4리 문산4리 17-55 1층,경기,,37.858541,126.786098,pension,272,second,2,,2026-04-26T11:25:22.225613,2026-04-26T11:25:22.225613,1
PENSION_STORE_01532,14110300,로또복권,경기 의정부시 장암동  20-9,경기,,37.726332,127.054546,pension,272,second,2,,2026-04-26T11:25:22.225613,2026-04-26T11:25:22.225613,1
PENSION_STORE_01533,14100677,매화정보통신,경기 시흥시 매화동  199-1,경기,,37.415612,126.81474,pension,272,second,2,,2026-04-26T11:25:22.225613,2026-04-26T11:25:22.225613,1
PENSION_STORE_01534,14190211,와우복권,경기 수원시 팔달구 화서동 화서동 108-2,경기,,37.2787,127.00074,pension,272,second,2,,2026-04-26T11:25:22.225613,2026-04-26T11:25:22.225613,1
PENSION_STORE_01535,14100269,조은날슈퍼,경기 성남시 수정구 신흥1동 신흥1동 4227번지,경기,,37.439849,127.143564,pension,272,second,2,,2026-04-26T11:25:22.225613,2026-04-26T11:25:22.225613,1
PENSION_STORE_01536,14190060,복권명당집시장점,경기 동두천시 지행동  718-3 송내프라자 103,경기,,37.891387,127.052985,pension,272,second,2,,2026-04-26T11:25:22.225613,2026-04-26T11:25:22.225613,1
PENSION_STORE_01537,14110368,보은상회,경기 김포시 북변동  375-10,경기,,37.636442,126.710271,pension,272,second,2,,2026-04-26T11:25:22.225613,2026-04-26T11:25:22.225613,1
PENSION_STORE_01538,14200114,바른손(퇴계점),강원 춘천시 퇴계동  983 주공2단지상가,강원,,37.858123,127.73763,pension,272,second,2,,2026-04-26T11:25:22.225613,2026-04-26T11:25:22.225613,1
PENSION_STORE_01539,14290013,복권나라,강원 원주시 태장동  1367-2,강원,,37.385082,127.94791,pension,272,second,2,,2026-04-26T11:25:22.225613,2026-04-26T11:25:22.225613,1
PENSION_STORE_01540,14290009,복권나라,강원 원주시 학성동  436-15,강원,,37.355987,127.943915,pension,272,second,2,,2026-04-26T11:25:22.225613,2026-04-26T11:25:22.225613,1
PENSION_STORE_01541,14200053,경북슈퍼,강원 원주시 평원동  372,강원,,37.30212,127.92002,pension,272,second,2,,2026-04-26T11:25:22.225613,2026-04-26T11:25:22.225613,1
PENSION_STORE_01542,14590040,파란통신,전북 전주시 완산구 평화동2가 평화동2가 230-15 고덕빌딩 1-2,전북,,35.808128,127.096784,pension,272,second,2,,2026-04-26T11:25:22.225613,2026-04-26T11:25:22.225613,1
PENSION_STORE_01543,14610067,24그린마트,전남 신안군 지도읍 읍내리 읍내리 273-1,전남,,35.060022,126.211204,pension,272,second,2,,2026-04-26T11:25:22.225613,2026-04-26T11:25:22.225613,1
PENSION_STORE_01544,14690008,복권나라,전남 목포시 용해동  718-4,전남,,34.807602,126.43716,pension,272,second,2,,2026-04-26T11:25:22.225613,2026-04-26T11:25:22.225613,1
PENSION_STORE_01545,14700086,로또유통칠곡점,경북 칠곡군 왜관읍 왜관리 왜관리 230-35,경북,,35.979988,128.39835,pension,272,second,2,,2026-04-26T11:25:22.225613,2026-04-26T11:25:22.225613,1
PENSION_STORE_01546,14710186,미래복권방,경북 영천시 완산동  1066-24,경북,,35.963744,128.93715,pension,272,second,2,,2026-04-26T11:25:22.225613,2026-04-26T11:25:22.225613,1
PENSION_STORE_01547,14710039,로또복권,경북 경산시 옥산동  864 훼밀리마트,경북,,35.822757,128.722376,pension,272,second,2,,2026-04-26T11:25:22.226619,2026-04-26T11:25:22.226619,1
PENSION_STORE_01548,14810127,로또판매업,경남 양산시 북정동  885-11,경남,수동,35.358981,129.0437,pension,272,first,1,,2026-04-26T11:25:22.226619,2026-04-26T11:25:22.226619,1
PENSION_STORE_01549,11100964,가판점(신문),서울 영등포구 당산동  331,서울,,37.534478,126.901,pension,271,second,2,,2026-04-26T11:25:24.064729,2026-04-26T11:25:24.064729,1
PENSION_STORE_01550,11100274,럭키복권샵,서울 송파구 마천동  77-9,서울,,37.499654,127.15171,pension,271,second,2,,2026-04-26T11:25:24.064729,2026-04-26T11:25:24.064729,1
PENSION_STORE_01551,11100278,천하명당복권방,서울 송파구 송파1동  18-18 1층,서울,,37.506782,127.10817,pension,271,second,2,,2026-04-26T11:25:24.064729,2026-04-26T11:25:24.064729,1
PENSION_STORE_01552,11100986,가로판매점,서울 서초구 반포동  70 한신 4차 입구,서울,,37.506564,127.004884,pension,271,second,2,,2026-04-26T11:25:24.064729,2026-04-26T11:25:24.064729,1
PENSION_STORE_01553,21100362,GS25(방학),서울 도봉구 방학2동  603-28,서울,,37.668112,127.034242,pension,271,second,2,,2026-04-26T11:25:24.064729,2026-04-26T11:25:24.064729,1
PENSION_STORE_01554,11100244,복권나라,서울 관악구 봉천본동  926-25,서울,,37.482804,126.9435,pension,271,second,2,,2026-04-26T11:25:24.064729,2026-04-26T11:25:24.064729,1
PENSION_STORE_01555,11110032,목동로또,서울 강서구 화곡동  1065-31,서울,,37.541786,126.839808,pension,271,second,2,,2026-04-26T11:25:24.064729,2026-04-26T11:25:24.064729,1
PENSION_STORE_01556,12600126,대원슈퍼마켓,부산 수영구 광안2동  373-15,부산,수동,35.152468,129.11199,pension,271,first,1,,2026-04-26T11:25:24.064729,2026-04-26T11:25:24.064729,1
PENSION_STORE_01557,12600349,팬레코드,부산 남구 대연5동  329-18,부산,수동,35.135509,129.09417,pension,271,first,1,,2026-04-26T11:25:24.064729,2026-04-26T11:25:24.064729,1
PENSION_STORE_01558,12710133,선마트로또점,대구 달서구 월성동  275-2    105,대구,자동,35.83155,128.533357,pension,271,first,1,,2026-04-26T11:25:24.064729,2026-04-26T11:25:24.064729,1
PENSION_STORE_01559,12800255,대박찬스복권방,인천 연수구 연수동  532 대림상가 1층 111호-1,인천,,37.420783,126.694842,pension,271,second,2,,2026-04-26T11:25:24.064729,2026-04-26T11:25:24.064729,1
PENSION_STORE_01560,12890004,찬스센타 백운점,인천 부평구 십정동  173-10 12,인천,,37.484818,126.70875,pension,271,second,2,,2026-04-26T11:25:24.064729,2026-04-26T11:25:24.064729,1
PENSION_STORE_01561,12800155,경기상회,인천 남동구 만수6동  1024-8,인천,,37.443163,126.7368,pension,271,second,2,,2026-04-26T11:25:24.064729,2026-04-26T11:25:24.064729,1
PENSION_STORE_01562,12990049,스포츠토토복권방,광주 광산구 송정동  843-14,광주,,35.211202,126.83266,pension,271,second,2,,2026-04-26T11:25:24.064729,2026-04-26T11:25:24.064729,1
PENSION_STORE_01563,14110329,복권나라,경기 포천시 소흘읍 이가팔리 이가팔리 309-1,경기,,37.826891,127.15272,pension,271,second,2,,2026-04-26T11:25:24.064729,2026-04-26T11:25:24.064729,1
PENSION_STORE_01564,14110460,상현로또,경기 용인시 수지구 상현동 상현동 254 원희캐슬프라자 LG25시 편의 A-104,경기,,37.307167,127.084394,pension,271,second,2,,2026-04-26T11:25:24.064729,2026-04-26T11:25:24.064729,1
PENSION_STORE_01565,14100174,복권나라,경기 양평군 양평읍 양근리 양근리 414-1,경기,,37.489612,127.49022,pension,271,second,2,,2026-04-26T11:25:24.064729,2026-04-26T11:25:24.064729,1
PENSION_STORE_01566,14110441,우리세무회계경영컨설,경기 안산시 상록구 사동 사동 1298-7,경기,,37.295924,126.85253,pension,271,second,2,,2026-04-26T11:25:24.064729,2026-04-26T11:25:24.064729,1
PENSION_STORE_01567,24100326,GS25(안산팔곡),경기 안산시 상록구 본오동 본오동 741-5 1층 101,경기,수동,37.294894,126.876007,pension,271,first,1,,2026-04-26T11:25:24.064729,2026-04-26T11:25:24.064729,1
PENSION_STORE_01568,14100443,프리웨이스토어,경기 광주시 중대동  290-16 1층,경기,,37.406817,127.237947,pension,271,second,2,,2026-04-26T11:25:24.064729,2026-04-26T11:25:24.064729,1
PENSION_STORE_01569,14110625,패밀리복권방,경기 광주시 오포읍 능평리 능평리 152-13,경기,,37.34396,127.179721,pension,271,second,2,,2026-04-26T11:25:24.064729,2026-04-26T11:25:24.064729,1
PENSION_STORE_01570,14190042,용꿈돼지꿈,경기 고양시 일산동구 식사동 식사동 1152-3 현대슈퍼,경기,,37.688157,126.81966,pension,271,second,2,,2026-04-26T11:25:24.064729,2026-04-26T11:25:24.064729,1
PENSION_STORE_01571,24200018,훼미리마트(강릉경포),강원 강릉시 강문동  294-1 105,강원,,37.801532,128.908952,pension,271,second,2,,2026-04-26T11:25:24.064729,2026-04-26T11:25:24.064729,1
PENSION_STORE_01572,14310084,복권나라,충북 청주시 상당구 율량동 율량동 882-1,충북,자동,36.668504,127.488233,pension,271,first,1,,2026-04-26T11:25:24.064729,2026-04-26T11:25:24.064729,1
PENSION_STORE_01573,14410060,로또인삼,충남 천안시 직산읍 삼은리 삼은리 72-66,충남,,36.807642,127.15022,pension,271,second,2,,2026-04-26T11:25:24.064729,2026-04-26T11:25:24.064729,1
PENSION_STORE_01574,14590052,에덴마트,전북 완주군 삼례읍 삼례리 삼례리 1264-1,전북,,35.915076,127.070477,pension,271,second,2,,2026-04-26T11:25:24.064729,2026-04-26T11:25:24.064729,1
PENSION_STORE_01575,14610117,노다지,전남 순천시 조례동  957-11 1층,전남,,34.961075,127.517842,pension,271,second,2,,2026-04-26T11:25:24.064729,2026-04-26T11:25:24.064729,1
PENSION_STORE_01576,14600060,알짜마트왕지점,전남 순천시 조례동  1804 중흥파크상가309-101,전남,,34.956083,127.53196,pension,271,second,2,,2026-04-26T11:25:24.064729,2026-04-26T11:25:24.064729,1
PENSION_STORE_01577,14600100,용미사진관(로또),전남 순천시 조곡동  156-11,전남,,34.945974,127.5009,pension,271,second,2,,2026-04-26T11:25:24.064729,2026-04-26T11:25:24.064729,1
PENSION_STORE_01578,14710188,훼미리마트 상도점,경북 포항시 남구 상도동 상도동 662-7,경북,,36.013433,129.36416,pension,271,second,2,,2026-04-26T11:25:24.064729,2026-04-26T11:25:24.064729,1
PENSION_STORE_01579,14700119,로터리편의마트,경북 포항시 북구 덕산동 243-9,경북,자동,36.040751,129.36724,pension,271,first,1,,2026-04-26T11:25:24.064729,2026-04-26T11:25:24.064729,1
PENSION_STORE_01580,14710071,로또복권,경북 구미시 황상동  633-33,경북,,36.11576,128.34741,pension,271,second,2,,2026-04-26T11:25:24.064729,2026-04-26T11:25:24.064729,1
PENSION_STORE_01581,14800068,대우할인매장,경남 창원시 남산동  601-25 대운상가1층 109,경남,,35.200829,128.69792,pension,271,second,2,,2026-04-26T11:25:24.064729,2026-04-26T11:25:24.064729,1
PENSION_STORE_01582,14810120,AB-로또방,경남 밀양시 내일동  389,경남,,35.486248,128.756184,pension,271,second,2,,2026-04-26T11:25:24.064729,2026-04-26T11:25:24.064729,1
PENSION_STORE_01583,21100513,GS25(명륜아남),서울 종로구 명륜1가  46-18,서울,자동,37.586413,127.000127,pension,270,first,1,,2026-04-26T11:25:25.899306,2026-04-26T11:25:25.899306,1
PENSION_STORE_01584,11101040,버스카드판매소,서울 용산구 동자동  43-56,서울,,37.553258,126.972325,pension,270,second,2,,2026-04-26T11:25:25.899306,2026-04-26T11:25:25.899306,1
PENSION_STORE_01585,21100184,GS25(금호),서울 성동구 금호동4가  4-1438번지,서울,,37.548323,127.013866,pension,270,second,2,,2026-04-26T11:25:25.899306,2026-04-26T11:25:25.899306,1
PENSION_STORE_01586,11100141,복권방(천하명당),서울 성동구 행당동  328 한진타운상가 지하3층,서울,자동,37.556597,127.02755,pension,270,first,1,,2026-04-26T11:25:25.899306,2026-04-26T11:25:25.899306,1
PENSION_STORE_01587,11100950,가로판매 1-4-28,서울 성동구 마장동  521-10번지,서울,,37.570596,127.03797,pension,270,second,2,,2026-04-26T11:25:25.899306,2026-04-26T11:25:25.899306,1
PENSION_STORE_01588,11100637,종로식품,서울 동작구 상도동  365-1,서울,,37.50203,126.94469,pension,270,second,2,,2026-04-26T11:25:25.899306,2026-04-26T11:25:25.899306,1
PENSION_STORE_01589,11100105,영광문구,서울 금천구 독산동  1006-19,서울,,37.466432,126.89348,pension,270,second,2,,2026-04-26T11:25:25.899306,2026-04-26T11:25:25.899306,1
PENSION_STORE_01590,11100130,복권마을,서울 구로구 구로4동  805-20,서울,,37.48533,126.88603,pension,270,second,2,,2026-04-26T11:25:25.899306,2026-04-26T11:25:25.899306,1
PENSION_STORE_01591,11190016,미나식품(로또판매점),서울 강서구 방화동  484-23,서울,,37.573514,126.81068,pension,270,second,2,,2026-04-26T11:25:25.899306,2026-04-26T11:25:25.899306,1
PENSION_STORE_01592,12600156,과정미니슈퍼,부산 연제구 연산9동  399-11,부산,,35.18786,129.10162,pension,270,second,2,,2026-04-26T11:25:25.899306,2026-04-26T11:25:25.899306,1
PENSION_STORE_01593,12600171,애니타임,부산 금정구 서동  204-13,부산,,35.214805,129.106126,pension,270,second,2,,2026-04-26T11:25:25.899306,2026-04-26T11:25:25.899306,1
PENSION_STORE_01594,22700004,㈜ Cspace 범물청구점,대구 수성구 범물동  1277-11,대구,,35.820741,128.642388,pension,270,second,2,,2026-04-26T11:25:25.899306,2026-04-26T11:25:25.899306,1
PENSION_STORE_01595,12710150,대박로또,대구 북구 고성동2가  112-3 고성아파트상가 101-18,대구,,35.880181,128.582117,pension,270,second,2,,2026-04-26T11:25:25.899306,2026-04-26T11:25:25.899306,1
PENSION_STORE_01596,12800057,행운복권,인천 부평구 십정동  396-10,인천,자동,37.470598,126.6984,pension,270,first,1,,2026-04-26T11:25:25.899306,2026-04-26T11:25:25.899306,1
PENSION_STORE_01597,12890061,복권천하,인천 부평구 부개동  492-8,인천,,37.491094,126.742074,pension,270,second,2,,2026-04-26T11:25:25.899306,2026-04-26T11:25:25.899306,1
PENSION_STORE_01598,12800027,서흥로또방,인천 동구 화평동  350-8  1층,인천,,37.47921,126.63059,pension,270,second,2,,2026-04-26T11:25:25.899306,2026-04-26T11:25:25.899306,1
PENSION_STORE_01599,12900119,천재일우,광주 동구 지산동  706-22,광주,,35.150166,126.936877,pension,270,second,2,,2026-04-26T11:25:25.899306,2026-04-26T11:25:25.899306,1
PENSION_STORE_01600,12990015,천하명당복권전문점,광주 광산구 우산동  1586-4,광주,,35.162931,126.80913,pension,270,second,2,,2026-04-26T11:25:25.899306,2026-04-26T11:25:25.899306,1
PENSION_STORE_01601,13090023,천하명당 복권방,대전 중구 중촌동  398-10,대전,,36.336258,127.41501,pension,270,second,2,,2026-04-26T11:25:25.899306,2026-04-26T11:25:25.899306,1
PENSION_STORE_01602,13000131,승차권판매소,대전 서구 둔산2동  1034번지,대전,,36.352645,127.378727,pension,270,second,2,,2026-04-26T11:25:25.899306,2026-04-26T11:25:25.899306,1
PENSION_STORE_01603,23000006,GS25(대전송촌),대전 대덕구 송촌동  456-9,대전,,36.364954,127.438839,pension,270,second,2,,2026-04-26T11:25:25.899306,2026-04-26T11:25:25.899306,1
PENSION_STORE_01604,14110416,대박로또,경기 안산시 단원구 원곡동 원곡동 798-11       102,경기,,37.328218,126.78998,pension,270,second,2,,2026-04-26T11:25:25.899306,2026-04-26T11:25:25.899306,1
PENSION_STORE_01605,14100289,오이도직판장마트,경기 시흥시 정왕동  2003-8 오이도이주단지 B,경기,,37.345881,126.6882,pension,270,second,2,,2026-04-26T11:25:25.899306,2026-04-26T11:25:25.899306,1
PENSION_STORE_01606,14110086,둘리복권방,경기 시흥시 정왕동  1736-3 한강프라자제1층101호,경기,,37.345314,126.73626,pension,270,second,2,,2026-04-26T11:25:25.899306,2026-04-26T11:25:25.899306,1
PENSION_STORE_01607,14110230,로또 복권방,경기 성남시 분당구 정자동 정자동 156-1젤존타워110,경기,,37.410204,127.130632,pension,270,second,2,,2026-04-26T11:25:25.899306,2026-04-26T11:25:25.899306,1
PENSION_STORE_01608,14100410,한국슈퍼,경기 부천시 오정구 원종동 원종동 228,경기,,37.525096,126.80414,pension,270,second,2,,2026-04-26T11:25:25.899306,2026-04-26T11:25:25.899306,1
PENSION_STORE_01609,14100792,대박찬스,경기 광주시 경안동  108-46 나산상가 1층 4호,경기,,37.416686,127.25211,pension,270,second,2,,2026-04-26T11:25:25.899306,2026-04-26T11:25:25.899306,1
PENSION_STORE_01610,14200114,바른손(퇴계점),강원 춘천시 퇴계동  983 주공2단지상가,강원,,37.858123,127.73763,pension,270,second,2,,2026-04-26T11:25:25.899306,2026-04-26T11:25:25.899306,1
PENSION_STORE_01611,14210094,대박로또복권,강원 원주시 관설동  1771-6패밀리마트관설에버빌점,강원,,37.315323,127.961629,pension,270,second,2,,2026-04-26T11:25:25.899306,2026-04-26T11:25:25.899306,1
PENSION_STORE_01612,14290038,토토군로또양,강원 양구군 양구읍 상리 상리 227-7,강원,,38.106387,127.98908,pension,270,second,2,,2026-04-26T11:25:25.899306,2026-04-26T11:25:25.899306,1
PENSION_STORE_01613,14290037,복권전당,강원 속초시 조양동  1410-1,강원,,38.189826,128.596589,pension,270,second,2,,2026-04-26T11:25:25.899306,2026-04-26T11:25:25.899306,1
PENSION_STORE_01614,14490004,복권명당,충남 공주시 신관동  585-12,충남,자동,36.471857,127.13309,pension,270,first,1,,2026-04-26T11:25:25.899306,2026-04-26T11:25:25.899306,1
PENSION_STORE_01615,14500077,와이마트,전북 전주시 완산구 삼천동1가 삼천동1가 599-2,전북,,35.837134,127.063012,pension,270,second,2,,2026-04-26T11:25:25.899306,2026-04-26T11:25:25.899306,1
PENSION_STORE_01616,14700033,복권명당,경북 경산시 하양읍 금락리 금락리 19-4,경북,,35.91399,128.819015,pension,270,second,2,,2026-04-26T11:25:25.899306,2026-04-26T11:25:25.899306,1
PENSION_STORE_01617,14800181,소답시내버스매표소,경남 창원시 소답동  16-9번지,경남,,35.261742,128.62562,pension,270,second,2,,2026-04-26T11:25:25.899306,2026-04-26T11:25:25.899306,1
PENSION_STORE_01618,14800045,복권명당2호점,경남 밀양시 내일동  487번지,경남,,35.494958,128.751585,pension,270,second,2,,2026-04-26T11:25:25.899306,2026-04-26T11:25:25.899306,1
PENSION_STORE_01619,14800113,훼미리마트월영마을점,경남 마산시 해운동  18-29,경남,수동,35.176915,128.55865,pension,270,first,1,,2026-04-26T11:25:25.899306,2026-04-26T11:25:25.899306,1
PENSION_STORE_01620,11100559,서울수퍼,서울 중랑구 중화동  305-17,서울,자동,37.602704,127.07898,pension,269,first,1,,2026-04-26T11:25:27.695200,2026-04-26T11:25:27.695200,1
PENSION_STORE_01621,21100431,훼미리마트(신당대성),서울 중구 신당동  102-2 대승빌딩1층,서울,,37.563854,127.01644,pension,269,second,2,,2026-04-26T11:25:27.695200,2026-04-26T11:25:27.695200,1
PENSION_STORE_01622,11110140,통일기금닷컴,서울 종로구 종로6가  251-1,서울,,37.571371,127.006495,pension,269,second,2,,2026-04-26T11:25:27.695200,2026-04-26T11:25:27.695200,1
PENSION_STORE_01623,11110320,말죽거리로또,서울 서초구 양재동  11-26,서울,,37.485024,126.983669,pension,269,second,2,,2026-04-26T11:25:27.695200,2026-04-26T11:25:27.695200,1
PENSION_STORE_01624,11101711,가판,서울 마포구 도화2동  169 고려2 앞가판,서울,자동,37.540684,126.948335,pension,269,first,1,,2026-04-26T11:25:27.695200,2026-04-26T11:25:27.695200,1
PENSION_STORE_01625,11190177,공덕알파,서울 마포구 공덕동  423 5호선 공덕역6호,서울,,37.54739,126.92976,pension,269,second,2,,2026-04-26T11:25:27.695200,2026-04-26T11:25:27.695200,1
PENSION_STORE_01626,11100773,스파,서울 노원구 상계동  666 주공 10단지 종합상가 111,서울,자동,37.661671,127.05789,pension,269,first,1,,2026-04-26T11:25:27.695200,2026-04-26T11:25:27.695200,1
PENSION_STORE_01627,11101368,제일통신,서울 노원구 중계동  591 대호프라자 1층106,서울,자동,37.659832,127.073277,pension,269,first,1,,2026-04-26T11:25:27.695200,2026-04-26T11:25:27.695200,1
PENSION_STORE_01628,11101180,버스카드판매대,서울 관악구 신림6동  1513 버스카드충전소,서울,자동,37.47187,126.93328,pension,269,first,1,,2026-04-26T11:25:27.695200,2026-04-26T11:25:27.695200,1
PENSION_STORE_01629,11110201,정우로또,서울 강동구 길동  390-20,서울,,37.53676,127.141032,pension,269,second,2,,2026-04-26T11:25:27.695200,2026-04-26T11:25:27.695200,1
PENSION_STORE_01630,11190024,노다지복권방,서울 강동구 성내동  383-20 1층,서울,,37.533268,127.13263,pension,269,second,2,,2026-04-26T11:25:27.695200,2026-04-26T11:25:27.695200,1
PENSION_STORE_01631,11101086,버스카드충전소,서울 강남구 삼성동  170 강남경찰서앞,서울,,37.51015,127.06605,pension,269,second,2,,2026-04-26T11:25:27.695200,2026-04-26T11:25:27.695200,1
PENSION_STORE_01632,12600213,왕신편의점,부산 서구 토성동4가  28-6,부산,,35.09677,129.023113,pension,269,second,2,,2026-04-26T11:25:27.695200,2026-04-26T11:25:27.695200,1
PENSION_STORE_01633,12790044,복권왕국,대구 북구 태전동  943-10,대구,,35.951637,128.553752,pension,269,second,2,,2026-04-26T11:25:27.695200,2026-04-26T11:25:27.695200,1
PENSION_STORE_01634,12810077,천하복권방,인천 중구 관동3가  2-4,인천,,37.470814,126.6244,pension,269,second,2,,2026-04-26T11:25:27.695200,2026-04-26T11:25:27.695200,1
PENSION_STORE_01635,13000055,천하제일복권명당,대전 동구 용운동  304-1번지,대전,,36.326732,127.46149,pension,269,second,2,,2026-04-26T11:25:27.695200,2026-04-26T11:25:27.695200,1
PENSION_STORE_01636,14100146,아트 플라워,경기 용인시 처인구 김량장동 김량장동 23-1 용인버스터미널 내,경기,,37.234633,127.20871,pension,269,second,2,,2026-04-26T11:25:27.695200,2026-04-26T11:25:27.695200,1
PENSION_STORE_01637,14110050,대호상사,경기 성남시 분당구 야탑동 355-1세화2001빌딩107,경기,,37.411164,127.126807,pension,269,second,2,,2026-04-26T11:25:27.695200,2026-04-26T11:25:27.695200,1
PENSION_STORE_01638,14200041,우리쇼핑프라자,강원 춘천시 효자2동  159-2,강원,,37.853621,127.73714,pension,269,second,2,,2026-04-26T11:25:27.695200,2026-04-26T11:25:27.695200,1
PENSION_STORE_01639,14210045,로또전문점,강원 춘천시 퇴계동  1006-3,강원,,37.849632,127.739914,pension,269,second,2,,2026-04-26T11:25:27.695200,2026-04-26T11:25:27.695200,1
PENSION_STORE_01640,14210086,황금복권방,강원 동해시 북평동  12-5,강원,,37.483177,129.126782,pension,269,second,2,,2026-04-26T11:25:27.695200,2026-04-26T11:25:27.695200,1
PENSION_STORE_01641,14410001,삼팔로또,충남 서천군 서천읍 군사리 군사리 696-5,충남,,36.075368,126.686382,pension,269,second,2,,2026-04-26T11:25:27.695200,2026-04-26T11:25:27.695200,1
PENSION_STORE_01642,14410074,영약국,충남 금산군 금산읍 중도리 중도리 361-4,충남,,36.102284,127.49313,pension,269,second,2,,2026-04-26T11:25:27.695200,2026-04-26T11:25:27.695200,1
PENSION_STORE_01643,14610031,훼미리마트나주점,전남 나주시 성북동  139-5,전남,,35.041553,126.717857,pension,269,second,2,,2026-04-26T11:25:27.695200,2026-04-26T11:25:27.695200,1
PENSION_STORE_01644,14810074,우주로또판매,경남 마산시 산호동  323-3  가야빌딩1층,경남,,35.210548,128.585176,pension,269,second,2,,2026-04-26T11:25:27.695200,2026-04-26T11:25:27.695200,1
PENSION_STORE_01645,14800072,울트라마트,경남 김해시 장유면 대청리 대청리 333-3 갑오마을부영8차상가지하 101,경남,,35.184806,128.797219,pension,269,second,2,,2026-04-26T11:25:27.695200,2026-04-26T11:25:27.695200,1
PENSION_STORE_01646,14800031,연합복권,경남 김해시 외동  1252-2 삼우빌딩,경남,,35.234216,128.865837,pension,269,second,2,,2026-04-26T11:25:27.695200,2026-04-26T11:25:27.695200,1
PENSION_STORE_01647,11100907,프라자호텔뒤가판점,서울 중구 소공동  112-4,서울,,37.566409,126.98402,pension,268,second,2,,2026-04-26T11:25:29.517058,2026-04-26T11:25:29.517058,1
PENSION_STORE_01648,11100167,행운복권방,서울 은평구 불광2동  320-1 상가 102호,서울,수동,37.619809,126.92333,pension,268,first,1,,2026-04-26T11:25:29.517058,2026-04-26T11:25:29.517058,1
PENSION_STORE_01649,11100389,삼우식품,서울 영등포구 영등포동7가  41번지,서울,,37.523089,126.905434,pension,268,second,2,,2026-04-26T11:25:29.517058,2026-04-26T11:25:29.517058,1
PENSION_STORE_01650,11110649,롯데가판점,서울 송파구 잠실동  40-1 롯데백화점옆가판점,서울,,37.511235,127.098027,pension,268,second,2,,2026-04-26T11:25:29.517058,2026-04-26T11:25:29.517058,1
PENSION_STORE_01651,11101649,가로판매점,서울 송파구 가락동  96-15 가락시장건너편 가판점,서울,,37.494625,127.11754,pension,268,second,2,,2026-04-26T11:25:29.517058,2026-04-26T11:25:29.517058,1
PENSION_STORE_01652,11100985,버스충전소,서울 서초구 잠원동  69-1 반포쇼핑 3동 정문앞,서울,,37.506115,127.003673,pension,268,second,2,,2026-04-26T11:25:29.517058,2026-04-26T11:25:29.517058,1
PENSION_STORE_01653,11100111,복권만화,서울 서초구 서초3동  1579-9,서울,,37.488378,127.014098,pension,268,second,2,,2026-04-26T11:25:29.517058,2026-04-26T11:25:29.517058,1
PENSION_STORE_01654,11190173,영아식품,서울 동대문구 전농동  295-143,서울,,37.5765,127.05752,pension,268,second,2,,2026-04-26T11:25:29.517058,2026-04-26T11:25:29.517058,1
PENSION_STORE_01655,11100937,가판점,서울 노원구 중계2동  535-1구민회관앞,서울,,37.639147,127.06661,pension,268,second,2,,2026-04-26T11:25:29.517058,2026-04-26T11:25:29.517058,1
PENSION_STORE_01656,11101241,자양사거리 가로매점,서울 광진구 자양1동  219-2,서울,수동,37.535856,127.08328,pension,268,first,1,,2026-04-26T11:25:29.517058,2026-04-26T11:25:29.517058,1
PENSION_STORE_01657,11101699,화인서비스,서울 광진구 중곡동  172-52,서울,,37.566538,127.081954,pension,268,second,2,,2026-04-26T11:25:29.517058,2026-04-26T11:25:29.517058,1
PENSION_STORE_01658,11100250,복권나라,서울 관악구 봉천본동  941-18,서울,,37.486017,126.93984,pension,268,second,2,,2026-04-26T11:25:29.517058,2026-04-26T11:25:29.517058,1
PENSION_STORE_01659,11110555,디오니스,서울 강북구 미아동  1339-1 세븐데이즈,서울,,37.613282,127.030849,pension,268,second,2,,2026-04-26T11:25:29.517058,2026-04-26T11:25:29.517058,1
PENSION_STORE_01660,12600256,-,부산 부산진구 부전동  573-1복권판매대제4번,부산,,35.158164,129.059874,pension,268,second,2,,2026-04-26T11:25:29.517058,2026-04-26T11:25:29.517058,1
PENSION_STORE_01661,12600085,대박챤스복권방,부산 금정구 서2동  302-643,부산,,35.215602,129.10081,pension,268,second,2,,2026-04-26T11:25:29.517058,2026-04-26T11:25:29.517058,1
PENSION_STORE_01662,12700335,칠곡스포츠,대구 북구 태전동  1033-5,대구,,35.923584,128.54673,pension,268,second,2,,2026-04-26T11:25:29.517058,2026-04-26T11:25:29.517058,1
PENSION_STORE_01663,12800131,행운마트,인천 부평구 십정동  355-18,인천,,37.471799,126.69536,pension,268,second,2,,2026-04-26T11:25:29.517058,2026-04-26T11:25:29.517058,1
PENSION_STORE_01664,12890031,복권천국,인천 부평구 삼산동  254-4 102,인천,,37.517757,126.73388,pension,268,second,2,,2026-04-26T11:25:29.517058,2026-04-26T11:25:29.517058,1
PENSION_STORE_01665,12890052,제일마트,인천 남동구 고잔동  269-5,인천,,37.398437,126.72625,pension,268,second,2,,2026-04-26T11:25:29.517058,2026-04-26T11:25:29.517058,1
PENSION_STORE_01666,12910072,미니스톱운암점,광주 북구 운암동  434-60,광주,,35.170236,126.871625,pension,268,second,2,,2026-04-26T11:25:29.517058,2026-04-26T11:25:29.517058,1
PENSION_STORE_01667,13000037,복권천하문화점,대전 중구 문화동  466-6번지,대전,,36.309675,127.40273,pension,268,second,2,,2026-04-26T11:25:29.517058,2026-04-26T11:25:29.517058,1
PENSION_STORE_01668,13190011,오렌지24시마트,울산 북구 연암동  403-5,울산,,35.558081,129.35806,pension,268,second,2,,2026-04-26T11:25:29.517058,2026-04-26T11:25:29.517058,1
PENSION_STORE_01669,14190038,천하명당복권방,경기 화성시 남양동  1267-5,경기,,37.209915,126.818284,pension,268,second,2,,2026-04-26T11:25:29.517058,2026-04-26T11:25:29.517058,1
PENSION_STORE_01670,14190240,율암25시 편의점,경기 화성시 팔탄면 율암리 율암리 481-2 율암빌딩 2차,경기,,37.166654,126.88149,pension,268,second,2,,2026-04-26T11:25:29.517058,2026-04-26T11:25:29.517058,1
PENSION_STORE_01671,14190236,행운복권마트,경기 포천시 신읍동  58-16,경기,,37.894908,127.201124,pension,268,second,2,,2026-04-26T11:25:29.517058,2026-04-26T11:25:29.517058,1
PENSION_STORE_01672,14100174,복권나라,경기 양평군 양평읍 양근리 양근리 414-1,경기,,37.489612,127.49022,pension,268,second,2,,2026-04-26T11:25:29.517058,2026-04-26T11:25:29.517058,1
PENSION_STORE_01673,14110614,복복권,경기 양평군 양평읍 양근리 양근리 350,경기,,37.489592,127.491072,pension,268,second,2,,2026-04-26T11:25:29.517058,2026-04-26T11:25:29.517058,1
PENSION_STORE_01674,14190120,복권식품,경기 안산시 단원구 원곡동 원곡동 775-2,경기,,37.331558,126.796803,pension,268,second,2,,2026-04-26T11:25:29.517058,2026-04-26T11:25:29.517058,1
PENSION_STORE_01675,14110238,로또복권,경기 수원시 장안구 천천동 천천동 502-4,경기,,37.300149,126.979734,pension,268,second,2,,2026-04-26T11:25:29.517058,2026-04-26T11:25:29.517058,1
PENSION_STORE_01676,14190082,21세기복권나라,경기 성남시 중원구 상대원동 상대원동 5430-7,경기,,37.439983,127.15965,pension,268,second,2,,2026-04-26T11:25:29.517058,2026-04-26T11:25:29.517058,1
PENSION_STORE_01677,14200064,황제슈퍼,강원 강릉시 교동  162-117,강원,,37.75822,128.894022,pension,268,second,2,,2026-04-26T11:25:29.517058,2026-04-26T11:25:29.517058,1
PENSION_STORE_01678,14300052,공단휴게실,충북 청주시 흥덕구 복대동 100-15번지,충북,자동,36.637927,127.442409,pension,268,first,1,,2026-04-26T11:25:29.517058,2026-04-26T11:25:29.517058,1
PENSION_STORE_01679,14410003,로또복권장항점,충남 서천군 장항읍  창선리   632-2,충남,,36.0262,126.699897,pension,268,second,2,,2026-04-26T11:25:29.517058,2026-04-26T11:25:29.517058,1
PENSION_STORE_01680,14490006,천하제일 복권 연무,충남 논산시 연무읍 안심리 안심리 1126-36,충남,,36.135473,127.100082,pension,268,second,2,,2026-04-26T11:25:29.517058,2026-04-26T11:25:29.517058,1
PENSION_STORE_01681,14500142,모현로또방,전북 익산시 모현동1가  297-42,전북,,35.946841,126.94358,pension,268,second,2,,2026-04-26T11:25:29.517058,2026-04-26T11:25:29.517058,1
PENSION_STORE_01682,14510022,팡팡로또복권대리점,전북 남원시 도통동  107-10,전북,,35.417075,127.38492,pension,268,second,2,,2026-04-26T11:25:29.517058,2026-04-26T11:25:29.517058,1
PENSION_STORE_01683,14710158,사랑의 꽃집,경북 영주시 하망동  247-9,경북,수동,36.830172,128.634393,pension,268,first,1,,2026-04-26T11:25:29.517058,2026-04-26T11:25:29.517058,1
PENSION_STORE_01684,14710022,영덕로또복권,경북 영덕군 영덕읍 덕곡리 덕곡리 312-1,경북,수동,36.413038,129.37065,pension,268,first,1,,2026-04-26T11:25:29.517058,2026-04-26T11:25:29.517058,1
PENSION_STORE_01685,14700002,일공공일 안경콘택트,경북 구미시 원평동  109-20,경북,수동,36.130331,128.32826,pension,268,first,1,,2026-04-26T11:25:29.517058,2026-04-26T11:25:29.517058,1
PENSION_STORE_01686,24800062,GS25(창원서광),경남 창원시 중앙동  1004 서광오피스텔,경남,수동,35.220139,128.675926,pension,268,first,1,,2026-04-26T11:25:29.517058,2026-04-26T11:25:29.517058,1
PENSION_STORE_01687,24800024,GS25(양산신평),경남 양산시 하북면 순지리 순지리 691,경남,,35.491064,129.086575,pension,268,second,2,,2026-04-26T11:25:29.517058,2026-04-26T11:25:29.517058,1
PENSION_STORE_01688,14810062,-,경남 김해시 외동  1262-4중앙상가111,경남,,35.190318,128.80217,pension,268,second,2,,2026-04-26T11:25:29.517058,2026-04-26T11:25:29.517058,1
PENSION_STORE_01689,11100057,수연식품,서울 중랑구 면목동  458-120,서울,,37.582288,127.08939,pension,267,second,2,,2026-04-26T11:25:31.335161,2026-04-26T11:25:31.335161,1
PENSION_STORE_01690,11100568,쌍둥이슈퍼,서울 중랑구 묵동  235-19 1층 일부,서울,,37.613829,127.07516,pension,267,second,2,,2026-04-26T11:25:31.335161,2026-04-26T11:25:31.335161,1
PENSION_STORE_01691,11110385,로또복권방,서울 은평구 갈현동  424-26외1필지 가호내제1층점포1동,서울,,37.623964,126.91715,pension,267,second,2,,2026-04-26T11:25:31.335161,2026-04-26T11:25:31.335161,1
PENSION_STORE_01692,11101052,가로판매점,서울 용산구 원효로2가  94-2,서울,,37.535027,126.96148,pension,267,second,2,,2026-04-26T11:25:31.335161,2026-04-26T11:25:31.335161,1
PENSION_STORE_01693,11100968,상호,서울 영등포구 당산동6가  337-19,서울,,37.534656,126.90087,pension,267,second,2,,2026-04-26T11:25:31.335161,2026-04-26T11:25:31.335161,1
PENSION_STORE_01694,21100501,GS25(문래한신),서울 영등포구 양평동1가  14-1,서울,,37.521625,126.888093,pension,267,second,2,,2026-04-26T11:25:31.335161,2026-04-26T11:25:31.335161,1
PENSION_STORE_01695,11110503,어머화장품,서울 송파구 석촌동  261-17,서울,,37.502046,127.104049,pension,267,second,2,,2026-04-26T11:25:31.335161,2026-04-26T11:25:31.335161,1
PENSION_STORE_01696,11110306,뉴서울슈퍼,서울 서대문구 미근동  319,서울,,37.561909,126.96825,pension,267,second,2,,2026-04-26T11:25:31.335161,2026-04-26T11:25:31.335161,1
PENSION_STORE_01697,11101551,삼성게임프라자,서울 서대문구 북아현동  142-2,서울,,37.560615,126.956369,pension,267,second,2,,2026-04-26T11:25:31.335161,2026-04-26T11:25:31.335161,1
PENSION_STORE_01698,11110643,로또복권판매점,서울 마포구 신수동  88-9,서울,,37.54966,126.937522,pension,267,second,2,,2026-04-26T11:25:31.335161,2026-04-26T11:25:31.335161,1
PENSION_STORE_01699,11100199,복권천국방,서울 마포구 합정동  385-1  1층3호,서울,,37.554236,126.9124,pension,267,second,2,,2026-04-26T11:25:31.335161,2026-04-26T11:25:31.335161,1
PENSION_STORE_01700,11101560,학림서점,서울 동작구 본동  400번지,서울,,37.51214,126.94619,pension,267,second,2,,2026-04-26T11:25:31.335161,2026-04-26T11:25:31.335161,1
PENSION_STORE_01701,11110271,윤재복권,서울 노원구 월계동  47-39,서울,,37.631171,127.05863,pension,267,second,2,,2026-04-26T11:25:31.335161,2026-04-26T11:25:31.335161,1
PENSION_STORE_01702,11100097,신림용꿈돼지꿈,서울 관악구 신림동  527-9,서울,,37.479667,126.95747,pension,267,second,2,,2026-04-26T11:25:31.335161,2026-04-26T11:25:31.335161,1
PENSION_STORE_01703,22600093,훼미리마트(남천점),부산 수영구 남천동  296-4,부산,,35.13847,129.107864,pension,267,second,2,,2026-04-26T11:25:31.335161,2026-04-26T11:25:31.335161,1
PENSION_STORE_01704,22600125,훼미리마트(민락해변),부산 수영구 민락동  176-14,부산,,35.155936,129.123581,pension,267,second,2,,2026-04-26T11:25:31.335161,2026-04-26T11:25:31.335161,1
PENSION_STORE_01705,12700202,토큰박스(아카데미),대구 중구 남일동  112-1 승차권박스(중앙시네마건너편),대구,,35.867778,128.593914,pension,267,second,2,,2026-04-26T11:25:31.335161,2026-04-26T11:25:31.335161,1
PENSION_STORE_01706,12900036,아스타,광주 서구 쌍촌동  964-21,광주,,35.151363,126.86221,pension,267,second,2,,2026-04-26T11:25:31.335161,2026-04-26T11:25:31.335161,1
PENSION_STORE_01707,14190250,대박예감,경기 화성시 태안읍 반월리 반월리 30,경기,자동,37.233971,127.06398,pension,267,first,1,,2026-04-26T11:25:31.335161,2026-04-26T11:25:31.335161,1
PENSION_STORE_01708,14110332,파란만장복권방,경기 화성시 태안읍 진안리 진안리 878-9  101,경기,,37.21241,127.038823,pension,267,second,2,,2026-04-26T11:25:31.335161,2026-04-26T11:25:31.335161,1
PENSION_STORE_01709,14190163,행운복권방,경기 포천시 소흘읍  송우리    127-6,경기,,37.828831,127.14752,pension,267,second,2,,2026-04-26T11:25:31.335161,2026-04-26T11:25:31.335161,1
PENSION_STORE_01710,14110071,행운로또복권,경기 수원시 팔달구 인계동 인계동 907-3,경기,,37.269785,127.020783,pension,267,second,2,,2026-04-26T11:25:31.335161,2026-04-26T11:25:31.335161,1
PENSION_STORE_01711,14110406,대박복권,경기 수원시 영통구 매탄동 매탄동 101-44  1층,경기,,37.268282,127.04699,pension,267,second,2,,2026-04-26T11:25:31.335161,2026-04-26T11:25:31.335161,1
PENSION_STORE_01712,14110210,예스24로또,경기 남양주시 평내동  578-1 다모아프라자 106,경기,,37.645951,127.23442,pension,267,second,2,,2026-04-26T11:25:31.335161,2026-04-26T11:25:31.335161,1
PENSION_STORE_01713,24200003,훼미리마트(단계공원),강원 원주시 단계동  853,강원,,37.345884,127.930487,pension,267,second,2,,2026-04-26T11:25:31.335161,2026-04-26T11:25:31.335161,1
PENSION_STORE_01714,14300093,터미널잡화,충북 청주시 흥덕구 가경동 가경동 1449-206 터미널,충북,,36.625857,127.43282,pension,267,second,2,,2026-04-26T11:25:31.335161,2026-04-26T11:25:31.335161,1
PENSION_STORE_01715,24400008,GS25(천안성정),충남 천안시 성정동  193-17번지,충남,자동,36.790472,127.117039,pension,267,first,1,,2026-04-26T11:25:31.335161,2026-04-26T11:25:31.335161,1
PENSION_STORE_01716,14610044,알리바이부영점,전남 목포시 옥암동  1007-5,전남,,34.80456,126.431801,pension,267,second,2,,2026-04-26T11:25:31.335161,2026-04-26T11:25:31.335161,1
PENSION_STORE_01717,14710097,로또 코리아북삼점,경북 칠곡군 북삼읍 인평리 인평리 1094-1,경북,자동,35.967586,128.417848,pension,267,first,1,,2026-04-26T11:25:31.335161,2026-04-26T11:25:31.335161,1
PENSION_STORE_01718,14710079,로또성주점,경북 성주군 성주읍 경산리 경산리 663번지,경북,,35.918104,128.284805,pension,267,second,2,,2026-04-26T11:25:31.335161,2026-04-26T11:25:31.335161,1
PENSION_STORE_01719,14710076,로또복권대박,경북 상주시 냉림동  353-4,경북,,36.420964,128.15924,pension,267,second,2,,2026-04-26T11:25:31.335161,2026-04-26T11:25:31.335161,1
PENSION_STORE_01720,11100924,신문가판대,서울 중구 남대문로5가  84,서울,,37.557748,126.97267,pension,266,second,2,,2026-04-26T11:25:33.098758,2026-04-26T11:25:33.098758,1
PENSION_STORE_01721,11100305,충남상회,서울 중구 황학동  1362,서울,,37.570168,127.01839,pension,266,second,2,,2026-04-26T11:25:33.098758,2026-04-26T11:25:33.098758,1
PENSION_STORE_01722,11190092,노다지,서울 성북구 하월곡동  79-19,서울,,37.610488,127.03513,pension,266,second,2,,2026-04-26T11:25:33.098758,2026-04-26T11:25:33.098758,1
PENSION_STORE_01723,11110327,양재10호점,서울 서초구 서초동  61-1 세븐일레븐,서울,,37.504354,127.003597,pension,266,second,2,,2026-04-26T11:25:33.098758,2026-04-26T11:25:33.098758,1
PENSION_STORE_01724,11100944,-,서울 노원구 상계1동  1132-102,서울,,37.677563,127.055543,pension,266,second,2,,2026-04-26T11:25:33.098758,2026-04-26T11:25:33.098758,1
PENSION_STORE_01725,11100330,현진식품,서울 구로구 고척1동  52-346,서울,,37.500774,126.863861,pension,266,second,2,,2026-04-26T11:25:33.098758,2026-04-26T11:25:33.098758,1
PENSION_STORE_01726,11110229,고경식품,서울 구로구 고척동  72-28,서울,,37.496822,126.86249,pension,266,second,2,,2026-04-26T11:25:33.098758,2026-04-26T11:25:33.098758,1
PENSION_STORE_01727,11101264,라스정보통신,서울 강북구 수유동  256-22  미니스톱내,서울,자동,37.646266,127.008162,pension,266,first,1,,2026-04-26T11:25:33.098758,2026-04-26T11:25:33.098758,1
PENSION_STORE_01728,11190153,안목마트,서울 강북구 번동  463-33,서울,수동,37.639298,127.02813,pension,266,first,1,,2026-04-26T11:25:33.098758,2026-04-26T11:25:33.098758,1
PENSION_STORE_01729,12600017,노다지 복권방,부산 해운대구 반송2동  186-5,부산,,35.229143,129.1601,pension,266,second,2,,2026-04-26T11:25:33.098758,2026-04-26T11:25:33.098758,1
PENSION_STORE_01730,12700007,복권뱅크,대구 서구 평리동  622-8,대구,,35.87493,128.550832,pension,266,second,2,,2026-04-26T11:25:33.098758,2026-04-26T11:25:33.098758,1
PENSION_STORE_01731,12800131,행운마트,인천 부평구 십정동  355-18,인천,,37.471799,126.69536,pension,266,second,2,,2026-04-26T11:25:33.098758,2026-04-26T11:25:33.098758,1
PENSION_STORE_01732,12890070,인천네트워크,인천 남동구 도림동  248-5 12블록5롯트 102,인천,,37.419807,126.72992,pension,266,second,2,,2026-04-26T11:25:33.098758,2026-04-26T11:25:33.098758,1
PENSION_STORE_01733,12810139,해피데이,인천 남동구 간석동  205-1 희망백화점 B-206,인천,,37.460944,126.708838,pension,266,second,2,,2026-04-26T11:25:33.098758,2026-04-26T11:25:33.098758,1
PENSION_STORE_01734,12810087,우리동네,인천 계양구 작전동  912-4 동남롯데상가 105,인천,,37.536409,126.742534,pension,266,second,2,,2026-04-26T11:25:33.098758,2026-04-26T11:25:33.098758,1
PENSION_STORE_01735,13000096,대한민국마트,대전 유성구 전민동  458-9 1F,대전,,36.396687,127.40249,pension,266,second,2,,2026-04-26T11:25:33.098758,2026-04-26T11:25:33.098758,1
PENSION_STORE_01736,13190034,천하명당(염포점),울산 북구 염포동  208-7,울산,,35.53486,129.38978,pension,266,second,2,,2026-04-26T11:25:33.098758,2026-04-26T11:25:33.098758,1
PENSION_STORE_01737,14190168,명성복권방,경기 화성시 태안읍 진안리 진안리 525-58,경기,,37.208512,127.03427,pension,266,second,2,,2026-04-26T11:25:33.098758,2026-04-26T11:25:33.098758,1
PENSION_STORE_01738,14100741,대박행진 복권랜드,경기 파주시 금촌동  금촌2택지사업지구 상업용지16호 금촌프라자 107,경기,,37.751653,126.76692,pension,266,second,2,,2026-04-26T11:25:33.098758,2026-04-26T11:25:33.098758,1
PENSION_STORE_01739,24100136,GS25(이천현대),경기 이천시 대월면 대흥리 대흥리 산1-6203호,경기,,37.249588,127.474923,pension,266,second,2,,2026-04-26T11:25:33.098758,2026-04-26T11:25:33.098758,1
PENSION_STORE_01740,14110125,백사행운마트,경기 이천시 백사면 송말리 송말리 98-3번지,경기,,37.170613,127.480262,pension,266,second,2,,2026-04-26T11:25:33.098758,2026-04-26T11:25:33.098758,1
PENSION_STORE_01741,14100388,터미널식품,경기 의정부시 금오동  369-5,경기,,37.745207,127.05509,pension,266,second,2,,2026-04-26T11:25:33.098758,2026-04-26T11:25:33.098758,1
PENSION_STORE_01742,14100371,J 마트,경기 안양시 만안구 안양6동 안양6동 504-22,경기,,37.38734,126.93061,pension,266,second,2,,2026-04-26T11:25:33.098758,2026-04-26T11:25:33.098758,1
PENSION_STORE_01743,14190001,천하명당복권방,경기 안성시 영동  428,경기,,37.0066,127.27375,pension,266,second,2,,2026-04-26T11:25:33.098758,2026-04-26T11:25:33.098758,1
PENSION_STORE_01744,14190119,복권명당,경기 안산시 상록구 건건동 건건동 646-3,경기,,37.305021,126.90202,pension,266,second,2,,2026-04-26T11:25:33.098758,2026-04-26T11:25:33.098758,1
PENSION_STORE_01745,14190080,복권명가,경기 성남시 중원구 상대원동 상대원동 2318 1층,경기,,37.441016,127.163598,pension,266,second,2,,2026-04-26T11:25:33.098758,2026-04-26T11:25:33.098758,1
PENSION_STORE_01746,14110030,일등복권방,경기 부천시 오정구 작동 작동 32 영미빌딩,경기,,37.518847,126.8151,pension,266,second,2,,2026-04-26T11:25:33.098758,2026-04-26T11:25:33.098758,1
PENSION_STORE_01747,14110369,명당복권방,경기 남양주시 화도읍 창현리 창현리 472-7,경기,,37.650239,127.30629,pension,266,second,2,,2026-04-26T11:25:33.098758,2026-04-26T11:25:33.098758,1
PENSION_STORE_01748,14100710,화인,경기 구리시 교문동  256-9,경기,,37.595354,127.140571,pension,266,second,2,,2026-04-26T11:25:33.098758,2026-04-26T11:25:33.098758,1
PENSION_STORE_01749,14100834,월드컵복권방,경기 광주시 경안동  30-2,경기,자동,37.409901,127.25841,pension,266,first,1,,2026-04-26T11:25:33.098758,2026-04-26T11:25:33.098758,1
PENSION_STORE_01750,14100829,로토피아,경기 광명시 소하동  932-4 상가1층 102,경기,,37.435593,126.87926,pension,266,second,2,,2026-04-26T11:25:33.098758,2026-04-26T11:25:33.098758,1
PENSION_STORE_01751,14310037,해수로또,충북 청주시 상당구 금천동 금천동 261-50,충북,,36.62615,127.499379,pension,266,second,2,,2026-04-26T11:25:33.098758,2026-04-26T11:25:33.098758,1
PENSION_STORE_01752,14690011,천하명당복권방,전남 순천시 연향동  1346 1층,전남,,34.945482,127.48772,pension,266,second,2,,2026-04-26T11:25:33.098758,2026-04-26T11:25:33.098758,1
PENSION_STORE_01753,14690022,천하명당복권방,전남 순천시 해룡면 상삼리 상삼리 622-7,전남,,34.98644,127.501522,pension,266,second,2,,2026-04-26T11:25:33.098758,2026-04-26T11:25:33.098758,1
PENSION_STORE_01754,14690018,복권방(상동1호점),전남 목포시 상동  748-5,전남,,34.81368,126.41479,pension,266,second,2,,2026-04-26T11:25:33.098758,2026-04-26T11:25:33.098758,1
PENSION_STORE_01755,14710071,로또복권,경북 구미시 황상동  633-33,경북,,36.11576,128.34741,pension,266,second,2,,2026-04-26T11:25:33.098758,2026-04-26T11:25:33.098758,1
PENSION_STORE_01756,14810121,수산로또점,경남 밀양시 하남읍 양동리 양동리 614-18,경남,,35.374921,128.716417,pension,266,second,2,,2026-04-26T11:25:33.098758,2026-04-26T11:25:33.098758,1
PENSION_STORE_01757,14800170,경일통신,경남 마산시 회성동  169-1,경남,,35.233815,128.5606,pension,266,second,2,,2026-04-26T11:25:33.098758,2026-04-26T11:25:33.098758,1
PENSION_STORE_01758,14810157,안경이야기,경남 마산시 내서읍 삼계리 삼계리 507-1 숲속아파트 주공5단지상가 103 호서원탑훼미리,경남,,35.228874,128.496447,pension,266,second,2,,2026-04-26T11:25:33.098758,2026-04-26T11:25:33.098758,1
PENSION_STORE_01759,11100572,제일식품,서울 중랑구 상봉동  108,서울,,37.594752,127.085657,pension,265,second,2,,2026-04-26T11:25:34.853693,2026-04-26T11:25:34.853693,1
PENSION_STORE_01760,11190138,가로판매(버스카드),서울 영등포구 영등포동4가  66,서울,자동,37.521465,126.92499,pension,265,first,1,,2026-04-26T11:25:34.853693,2026-04-26T11:25:34.853693,1
PENSION_STORE_01761,11190001,데스콤㈜영등포영업소,서울 영등포구 영등포동5가  25번지,서울,,37.520576,126.9052,pension,265,second,2,,2026-04-26T11:25:34.853693,2026-04-26T11:25:34.853693,1
PENSION_STORE_01762,11101469,세종장식,서울 양천구 신정4동  987-7호,서울,자동,37.525385,126.86006,pension,265,first,1,,2026-04-26T11:25:34.853693,2026-04-26T11:25:34.853693,1
PENSION_STORE_01763,11110089,이대역4번출구 앞가판,서울 서대문구 대현동  45-71,서울,,37.55704,126.94668,pension,265,second,2,,2026-04-26T11:25:34.853693,2026-04-26T11:25:34.853693,1
PENSION_STORE_01764,11101137,B형5호가로판매점,서울 동작구 노량진동  67-10,서울,,37.51392,126.94316,pension,265,second,2,,2026-04-26T11:25:34.853693,2026-04-26T11:25:34.853693,1
PENSION_STORE_01765,11110075,로또복권,서울 광진구 중곡동  244-1,서울,,37.562826,127.08024,pension,265,second,2,,2026-04-26T11:25:34.853693,2026-04-26T11:25:34.853693,1
PENSION_STORE_01766,11101176,교통카드판매대,서울 관악구 신림9동  240-4,서울,자동,37.470344,126.93811,pension,265,first,1,,2026-04-26T11:25:34.853693,2026-04-26T11:25:34.853693,1
PENSION_STORE_01767,11101573,한미복권방,서울 강동구 성내1동  550,서울,자동,37.529194,127.123808,pension,265,first,1,,2026-04-26T11:25:34.853693,2026-04-26T11:25:34.853693,1
PENSION_STORE_01768,11100646,경일식품,서울 강동구 둔촌동  87-7,서울,,37.530197,127.142912,pension,265,second,2,,2026-04-26T11:25:34.853693,2026-04-26T11:25:34.853693,1
PENSION_STORE_01769,22600102,GS25(서면제일),부산 부산진구 부전동  220-1,부산,,35.153899,129.06163,pension,265,second,2,,2026-04-26T11:25:34.853693,2026-04-26T11:25:34.853693,1
PENSION_STORE_01770,12600318,민사로또판매점,부산 금정구 부곡동  223-1,부산,,35.256517,129.09012,pension,265,second,2,,2026-04-26T11:25:34.853693,2026-04-26T11:25:34.853693,1
PENSION_STORE_01771,12790034,왕대박(복권방),대구 북구 칠성동2가  498-2   1층 전체,대구,,35.877689,128.59616,pension,265,second,2,,2026-04-26T11:25:34.853693,2026-04-26T11:25:34.853693,1
PENSION_STORE_01772,12910085,로또나라,광주 북구 용봉동  1378-1,광주,,35.179016,126.894892,pension,265,second,2,,2026-04-26T11:25:34.853693,2026-04-26T11:25:34.853693,1
PENSION_STORE_01773,12990011,형제기획  복권시대,광주 동구 금남로5가  99-8번지,광주,,35.151288,126.914127,pension,265,second,2,,2026-04-26T11:25:34.853693,2026-04-26T11:25:34.853693,1
PENSION_STORE_01774,12990014,복권세상,광주 광산구 도산동  774-4,광주,,35.176226,126.79855,pension,265,second,2,,2026-04-26T11:25:34.853693,2026-04-26T11:25:34.853693,1
PENSION_STORE_01775,13190032,공항서점,울산 북구 송정동  522,울산,,35.558325,129.36018,pension,265,second,2,,2026-04-26T11:25:34.853693,2026-04-26T11:25:34.853693,1
PENSION_STORE_01776,14100751,태흥금방,경기 의정부시 가능동  668-10,경기,자동,37.743549,127.03501,pension,265,first,1,,2026-04-26T11:25:34.853693,2026-04-26T11:25:34.853693,1
PENSION_STORE_01777,14110258,가두 판매소,경기 안양시 동안구 관양동 관양동 1446-2,경기,,37.403249,126.960207,pension,265,second,2,,2026-04-26T11:25:34.853693,2026-04-26T11:25:34.853693,1
PENSION_STORE_01778,14100386,동아슈퍼마켓,경기 안산시 단원구 원곡동 748-6,경기,자동,37.331136,126.793143,pension,265,first,1,,2026-04-26T11:25:34.853693,2026-04-26T11:25:34.853693,1
PENSION_STORE_01779,14100401,미니슈퍼,경기 수원시 영통구 영통동 영통동 1024-7 영통빌딩 1080,경기,,37.247971,127.07709,pension,265,second,2,,2026-04-26T11:25:34.853693,2026-04-26T11:25:34.853693,1
PENSION_STORE_01780,14100689,드림복권방,경기 남양주시 와부읍 덕소리 덕소리 481-7,경기,,37.647554,127.12373,pension,265,second,2,,2026-04-26T11:25:34.853693,2026-04-26T11:25:34.853693,1
PENSION_STORE_01781,14210083,청솔로또,강원 강릉시 성남동  100-1,강원,,37.752378,128.89718,pension,265,second,2,,2026-04-26T11:25:34.853693,2026-04-26T11:25:34.853693,1
PENSION_STORE_01782,14300042,승일유통,충북 청주시 흥덕구 봉명동 봉명동 200-14번지,충북,자동,36.638314,127.45376,pension,265,first,1,,2026-04-26T11:25:34.853693,2026-04-26T11:25:34.853693,1
PENSION_STORE_01783,14510008,로또복권방,전북 익산시 부송동  1042-17,전북,,35.954008,126.9932,pension,265,second,2,,2026-04-26T11:25:34.853693,2026-04-26T11:25:34.853693,1
PENSION_STORE_01784,14700165,영화마을 흥해점,경북 포항시 북구 흥해읍 흥해읍 249,경북,,36.107961,129.34514,pension,265,second,2,,2026-04-26T11:25:34.853693,2026-04-26T11:25:34.853693,1
PENSION_STORE_01785,14710088,에버빌마트,경북 안동시 정하동  240-2,경북,자동,36.550444,128.73057,pension,265,first,1,,2026-04-26T11:25:34.853693,2026-04-26T11:25:34.853693,1
PENSION_STORE_01786,11101519,태원정보통신,서울 중랑구 상봉2동  88-75,서울,,37.595434,127.08967,pension,264,second,2,,2026-04-26T11:25:36.720021,2026-04-26T11:25:36.720021,1
PENSION_STORE_01787,11100838,동대문1번출구 가판65,서울 종로구 창신동  560,서울,,37.57201,127.01117,pension,264,second,2,,2026-04-26T11:25:36.720021,2026-04-26T11:25:36.720021,1
PENSION_STORE_01788,11100784,마천할인마트,서울 송파구 마천1동  178-85,서울,,37.496592,127.15209,pension,264,second,2,,2026-04-26T11:25:36.720021,2026-04-26T11:25:36.720021,1
PENSION_STORE_01789,11110250,행운복권,서울 노원구 공릉동  617-2,서울,,37.619614,127.075321,pension,264,second,2,,2026-04-26T11:25:36.720021,2026-04-26T11:25:36.720021,1
PENSION_STORE_01790,21100007,C-Space 신림녹두,서울 관악구 신림9동  240-3  밀라트빌딩,서울,수동,37.486573,126.912983,pension,264,first,1,,2026-04-26T11:25:36.720021,2026-04-26T11:25:36.720021,1
PENSION_STORE_01791,11101165,가로판매점,서울 강동구 길동  458-5,서울,,37.534929,127.13853,pension,264,second,2,,2026-04-26T11:25:36.720021,2026-04-26T11:25:36.720021,1
PENSION_STORE_01792,12610014,신평로또복권방,부산 사하구 신평동  135-9,부산,,35.093316,128.97398,pension,264,second,2,,2026-04-26T11:25:36.720021,2026-04-26T11:25:36.720021,1
PENSION_STORE_01793,12600057,천하명당초량점,부산 동구 초량3동  145-13,부산,자동,35.11688,129.0401,pension,264,first,1,,2026-04-26T11:25:36.720021,2026-04-26T11:25:36.720021,1
PENSION_STORE_01794,12690043,미니스톱기장점,부산 기장군 기장읍  동부리162-20,부산,자동,35.243881,129.21651,pension,264,first,1,,2026-04-26T11:25:36.720021,2026-04-26T11:25:36.720021,1
PENSION_STORE_01795,12700045,복권명당,대구 수성구 수성동1가  217-4,대구,,35.855682,128.61344,pension,264,second,2,,2026-04-26T11:25:36.720021,2026-04-26T11:25:36.720021,1
PENSION_STORE_01796,12700045,복권명당,대구 수성구 수성동1가  217-4,대구,,35.855682,128.61344,pension,264,second,2,,2026-04-26T11:25:36.720021,2026-04-26T11:25:36.720021,1
PENSION_STORE_01797,12700045,복권명당,대구 수성구 수성동1가  217-4,대구,,35.855682,128.61344,pension,264,second,2,,2026-04-26T11:25:36.720021,2026-04-26T11:25:36.720021,1
PENSION_STORE_01798,12700045,복권명당,대구 수성구 수성동1가  217-4,대구,수동,35.855682,128.61344,pension,264,first,1,,2026-04-26T11:25:36.720021,2026-04-26T11:25:36.720021,1
PENSION_STORE_01799,12890070,인천네트워크,인천 남동구 도림동  248-5 12블록5롯트 102,인천,,37.419807,126.72992,pension,264,second,2,,2026-04-26T11:25:36.720021,2026-04-26T11:25:36.720021,1
PENSION_STORE_01800,12910077,베로나로또,광주 남구 진월동  291-4,광주,,35.122723,126.913177,pension,264,second,2,,2026-04-26T11:25:36.720021,2026-04-26T11:25:36.720021,1
PENSION_STORE_01801,13000170,목동행운복권방,대전 중구 목동  5-15번지,대전,,36.333656,127.411976,pension,264,second,2,,2026-04-26T11:25:36.720021,2026-04-26T11:25:36.720021,1
PENSION_STORE_01802,24100327,GS25(신갈주공),경기 용인시 기흥읍 신갈리 신갈리 712 예림프라자 104,경기,,37.289072,127.111624,pension,264,second,2,,2026-04-26T11:25:36.720021,2026-04-26T11:25:36.720021,1
PENSION_STORE_01803,14100435,포유25다농점,경기 오산시 오산동  924-1 거성그린프라자 114,경기,,37.149663,127.075403,pension,264,second,2,,2026-04-26T11:25:36.720021,2026-04-26T11:25:36.720021,1
PENSION_STORE_01804,14110272,당첨로또복권,경기 안양시 동안구 호계3동 859-13,경기,수동,37.362004,126.96251,pension,264,first,1,,2026-04-26T11:25:36.720021,2026-04-26T11:25:36.720021,1
PENSION_STORE_01805,14110527,로또복권방,경기 시흥시 대야동  568-2 AC 빌딩 101,경기,,37.447242,126.791812,pension,264,second,2,,2026-04-26T11:25:36.720021,2026-04-26T11:25:36.720021,1
PENSION_STORE_01806,14110067,대박로또판매점,경기 수원시 장안구 율전동 율전동 291  1층 3호,경기,,37.298719,126.97125,pension,264,second,2,,2026-04-26T11:25:36.720021,2026-04-26T11:25:36.720021,1
PENSION_STORE_01807,14190192,대박나라,경기 부천시 오정구 원종동 원종동 280-1 106호,경기,,37.523879,126.805217,pension,264,second,2,,2026-04-26T11:25:36.720021,2026-04-26T11:25:36.720021,1
PENSION_STORE_01808,24100214,훼미리마트(군포덕산),경기 군포시 당동  902 덕산상가 1층,경기,,37.348972,126.945221,pension,264,second,2,,2026-04-26T11:25:36.720021,2026-04-26T11:25:36.720021,1
PENSION_STORE_01809,14100049,LG슈퍼,경기 광명시 철산동  163번지,경기,자동,37.481058,126.86336,pension,264,first,1,,2026-04-26T11:25:36.720021,2026-04-26T11:25:36.720021,1
PENSION_STORE_01810,14100458,데이앤나잇,경기 고양시 덕양구 주교동 주교동 578-2,경기,,37.649616,126.87553,pension,264,second,2,,2026-04-26T11:25:36.720021,2026-04-26T11:25:36.720021,1
PENSION_STORE_01811,14290013,복권나라,강원 원주시 태장동  1367-2,강원,,37.385082,127.94791,pension,264,second,2,,2026-04-26T11:25:36.720021,2026-04-26T11:25:36.720021,1
PENSION_STORE_01812,14310039,로또복권,충북 청주시 상당구 율량동 사천동 412-6 1+24편의점,충북,,36.660949,127.47641,pension,264,second,2,,2026-04-26T11:25:36.720021,2026-04-26T11:25:36.720021,1
PENSION_STORE_01813,14310034,오창중앙복권,충북 청원군 오창읍 양청리 양청리 793-5     204호,충북,,36.715075,127.428939,pension,264,second,2,,2026-04-26T11:25:36.720021,2026-04-26T11:25:36.720021,1
PENSION_STORE_01814,14410010,대박나라복권방,충남 아산시 신창면 읍내리 읍내리 292-2,충남,,36.777366,126.93444,pension,264,second,2,,2026-04-26T11:25:36.720021,2026-04-26T11:25:36.720021,1
PENSION_STORE_01815,14500097,사랑슈퍼,전북 익산시 남중동  36-47,전북,,35.95013,126.957537,pension,264,second,2,,2026-04-26T11:25:36.720021,2026-04-26T11:25:36.720021,1
PENSION_STORE_01816,14500142,모현로또방,전북 익산시 모현동1가  297-42,전북,,35.946841,126.94358,pension,264,second,2,,2026-04-26T11:25:36.720021,2026-04-26T11:25:36.720021,1
PENSION_STORE_01817,14610003,일레분문수점,전남 여수시 문수동  191,전남,,34.724235,127.70812,pension,264,second,2,,2026-04-26T11:25:36.720021,2026-04-26T11:25:36.720021,1
PENSION_STORE_01818,14610085,제철로또대리점,전남 광양시 태인동  303-45,전남,수동,34.935433,127.69425,pension,264,first,1,,2026-04-26T11:25:36.720021,2026-04-26T11:25:36.720021,1
PENSION_STORE_01819,14710111,다원마트,경북 김천시 지좌동  440-159,경북,,36.119242,128.14355,pension,264,second,2,,2026-04-26T11:25:36.720021,2026-04-26T11:25:36.720021,1
PENSION_STORE_01820,11190007,복권나라,서울 성동구 용답동  14-1 1층,서울,,37.564452,127.05385,pension,263,second,2,,2026-04-26T11:25:38.577002,2026-04-26T11:25:38.577002,1
PENSION_STORE_01821,11110312,-,서울 서초구 서초동  1591-3 탑스벤처빌딩 1층 서초마트내,서울,자동,37.487112,127.01316,pension,263,first,1,,2026-04-26T11:25:38.577002,2026-04-26T11:25:38.577002,1
PENSION_STORE_01822,11100591,세진마트,서울 마포구 상수동  323-1,서울,,37.55566,126.934011,pension,263,second,2,,2026-04-26T11:25:38.577002,2026-04-26T11:25:38.577002,1
PENSION_STORE_01823,11190078,대박나라,서울 마포구 신공덕동  24-20외 1필지,서울,,37.557485,126.90627,pension,263,second,2,,2026-04-26T11:25:38.577002,2026-04-26T11:25:38.577002,1
PENSION_STORE_01824,21100403,GS25(관악한일),서울 관악구 남현동  602-11 한일빌딩 1층,서울,자동,37.473975,126.981314,pension,263,first,1,,2026-04-26T11:25:38.577002,2026-04-26T11:25:38.577002,1
PENSION_STORE_01825,11101694,성모마트,서울 강남구 역삼동  813,서울,,37.502802,127.02634,pension,263,second,2,,2026-04-26T11:25:38.577002,2026-04-26T11:25:38.577002,1
PENSION_STORE_01826,12610045,왕대박로또방,부산 해운대구 좌동  998-7 1층,부산,자동,35.160866,129.155454,pension,263,first,1,,2026-04-26T11:25:38.577002,2026-04-26T11:25:38.577002,1
PENSION_STORE_01827,12600274,청솔서점,부산 사하구 신평동  589-5,부산,,35.098818,128.95895,pension,263,second,2,,2026-04-26T11:25:38.577002,2026-04-26T11:25:38.577002,1
PENSION_STORE_01828,12700162,자유극장옆토큰판매소,대구 중구 화전동  36번지도로,대구,,35.872857,128.594528,pension,263,second,2,,2026-04-26T11:25:38.577002,2026-04-26T11:25:38.577002,1
PENSION_STORE_01829,12800156,하나편의점,인천 남동구 만수5동  906-2,인천,자동,37.455931,126.72197,pension,263,first,1,,2026-04-26T11:25:38.577002,2026-04-26T11:25:38.577002,1
PENSION_STORE_01830,12800020,대농슈퍼,인천 남구 주안5동  15-2,인천,,37.467999,126.68063,pension,263,second,2,,2026-04-26T11:25:38.577002,2026-04-26T11:25:38.577002,1
PENSION_STORE_01831,12810135,로또주안점,인천 남구 숭의동  408-7,인천,,37.462997,126.64097,pension,263,second,2,,2026-04-26T11:25:38.577002,2026-04-26T11:25:38.577002,1
PENSION_STORE_01832,12800209,홈돌이로또,인천 계양구 작전동  448-7,인천,,37.545475,126.73872,pension,263,second,2,,2026-04-26T11:25:38.577002,2026-04-26T11:25:38.577002,1
PENSION_STORE_01833,13000036,진플러스안경,대전 중구 부사동  153-20번지,대전,,36.312805,127.43504,pension,263,second,2,,2026-04-26T11:25:38.577002,2026-04-26T11:25:38.577002,1
PENSION_STORE_01834,13190023,천하명당,울산 중구 학산동  90-10,울산,,35.560471,129.350067,pension,263,second,2,,2026-04-26T11:25:38.577002,2026-04-26T11:25:38.577002,1
PENSION_STORE_01835,13190004,천하복권방,울산 동구 전하동  618-8,울산,,35.512426,129.42749,pension,263,second,2,,2026-04-26T11:25:38.577002,2026-04-26T11:25:38.577002,1
PENSION_STORE_01836,14110554,로또,경기 포천시 영중면 양문리 양문리 770-2,경기,,38.001739,127.242858,pension,263,second,2,,2026-04-26T11:25:38.577002,2026-04-26T11:25:38.577002,1
PENSION_STORE_01837,24100152,훼미리(의정부호원),경기 의정부시 호원동  442-3 화설프라자 1층,경기,,37.716359,127.047488,pension,263,second,2,,2026-04-26T11:25:38.577002,2026-04-26T11:25:38.577002,1
PENSION_STORE_01838,14100761,크라운베이커리,경기 의정부시 용현동  230-15,경기,,37.725824,127.04916,pension,263,second,2,,2026-04-26T11:25:38.577002,2026-04-26T11:25:38.577002,1
PENSION_STORE_01839,14110435,행운주는로또판매,경기 안산시 단원구 초지동 초지동 735-4 태영프라자 105호,경기,,37.306737,126.81511,pension,263,second,2,,2026-04-26T11:25:38.577002,2026-04-26T11:25:38.577002,1
PENSION_STORE_01840,24100239,GS25(수원행복),경기 수원시 영통구 영통동 영통동 974-6 세일빌딩111,경기,,37.24678,127.060752,pension,263,second,2,,2026-04-26T11:25:38.577002,2026-04-26T11:25:38.577002,1
PENSION_STORE_01841,14110044,로또까르푸오리점,경기 성남시 분당구 구미동 구미동 159 한국까르푸오리점 B1F,경기,,37.395513,127.113627,pension,263,second,2,,2026-04-26T11:25:38.577002,2026-04-26T11:25:38.577002,1
PENSION_STORE_01842,14110045,미래복권닷컴,경기 성남시 분당구 서현동 서현동 312-2,경기,,37.37122,127.13987,pension,263,second,2,,2026-04-26T11:25:38.577002,2026-04-26T11:25:38.577002,1
PENSION_STORE_01843,14110192,로또,경기 김포시 사우동  872 청원프라자 107,경기,자동,37.622422,126.721745,pension,263,first,1,,2026-04-26T11:25:38.577002,2026-04-26T11:25:38.577002,1
PENSION_STORE_01844,14100463,예스24,경기 고양시 덕양구 화정동 화정동 977 밀레니엄타워105,경기,자동,37.632136,126.833059,pension,263,first,1,,2026-04-26T11:25:38.577002,2026-04-26T11:25:38.577002,1
PENSION_STORE_01845,14200098,복권가판,강원 춘천시 중앙로2가  27 주택은행 앞,강원,,37.879219,127.72668,pension,263,second,2,,2026-04-26T11:25:38.577002,2026-04-26T11:25:38.577002,1
PENSION_STORE_01846,14310015,백억복권 효성점,충북 청주시 흥덕구 비하동 비하동 308-4,충북,,36.607447,127.4893,pension,263,second,2,,2026-04-26T11:25:38.577002,2026-04-26T11:25:38.577002,1
PENSION_STORE_01847,14410087,서산휴게소(하)판매,충남 서산시 해미면 삼송리 삼송리 119,충남,,36.761435,126.45469,pension,263,second,2,,2026-04-26T11:25:38.577002,2026-04-26T11:25:38.577002,1
PENSION_STORE_01848,14510104,팡팡로또복권,전북 김제시 요촌동  산12-25,전북,,35.804556,126.885693,pension,263,second,2,,2026-04-26T11:25:38.577002,2026-04-26T11:25:38.577002,1
PENSION_STORE_01849,14500025,천하명당산북점,전북 군산시 산북동  3541-10,전북,,35.967596,126.68426,pension,263,second,2,,2026-04-26T11:25:38.577002,2026-04-26T11:25:38.577002,1
PENSION_STORE_01850,14600070,북부상회,전남 광양시 광양읍 칠성리 칠성리 901-2,전남,,34.979312,127.58304,pension,263,second,2,,2026-04-26T11:25:38.577002,2026-04-26T11:25:38.577002,1
PENSION_STORE_01851,14710134,썬마트(왜관공단점),경북 칠곡군 왜관읍 금산리 금산리 986-5 주공상가 105호,경북,,35.983375,128.39839,pension,263,second,2,,2026-04-26T11:25:38.577002,2026-04-26T11:25:38.577002,1
PENSION_STORE_01852,14810192,천주산로또,경남 창원시 신촌동  15-12  축산홈마트,경남,,35.208234,128.626486,pension,263,second,2,,2026-04-26T11:25:38.577002,2026-04-26T11:25:38.577002,1
PENSION_STORE_01853,11190127,노다지,서울 중랑구 면목동  74-35,서울,,37.589488,127.091767,pension,262,second,2,,2026-04-26T11:25:40.130821,2026-04-26T11:25:40.130821,1
PENSION_STORE_01854,11101278,샌드빈(SAND BEAN),서울 중구 장충동2가  9-2,서울,,37.561344,127.00559,pension,262,second,2,,2026-04-26T11:25:40.130821,2026-04-26T11:25:40.130821,1
PENSION_STORE_01855,11100369,소망슈퍼,서울 은평구 역촌동  15-1,서울,,37.607584,126.921456,pension,262,second,2,,2026-04-26T11:25:40.130821,2026-04-26T11:25:40.130821,1
PENSION_STORE_01856,11100953,성동구가로판매,서울 성동구 성수동2가  235-1호 앞도로가로판매,서울,,37.537017,127.060701,pension,262,second,2,,2026-04-26T11:25:40.130821,2026-04-26T11:25:40.130821,1
PENSION_STORE_01857,11110464,꽃돼지복권방,서울 동대문구 장안동  361-4,서울,,37.566108,127.068087,pension,262,second,2,,2026-04-26T11:25:40.130821,2026-04-26T11:25:40.130821,1
PENSION_STORE_01858,11100189,복권나라청량리2호점,서울 동대문구 전농2동  622-11,서울,,37.578416,127.050364,pension,262,second,2,,2026-04-26T11:25:40.130821,2026-04-26T11:25:40.130821,1
PENSION_STORE_01859,12610140,행운복권방,부산 부산진구 개금1동  523-5,부산,,35.152103,129.020168,pension,262,second,2,,2026-04-26T11:25:40.130821,2026-04-26T11:25:40.130821,1
PENSION_STORE_01860,12710150,대박로또,대구 북구 고성동2가  112-3 고성아파트상가 101-18,대구,,35.880181,128.582117,pension,262,second,2,,2026-04-26T11:25:40.130821,2026-04-26T11:25:40.130821,1
PENSION_STORE_01861,13000101,O.K마트,대전 중구 은행동  53-27번지,대전,,36.328425,127.428566,pension,262,second,2,,2026-04-26T11:25:40.130821,2026-04-26T11:25:40.130821,1
PENSION_STORE_01862,13000142,현대 LOTTO 복권,대전 중구 유천동  308-23,대전,,36.317479,127.39463,pension,262,second,2,,2026-04-26T11:25:40.130821,2026-04-26T11:25:40.130821,1
PENSION_STORE_01863,13110085,울트라복권방,울산 남구 삼산동  192-1,울산,,35.523354,129.330644,pension,262,second,2,,2026-04-26T11:25:40.130821,2026-04-26T11:25:40.130821,1
PENSION_STORE_01864,13110040,삼성복권방,울산 남구 옥동  1405-21 훼미리마트,울산,,35.541095,129.350749,pension,262,second,2,,2026-04-26T11:25:40.130821,2026-04-26T11:25:40.130821,1
PENSION_STORE_01865,14110553,로또판매점,경기 포천시 신북면 가채리 가채리 23-2,경기,,37.920216,127.22082,pension,262,second,2,,2026-04-26T11:25:40.130821,2026-04-26T11:25:40.130821,1
PENSION_STORE_01866,14110619,태극로또전문점,경기 이천시 창전동  459,경기,자동,37.28156,127.45035,pension,262,first,1,,2026-04-26T11:25:40.130821,2026-04-26T11:25:40.130821,1
PENSION_STORE_01867,14100511,신천가판점,경기 시흥시 신천동  712-10,경기,,37.440999,126.784616,pension,262,second,2,,2026-04-26T11:25:40.130821,2026-04-26T11:25:40.130821,1
PENSION_STORE_01868,14110023,원종슈퍼,경기 부천시 오정구 원종동 원종동 140-3 코아상가 4호,경기,,37.525303,126.799655,pension,262,second,2,,2026-04-26T11:25:40.130821,2026-04-26T11:25:40.130821,1
PENSION_STORE_01869,14100029,Sound Wave,경기 광명시 광명동  150-7,경기,,37.478889,126.856908,pension,262,second,2,,2026-04-26T11:25:40.130821,2026-04-26T11:25:40.130821,1
PENSION_STORE_01870,14210094,대박로또복권,강원 원주시 관설동  1771-6패밀리마트관설에버빌점,강원,자동,37.315323,127.961629,pension,262,first,1,,2026-04-26T11:25:40.130821,2026-04-26T11:25:40.130821,1
PENSION_STORE_01871,14300065,LA25시 편의점,충북 청주시 흥덕구 봉명동 봉명동 969-4번지,충북,,36.639993,127.463624,pension,262,second,2,,2026-04-26T11:25:40.130821,2026-04-26T11:25:40.130821,1
PENSION_STORE_01872,14390019,복권명당,충북 청주시 상당구 용암동 용암동 2099 건영상가 126,충북,,36.608823,127.506272,pension,262,second,2,,2026-04-26T11:25:40.130821,2026-04-26T11:25:40.130821,1
PENSION_STORE_01873,14490006,천하제일 복권 연무,충남 논산시 연무읍 안심리 안심리 1126-36,충남,,36.135473,127.100082,pension,262,second,2,,2026-04-26T11:25:40.130821,2026-04-26T11:25:40.130821,1
PENSION_STORE_01874,14890061,원마트,경남 창원시 용호동  73-2 라이크빌1층 102호,경남,,35.230441,128.680941,pension,262,second,2,,2026-04-26T11:25:40.130821,2026-04-26T11:25:40.130821,1
PENSION_STORE_01875,14800098,세정쇼핑,경남 마산시 내서읍 상곡리 상곡리 16,경남,,35.24357,128.501143,pension,262,second,2,,2026-04-26T11:25:40.130821,2026-04-26T11:25:40.130821,1
