game_store_id,dhlottery_code,store_name,address,region,method,latitude,longitude,lottery_type,round,prize_tier,store_rank,winning_amount,created_at,crawled_at,winning_count
SPEEDLOTTO_500_STORE_00001,74160347,토토마트 (구 편의점사랑),,미상,,,,speedlotto_500,48,first,1,200000000,2026-04-26T12:17:52.328742,2026-04-26T12:17:52.328742,1
SPEEDLOTTO_500_STORE_00002,74760625,CSPACE구미옥계점,,미상,,,,speedlotto_500,48,first,1,200000000,2026-04-26T12:17:52.328742,2026-04-26T12:17:52.328742,1
SPEEDLOTTO_500_STORE_00003,74163706,다우토토샵,,미상,,,,speedlotto_500,48,first,1,200000000,2026-04-26T12:17:52.328742,2026-04-26T12:17:52.328742,1
SPEEDLOTTO_500_STORE_00004,74261788,일등당첨,,미상,,,,speedlotto_500,48,first,1,200000000,2026-04-26T12:17:52.328742,2026-04-26T12:17:52.328742,1
SPEEDLOTTO_500_STORE_00005,72662656,황금복권방,,미상,,,,speedlotto_500,48,first,1,200000000,2026-04-26T12:17:52.328742,2026-04-26T12:17:52.328742,1
SPEEDLOTTO_500_STORE_00006,74660464,드림복권(2호광장),,미상,,,,speedlotto_500,48,first,1,200000000,2026-04-26T12:17:52.328742,2026-04-26T12:17:52.328742,1
SPEEDLOTTO_500_STORE_00007,73160721,또로또,,미상,,,,speedlotto_500,48,first,1,200000000,2026-04-26T12:17:52.328742,2026-04-26T12:17:52.328742,1
SPEEDLOTTO_500_STORE_00008,74166759,GS25이동센터점,,미상,,,,speedlotto_500,48,first,1,200000000,2026-04-26T12:17:52.328742,2026-04-26T12:17:52.328742,1
SPEEDLOTTO_500_STORE_00009,74162803,보물섬복권방,,미상,,,,speedlotto_500,48,first,1,200000000,2026-04-26T12:17:52.328742,2026-04-26T12:17:52.328742,1
SPEEDLOTTO_500_STORE_00010,71162035,천하명당복권방,,미상,,,,speedlotto_500,48,first,1,200000000,2026-04-26T12:17:52.328742,2026-04-26T12:17:52.328742,1
SPEEDLOTTO_500_STORE_00011,73061011,금화로또마트,,미상,,,,speedlotto_500,48,first,1,200000000,2026-04-26T12:17:52.328742,2026-04-26T12:17:52.328742,1
SPEEDLOTTO_500_STORE_00012,72960747,오천억복권방,,미상,,,,speedlotto_500,48,first,1,200000000,2026-04-26T12:17:52.328742,2026-04-26T12:17:52.328742,1
SPEEDLOTTO_500_STORE_00013,74163177,명당골복권방,,미상,,,,speedlotto_500,48,first,1,200000000,2026-04-26T12:17:52.328742,2026-04-26T12:17:52.328742,1
SPEEDLOTTO_500_STORE_00014,72661445,CU사상서부,,미상,,,,speedlotto_500,48,first,1,200000000,2026-04-26T12:17:52.328742,2026-04-26T12:17:52.328742,2
SPEEDLOTTO_500_STORE_00015,74661194,스타복권,,미상,,,,speedlotto_500,48,first,1,200000000,2026-04-26T12:17:52.328742,2026-04-26T12:17:52.328742,1
SPEEDLOTTO_500_STORE_00016,74761757,SE왜관희망점,,미상,,,,speedlotto_500,48,first,1,200000000,2026-04-26T12:17:52.328742,2026-04-26T12:17:52.328742,1
SPEEDLOTTO_500_STORE_00017,74661178,제철로또대리점,,미상,,,,speedlotto_500,48,first,1,200000000,2026-04-26T12:17:52.328742,2026-04-26T12:17:52.328742,1
SPEEDLOTTO_500_STORE_00018,74161285,차부상회,,미상,,,,speedlotto_500,48,first,1,200000000,2026-04-26T12:17:52.328742,2026-04-26T12:17:52.328742,1
SPEEDLOTTO_500_STORE_00019,74360035,복덩어리,,미상,,,,speedlotto_500,48,first,1,200000000,2026-04-26T12:17:52.328742,2026-04-26T12:17:52.328742,1
SPEEDLOTTO_500_STORE_00020,72960008,도울복권,,미상,,,,speedlotto_500,48,first,1,200000000,2026-04-26T12:17:52.328742,2026-04-26T12:17:52.328742,1
SPEEDLOTTO_500_STORE_00021,72860361,프리마트,,미상,,,,speedlotto_500,48,first,1,200000000,2026-04-26T12:17:52.328742,2026-04-26T12:17:52.328742,1
SPEEDLOTTO_500_STORE_00022,73160635,삼우슈퍼,,미상,,,,speedlotto_500,48,first,1,200000000,2026-04-26T12:17:52.328742,2026-04-26T12:17:52.328742,1
SPEEDLOTTO_500_STORE_00023,72860822,복권왕국,,미상,,,,speedlotto_500,48,first,1,200000000,2026-04-26T12:17:52.328742,2026-04-26T12:17:52.328742,1
SPEEDLOTTO_500_STORE_00024,73160368,이마트24삼산본동,,미상,,,,speedlotto_500,48,first,1,200000000,2026-04-26T12:17:52.328742,2026-04-26T12:17:52.328742,1
SPEEDLOTTO_500_STORE_00025,74160255,CU 포천가산점,,미상,,,,speedlotto_500,48,first,1,200000000,2026-04-26T12:17:52.328742,2026-04-26T12:17:52.328742,1
SPEEDLOTTO_500_STORE_00026,72960924,진곡산단로또,,미상,,,,speedlotto_500,48,first,1,200000000,2026-04-26T12:17:52.328742,2026-04-26T12:17:52.328742,1
SPEEDLOTTO_500_STORE_00027,74760798,빙그레마트,,미상,,,,speedlotto_500,48,first,1,200000000,2026-04-26T12:17:52.328742,2026-04-26T12:17:52.328742,1
SPEEDLOTTO_500_STORE_00028,74360026,굿모닝복권방,,미상,,,,speedlotto_500,48,first,1,200000000,2026-04-26T12:17:52.328742,2026-04-26T12:17:52.328742,1
SPEEDLOTTO_500_STORE_00029,74760164,옹천왕대박슈퍼,,미상,,,,speedlotto_500,48,first,1,200000000,2026-04-26T12:17:52.328742,2026-04-26T12:17:52.328742,1
SPEEDLOTTO_500_STORE_00030,72861215,노다지복권방(학익),,미상,,,,speedlotto_500,48,first,1,200000000,2026-04-26T12:17:52.328742,2026-04-26T12:17:52.328742,1
SPEEDLOTTO_500_STORE_00031,71163495,CU 송파한화2호점,,미상,,,,speedlotto_500,48,first,1,200000000,2026-04-26T12:17:52.328742,2026-04-26T12:17:52.328742,1
SPEEDLOTTO_500_STORE_00032,74160110,GS 양주신산점,,미상,,,,speedlotto_500,48,first,1,200000000,2026-04-26T12:17:52.328742,2026-04-26T12:17:52.328742,1
SPEEDLOTTO_500_STORE_00033,74761012,로또훼미리마트왜관점,,미상,,,,speedlotto_500,48,first,1,200000000,2026-04-26T12:17:52.328742,2026-04-26T12:17:52.328742,1
SPEEDLOTTO_500_STORE_00034,99999990,미확인 판매점 ,,미상,,,,speedlotto_500,48,first,1,200000000,2026-04-26T12:17:52.328742,2026-04-26T12:17:52.328742,1
SPEEDLOTTO_500_STORE_00035,74460619,GS25봉명희망점,,미상,,,,speedlotto_500,48,first,1,200000000,2026-04-26T12:17:52.328742,2026-04-26T12:17:52.328742,1
SPEEDLOTTO_500_STORE_00036,72960633,채널Q24시로또주월점,,미상,,,,speedlotto_500,48,first,1,200000000,2026-04-26T12:17:52.328742,2026-04-26T12:17:52.328742,1
SPEEDLOTTO_500_STORE_00037,74162879,CU 안산이동제일점,,미상,,,,speedlotto_500,48,first,1,200000000,2026-04-26T12:17:52.328742,2026-04-26T12:17:52.328742,1
SPEEDLOTTO_500_STORE_00038,74861498,채널큐,,미상,,,,speedlotto_500,48,first,1,400000000,2026-04-26T12:17:52.328742,2026-04-26T12:17:52.328742,1
SPEEDLOTTO_500_STORE_00039,74860026,미니스톱 평산점,,미상,,,,speedlotto_500,48,first,1,400000000,2026-04-26T12:17:52.328742,2026-04-26T12:17:52.328742,1
SPEEDLOTTO_500_STORE_00040,72760607,대백마트,,미상,,,,speedlotto_500,48,first,1,200000000,2026-04-26T12:17:52.328742,2026-04-26T12:17:52.328742,1
SPEEDLOTTO_500_STORE_00041,71161288,세븐일레븐,,미상,,,,speedlotto_500,48,first,1,200000000,2026-04-26T12:17:52.328742,2026-04-26T12:17:52.328742,1
SPEEDLOTTO_500_STORE_00042,74163134,CU 구운선경점,,미상,,,,speedlotto_500,48,first,1,200000000,2026-04-26T12:17:52.328742,2026-04-26T12:17:52.328742,1
SPEEDLOTTO_500_STORE_00043,74163861,ANY로또,,미상,,,,speedlotto_500,48,first,1,200000000,2026-04-26T12:17:52.328742,2026-04-26T12:17:52.328742,1
SPEEDLOTTO_500_STORE_00044,71163684,스포츠베팅샵,,미상,,,,speedlotto_500,48,first,1,200000000,2026-04-26T12:17:52.328742,2026-04-26T12:17:52.328742,1
SPEEDLOTTO_500_STORE_00045,74260737,복권뱅크,,미상,,,,speedlotto_500,48,first,1,200000000,2026-04-26T12:17:52.328742,2026-04-26T12:17:52.328742,1
SPEEDLOTTO_500_STORE_00046,74860113,창원25시슈퍼(24시로또복권),,미상,,,,speedlotto_500,48,first,1,200000000,2026-04-26T12:17:52.328742,2026-04-26T12:17:52.328742,1
SPEEDLOTTO_500_STORE_00047,71160248,복마니복권방,,미상,,,,speedlotto_500,48,first,1,200000000,2026-04-26T12:17:52.328742,2026-04-26T12:17:52.328742,1
SPEEDLOTTO_500_STORE_00048,74860442,운동장마트,,미상,,,,speedlotto_500,48,first,1,200000000,2026-04-26T12:17:52.328742,2026-04-26T12:17:52.328742,1
SPEEDLOTTO_500_STORE_00049,71160111,복권나라,,미상,,,,speedlotto_500,48,first,1,200000000,2026-04-26T12:17:52.328742,2026-04-26T12:17:52.328742,1
SPEEDLOTTO_500_STORE_00050,74660663,CU목포비파점,,미상,,,,speedlotto_500,48,first,1,200000000,2026-04-26T12:17:52.328742,2026-04-26T12:17:52.328742,1
SPEEDLOTTO_500_STORE_00051,73060444,씨스페이스유성신우점,,미상,,,,speedlotto_500,48,first,1,200000000,2026-04-26T12:17:52.328742,2026-04-26T12:17:52.328742,1
SPEEDLOTTO_500_STORE_00052,74162956,세븐일레븐 안산고잔금강점,,미상,,,,speedlotto_500,48,first,1,200000000,2026-04-26T12:17:52.328742,2026-04-26T12:17:52.328742,1
SPEEDLOTTO_500_STORE_00053,74960026,하나슈퍼,,미상,,,,speedlotto_500,48,first,1,200000000,2026-04-26T12:17:52.328742,2026-04-26T12:17:52.328742,1
SPEEDLOTTO_500_STORE_00054,71161818,CU,,미상,,,,speedlotto_500,48,first,1,200000000,2026-04-26T12:17:52.328742,2026-04-26T12:17:52.328742,1
SPEEDLOTTO_500_STORE_00055,74163317,명진슈퍼,,미상,,,,speedlotto_500,48,first,1,200000000,2026-04-26T12:17:52.328742,2026-04-26T12:17:52.328742,1
SPEEDLOTTO_500_STORE_00056,71164520,양천24,,미상,,,,speedlotto_500,48,first,1,200000000,2026-04-26T12:17:52.328742,2026-04-26T12:17:52.328742,1
SPEEDLOTTO_500_STORE_00057,74163911,복권방,,미상,,,,speedlotto_500,48,first,1,200000000,2026-04-26T12:17:52.328742,2026-04-26T12:17:52.328742,1
SPEEDLOTTO_500_STORE_00058,71160627,세븐일레븐,,미상,,,,speedlotto_500,48,first,1,200000000,2026-04-26T12:17:52.328742,2026-04-26T12:17:52.328742,1
SPEEDLOTTO_500_STORE_00059,74260514,편의점,,미상,,,,speedlotto_500,48,first,1,200000000,2026-04-26T12:17:52.328742,2026-04-26T12:17:52.328742,1
SPEEDLOTTO_500_STORE_00060,74860121,복권방,,미상,,,,speedlotto_500,48,first,1,200000000,2026-04-26T12:17:52.328742,2026-04-26T12:17:52.328742,1
SPEEDLOTTO_500_STORE_00061,72660480,복권천국 복권방,,미상,,,,speedlotto_500,48,first,1,200000000,2026-04-26T12:17:52.328742,2026-04-26T12:17:52.328742,1
SPEEDLOTTO_500_STORE_00062,74460132,편의점,,미상,,,,speedlotto_500,48,first,1,200000000,2026-04-26T12:17:52.328742,2026-04-26T12:17:52.328742,1
SPEEDLOTTO_500_STORE_00063,71162726,가판대,,미상,,,,speedlotto_500,48,first,1,200000000,2026-04-26T12:17:52.328742,2026-04-26T12:17:52.328742,1
SPEEDLOTTO_500_STORE_00064,71162617,편의점,,미상,,,,speedlotto_500,48,first,1,200000000,2026-04-26T12:17:52.328742,2026-04-26T12:17:52.328742,1
SPEEDLOTTO_500_STORE_00065,71161756,복권방,,미상,,,,speedlotto_500,48,first,1,200000000,2026-04-26T12:17:52.328742,2026-04-26T12:17:52.328742,1
SPEEDLOTTO_500_STORE_00066,73160068,우리들 편의점 서부점,,미상,,,,speedlotto_500,48,first,1,200000000,2026-04-26T12:17:52.328742,2026-04-26T12:17:52.328742,1
SPEEDLOTTO_500_STORE_00067,74860224,슈퍼마켓,,미상,,,,speedlotto_500,48,first,1,200000000,2026-04-26T12:17:52.328742,2026-04-26T12:17:52.328742,1
SPEEDLOTTO_500_STORE_00068,74162739,복권방,,미상,,,,speedlotto_500,48,first,1,200000000,2026-04-26T12:17:52.328742,2026-04-26T12:17:52.328742,1
SPEEDLOTTO_500_STORE_00069,74162534,편의점,,미상,,,,speedlotto_500,48,first,1,200000000,2026-04-26T12:17:52.328742,2026-04-26T12:17:52.328742,1
SPEEDLOTTO_500_STORE_00070,74260488,제일복권,,미상,,,,speedlotto_500,48,first,1,200000000,2026-04-26T12:17:52.328742,2026-04-26T12:17:52.328742,1
SPEEDLOTTO_500_STORE_00071,74260444,복권방,,미상,,,,speedlotto_500,48,first,1,200000000,2026-04-26T12:17:52.328742,2026-04-26T12:17:52.328742,1
SPEEDLOTTO_500_STORE_00072,72863021,수퍼마켓,,미상,,,,speedlotto_500,48,first,1,200000000,2026-04-26T12:17:52.328742,2026-04-26T12:17:52.328742,1
SPEEDLOTTO_500_STORE_00073,74160427,만물복권방,,미상,,,,speedlotto_500,48,first,1,200000000,2026-04-26T12:17:52.328742,2026-04-26T12:17:52.328742,1
SPEEDLOTTO_500_STORE_00074,74861125,편의점,,미상,,,,speedlotto_500,48,first,1,200000000,2026-04-26T12:17:52.328742,2026-04-26T12:17:52.328742,1
SPEEDLOTTO_500_STORE_00075,71160697,가판,,미상,,,,speedlotto_500,48,first,1,200000000,2026-04-26T12:17:52.328742,2026-04-26T12:17:52.328742,1
SPEEDLOTTO_500_STORE_00076,74861027,수퍼마켓,,미상,,,,speedlotto_500,48,first,1,200000000,2026-04-26T12:17:52.328742,2026-04-26T12:17:52.328742,1
SPEEDLOTTO_500_STORE_00077,74460594,수퍼마켓,,미상,,,,speedlotto_500,48,first,1,200000000,2026-04-26T12:17:52.328742,2026-04-26T12:17:52.328742,1
SPEEDLOTTO_500_STORE_00078,74560222,편의점,,미상,,,,speedlotto_500,48,first,1,200000000,2026-04-26T12:17:52.328742,2026-04-26T12:17:52.328742,1
SPEEDLOTTO_500_STORE_00079,74860491,편의점,,미상,,,,speedlotto_500,48,first,1,200000000,2026-04-26T12:17:52.328742,2026-04-26T12:17:52.328742,1
SPEEDLOTTO_500_STORE_00080,74164096,복권방,,미상,,,,speedlotto_500,48,first,1,200000000,2026-04-26T12:17:52.328742,2026-04-26T12:17:52.328742,1
SPEEDLOTTO_500_STORE_00081,73060537,원마트 편의점,,미상,,,,speedlotto_500,48,first,1,200000000,2026-04-26T12:17:52.328742,2026-04-26T12:17:52.328742,1
SPEEDLOTTO_500_STORE_00082,74660195,복권방,,미상,,,,speedlotto_500,48,first,1,200000000,2026-04-26T12:17:52.328742,2026-04-26T12:17:52.328742,1
SPEEDLOTTO_500_STORE_00083,74860751,미니스톱,,미상,,,,speedlotto_500,48,first,1,200000000,2026-04-26T12:17:52.328742,2026-04-26T12:17:52.328742,1
SPEEDLOTTO_500_STORE_00084,72660051,편의점,,미상,,,,speedlotto_500,48,first,1,200000000,2026-04-26T12:17:52.328742,2026-04-26T12:17:52.328742,1
SPEEDLOTTO_500_STORE_00085,71163551,슈퍼,,미상,,,,speedlotto_500,48,first,1,200000000,2026-04-26T12:17:52.328742,2026-04-26T12:17:52.328742,1
SPEEDLOTTO_500_STORE_00086,71161183,가판,,미상,,,,speedlotto_500,48,first,1,200000000,2026-04-26T12:17:52.328742,2026-04-26T12:17:52.328742,1
SPEEDLOTTO_500_STORE_00087,71164341,복권방,,미상,,,,speedlotto_500,48,first,1,200000000,2026-04-26T12:17:52.328742,2026-04-26T12:17:52.328742,1
SPEEDLOTTO_500_STORE_00088,73160111,우리들 편의점 서부점,,미상,,,,speedlotto_500,48,first,1,200000000,2026-04-26T12:17:52.328742,2026-04-26T12:17:52.328742,1
SPEEDLOTTO_500_STORE_00089,72960822,편의점,,미상,,,,speedlotto_500,48,first,1,200000000,2026-04-26T12:17:52.328742,2026-04-26T12:17:52.328742,1
SPEEDLOTTO_500_STORE_00090,74162947,편의점,,미상,,,,speedlotto_500,48,first,1,200000000,2026-04-26T12:17:52.328742,2026-04-26T12:17:52.328742,1
SPEEDLOTTO_500_STORE_00091,72660156,복권방,,미상,,,,speedlotto_500,48,first,1,200000000,2026-04-26T12:17:52.328742,2026-04-26T12:17:52.328742,1
SPEEDLOTTO_500_STORE_00092,74160347,토토마트 (구 편의점사랑),,미상,,,,speedlotto_500,47,first,1,200000000,2026-04-26T12:17:54.196191,2026-04-26T12:17:54.196191,1
SPEEDLOTTO_500_STORE_00093,74760625,CSPACE구미옥계점,,미상,,,,speedlotto_500,47,first,1,200000000,2026-04-26T12:17:54.197192,2026-04-26T12:17:54.197192,1
SPEEDLOTTO_500_STORE_00094,74163706,다우토토샵,,미상,,,,speedlotto_500,47,first,1,200000000,2026-04-26T12:17:54.197192,2026-04-26T12:17:54.197192,1
SPEEDLOTTO_500_STORE_00095,74261788,일등당첨,,미상,,,,speedlotto_500,47,first,1,200000000,2026-04-26T12:17:54.197192,2026-04-26T12:17:54.197192,1
SPEEDLOTTO_500_STORE_00096,72662656,황금복권방,,미상,,,,speedlotto_500,47,first,1,200000000,2026-04-26T12:17:54.197192,2026-04-26T12:17:54.197192,1
SPEEDLOTTO_500_STORE_00097,74660464,드림복권(2호광장),,미상,,,,speedlotto_500,47,first,1,200000000,2026-04-26T12:17:54.197192,2026-04-26T12:17:54.197192,1
SPEEDLOTTO_500_STORE_00098,73160721,또로또,,미상,,,,speedlotto_500,47,first,1,200000000,2026-04-26T12:17:54.197192,2026-04-26T12:17:54.197192,1
SPEEDLOTTO_500_STORE_00099,74166759,GS25이동센터점,,미상,,,,speedlotto_500,47,first,1,200000000,2026-04-26T12:17:54.197192,2026-04-26T12:17:54.197192,1
SPEEDLOTTO_500_STORE_00100,74162803,보물섬복권방,,미상,,,,speedlotto_500,47,first,1,200000000,2026-04-26T12:17:54.197192,2026-04-26T12:17:54.197192,1
SPEEDLOTTO_500_STORE_00101,71162035,천하명당복권방,,미상,,,,speedlotto_500,47,first,1,200000000,2026-04-26T12:17:54.197192,2026-04-26T12:17:54.197192,1
SPEEDLOTTO_500_STORE_00102,73061011,금화로또마트,,미상,,,,speedlotto_500,47,first,1,200000000,2026-04-26T12:17:54.197192,2026-04-26T12:17:54.197192,1
SPEEDLOTTO_500_STORE_00103,72960747,오천억복권방,,미상,,,,speedlotto_500,47,first,1,200000000,2026-04-26T12:17:54.197192,2026-04-26T12:17:54.197192,1
SPEEDLOTTO_500_STORE_00104,74163177,명당골복권방,,미상,,,,speedlotto_500,47,first,1,200000000,2026-04-26T12:17:54.197192,2026-04-26T12:17:54.197192,1
SPEEDLOTTO_500_STORE_00105,72661445,CU사상서부,,미상,,,,speedlotto_500,47,first,1,200000000,2026-04-26T12:17:54.197192,2026-04-26T12:17:54.197192,2
SPEEDLOTTO_500_STORE_00106,74661194,스타복권,,미상,,,,speedlotto_500,47,first,1,200000000,2026-04-26T12:17:54.197192,2026-04-26T12:17:54.197192,1
SPEEDLOTTO_500_STORE_00107,74761757,SE왜관희망점,,미상,,,,speedlotto_500,47,first,1,200000000,2026-04-26T12:17:54.197192,2026-04-26T12:17:54.197192,1
SPEEDLOTTO_500_STORE_00108,74661178,제철로또대리점,,미상,,,,speedlotto_500,47,first,1,200000000,2026-04-26T12:17:54.197192,2026-04-26T12:17:54.197192,1
SPEEDLOTTO_500_STORE_00109,74161285,차부상회,,미상,,,,speedlotto_500,47,first,1,200000000,2026-04-26T12:17:54.197192,2026-04-26T12:17:54.197192,1
SPEEDLOTTO_500_STORE_00110,74360035,복덩어리,,미상,,,,speedlotto_500,47,first,1,200000000,2026-04-26T12:17:54.197192,2026-04-26T12:17:54.197192,1
SPEEDLOTTO_500_STORE_00111,72960008,도울복권,,미상,,,,speedlotto_500,47,first,1,200000000,2026-04-26T12:17:54.197192,2026-04-26T12:17:54.197192,1
SPEEDLOTTO_500_STORE_00112,72860361,프리마트,,미상,,,,speedlotto_500,47,first,1,200000000,2026-04-26T12:17:54.197192,2026-04-26T12:17:54.197192,1
SPEEDLOTTO_500_STORE_00113,73160635,삼우슈퍼,,미상,,,,speedlotto_500,47,first,1,200000000,2026-04-26T12:17:54.197192,2026-04-26T12:17:54.197192,1
SPEEDLOTTO_500_STORE_00114,72860822,복권왕국,,미상,,,,speedlotto_500,47,first,1,200000000,2026-04-26T12:17:54.197192,2026-04-26T12:17:54.197192,1
SPEEDLOTTO_500_STORE_00115,73160368,이마트24삼산본동,,미상,,,,speedlotto_500,47,first,1,200000000,2026-04-26T12:17:54.197192,2026-04-26T12:17:54.197192,1
SPEEDLOTTO_500_STORE_00116,74160255,CU 포천가산점,,미상,,,,speedlotto_500,47,first,1,200000000,2026-04-26T12:17:54.197192,2026-04-26T12:17:54.197192,1
SPEEDLOTTO_500_STORE_00117,72960924,진곡산단로또,,미상,,,,speedlotto_500,47,first,1,200000000,2026-04-26T12:17:54.197192,2026-04-26T12:17:54.197192,1
SPEEDLOTTO_500_STORE_00118,74760798,빙그레마트,,미상,,,,speedlotto_500,47,first,1,200000000,2026-04-26T12:17:54.197192,2026-04-26T12:17:54.197192,1
SPEEDLOTTO_500_STORE_00119,74360026,굿모닝복권방,,미상,,,,speedlotto_500,47,first,1,200000000,2026-04-26T12:17:54.197192,2026-04-26T12:17:54.197192,1
SPEEDLOTTO_500_STORE_00120,74760164,옹천왕대박슈퍼,,미상,,,,speedlotto_500,47,first,1,200000000,2026-04-26T12:17:54.197192,2026-04-26T12:17:54.197192,1
SPEEDLOTTO_500_STORE_00121,72861215,노다지복권방(학익),,미상,,,,speedlotto_500,47,first,1,200000000,2026-04-26T12:17:54.197192,2026-04-26T12:17:54.197192,1
SPEEDLOTTO_500_STORE_00122,71163495,CU 송파한화2호점,,미상,,,,speedlotto_500,47,first,1,200000000,2026-04-26T12:17:54.197192,2026-04-26T12:17:54.197192,1
SPEEDLOTTO_500_STORE_00123,74160110,GS 양주신산점,,미상,,,,speedlotto_500,47,first,1,200000000,2026-04-26T12:17:54.197192,2026-04-26T12:17:54.197192,1
SPEEDLOTTO_500_STORE_00124,74761012,로또훼미리마트왜관점,,미상,,,,speedlotto_500,47,first,1,200000000,2026-04-26T12:17:54.197192,2026-04-26T12:17:54.197192,1
SPEEDLOTTO_500_STORE_00125,99999990,미확인 판매점 ,,미상,,,,speedlotto_500,47,first,1,200000000,2026-04-26T12:17:54.197192,2026-04-26T12:17:54.197192,1
SPEEDLOTTO_500_STORE_00126,74460619,GS25봉명희망점,,미상,,,,speedlotto_500,47,first,1,200000000,2026-04-26T12:17:54.197192,2026-04-26T12:17:54.197192,1
SPEEDLOTTO_500_STORE_00127,72960633,채널Q24시로또주월점,,미상,,,,speedlotto_500,47,first,1,200000000,2026-04-26T12:17:54.197192,2026-04-26T12:17:54.197192,1
SPEEDLOTTO_500_STORE_00128,74162879,CU 안산이동제일점,,미상,,,,speedlotto_500,47,first,1,200000000,2026-04-26T12:17:54.197192,2026-04-26T12:17:54.197192,1
SPEEDLOTTO_500_STORE_00129,74861498,채널큐,,미상,,,,speedlotto_500,47,first,1,400000000,2026-04-26T12:17:54.197192,2026-04-26T12:17:54.197192,1
SPEEDLOTTO_500_STORE_00130,74860026,미니스톱 평산점,,미상,,,,speedlotto_500,47,first,1,400000000,2026-04-26T12:17:54.197192,2026-04-26T12:17:54.197192,1
SPEEDLOTTO_500_STORE_00131,72760607,대백마트,,미상,,,,speedlotto_500,47,first,1,200000000,2026-04-26T12:17:54.197192,2026-04-26T12:17:54.197192,1
SPEEDLOTTO_500_STORE_00132,71161288,세븐일레븐,,미상,,,,speedlotto_500,47,first,1,200000000,2026-04-26T12:17:54.197192,2026-04-26T12:17:54.197192,1
SPEEDLOTTO_500_STORE_00133,74163134,CU 구운선경점,,미상,,,,speedlotto_500,47,first,1,200000000,2026-04-26T12:17:54.197192,2026-04-26T12:17:54.197192,1
SPEEDLOTTO_500_STORE_00134,74163861,ANY로또,,미상,,,,speedlotto_500,47,first,1,200000000,2026-04-26T12:17:54.197192,2026-04-26T12:17:54.197192,1
SPEEDLOTTO_500_STORE_00135,71163684,스포츠베팅샵,,미상,,,,speedlotto_500,47,first,1,200000000,2026-04-26T12:17:54.197192,2026-04-26T12:17:54.197192,1
SPEEDLOTTO_500_STORE_00136,74260737,복권뱅크,,미상,,,,speedlotto_500,47,first,1,200000000,2026-04-26T12:17:54.197192,2026-04-26T12:17:54.197192,1
SPEEDLOTTO_500_STORE_00137,74860113,창원25시슈퍼(24시로또복권),,미상,,,,speedlotto_500,47,first,1,200000000,2026-04-26T12:17:54.197192,2026-04-26T12:17:54.197192,1
SPEEDLOTTO_500_STORE_00138,71160248,복마니복권방,,미상,,,,speedlotto_500,47,first,1,200000000,2026-04-26T12:17:54.197192,2026-04-26T12:17:54.197192,1
SPEEDLOTTO_500_STORE_00139,74860442,운동장마트,,미상,,,,speedlotto_500,47,first,1,200000000,2026-04-26T12:17:54.197192,2026-04-26T12:17:54.197192,1
SPEEDLOTTO_500_STORE_00140,71160111,복권나라,,미상,,,,speedlotto_500,47,first,1,200000000,2026-04-26T12:17:54.197192,2026-04-26T12:17:54.197192,1
SPEEDLOTTO_500_STORE_00141,74660663,CU목포비파점,,미상,,,,speedlotto_500,47,first,1,200000000,2026-04-26T12:17:54.197192,2026-04-26T12:17:54.197192,1
SPEEDLOTTO_500_STORE_00142,73060444,씨스페이스유성신우점,,미상,,,,speedlotto_500,47,first,1,200000000,2026-04-26T12:17:54.197192,2026-04-26T12:17:54.197192,1
SPEEDLOTTO_500_STORE_00143,74162956,세븐일레븐 안산고잔금강점,,미상,,,,speedlotto_500,47,first,1,200000000,2026-04-26T12:17:54.197192,2026-04-26T12:17:54.197192,1
SPEEDLOTTO_500_STORE_00144,74960026,하나슈퍼,,미상,,,,speedlotto_500,47,first,1,200000000,2026-04-26T12:17:54.197192,2026-04-26T12:17:54.197192,1
SPEEDLOTTO_500_STORE_00145,71161818,CU,,미상,,,,speedlotto_500,47,first,1,200000000,2026-04-26T12:17:54.197192,2026-04-26T12:17:54.197192,1
SPEEDLOTTO_500_STORE_00146,74163317,명진슈퍼,,미상,,,,speedlotto_500,47,first,1,200000000,2026-04-26T12:17:54.197192,2026-04-26T12:17:54.197192,1
SPEEDLOTTO_500_STORE_00147,71164520,양천24,,미상,,,,speedlotto_500,47,first,1,200000000,2026-04-26T12:17:54.197192,2026-04-26T12:17:54.197192,1
SPEEDLOTTO_500_STORE_00148,74163911,복권방,,미상,,,,speedlotto_500,47,first,1,200000000,2026-04-26T12:17:54.197192,2026-04-26T12:17:54.197192,1
SPEEDLOTTO_500_STORE_00149,71160627,세븐일레븐,,미상,,,,speedlotto_500,47,first,1,200000000,2026-04-26T12:17:54.197192,2026-04-26T12:17:54.197192,1
SPEEDLOTTO_500_STORE_00150,74260514,편의점,,미상,,,,speedlotto_500,47,first,1,200000000,2026-04-26T12:17:54.197192,2026-04-26T12:17:54.197192,1
SPEEDLOTTO_500_STORE_00151,74860121,복권방,,미상,,,,speedlotto_500,47,first,1,200000000,2026-04-26T12:17:54.197192,2026-04-26T12:17:54.197192,1
SPEEDLOTTO_500_STORE_00152,72660480,복권천국 복권방,,미상,,,,speedlotto_500,47,first,1,200000000,2026-04-26T12:17:54.197192,2026-04-26T12:17:54.197192,1
SPEEDLOTTO_500_STORE_00153,74460132,편의점,,미상,,,,speedlotto_500,47,first,1,200000000,2026-04-26T12:17:54.197192,2026-04-26T12:17:54.197192,1
SPEEDLOTTO_500_STORE_00154,71162726,가판대,,미상,,,,speedlotto_500,47,first,1,200000000,2026-04-26T12:17:54.197192,2026-04-26T12:17:54.197192,1
SPEEDLOTTO_500_STORE_00155,71162617,편의점,,미상,,,,speedlotto_500,47,first,1,200000000,2026-04-26T12:17:54.197192,2026-04-26T12:17:54.197192,1
SPEEDLOTTO_500_STORE_00156,71161756,복권방,,미상,,,,speedlotto_500,47,first,1,200000000,2026-04-26T12:17:54.197192,2026-04-26T12:17:54.197192,1
SPEEDLOTTO_500_STORE_00157,73160068,우리들 편의점 서부점,,미상,,,,speedlotto_500,47,first,1,200000000,2026-04-26T12:17:54.197192,2026-04-26T12:17:54.197192,1
SPEEDLOTTO_500_STORE_00158,74860224,슈퍼마켓,,미상,,,,speedlotto_500,47,first,1,200000000,2026-04-26T12:17:54.197192,2026-04-26T12:17:54.197192,1
SPEEDLOTTO_500_STORE_00159,74162739,복권방,,미상,,,,speedlotto_500,47,first,1,200000000,2026-04-26T12:17:54.197192,2026-04-26T12:17:54.197192,1
SPEEDLOTTO_500_STORE_00160,74162534,편의점,,미상,,,,speedlotto_500,47,first,1,200000000,2026-04-26T12:17:54.197192,2026-04-26T12:17:54.197192,1
SPEEDLOTTO_500_STORE_00161,74260488,제일복권,,미상,,,,speedlotto_500,47,first,1,200000000,2026-04-26T12:17:54.197192,2026-04-26T12:17:54.197192,1
SPEEDLOTTO_500_STORE_00162,74260444,복권방,,미상,,,,speedlotto_500,47,first,1,200000000,2026-04-26T12:17:54.197192,2026-04-26T12:17:54.197192,1
SPEEDLOTTO_500_STORE_00163,72863021,수퍼마켓,,미상,,,,speedlotto_500,47,first,1,200000000,2026-04-26T12:17:54.197192,2026-04-26T12:17:54.197192,1
SPEEDLOTTO_500_STORE_00164,74160427,만물복권방,,미상,,,,speedlotto_500,47,first,1,200000000,2026-04-26T12:17:54.197192,2026-04-26T12:17:54.197192,1
SPEEDLOTTO_500_STORE_00165,74861125,편의점,,미상,,,,speedlotto_500,47,first,1,200000000,2026-04-26T12:17:54.197192,2026-04-26T12:17:54.197192,1
SPEEDLOTTO_500_STORE_00166,71160697,가판,,미상,,,,speedlotto_500,47,first,1,200000000,2026-04-26T12:17:54.197192,2026-04-26T12:17:54.197192,1
SPEEDLOTTO_500_STORE_00167,74861027,수퍼마켓,,미상,,,,speedlotto_500,47,first,1,200000000,2026-04-26T12:17:54.197192,2026-04-26T12:17:54.197192,1
SPEEDLOTTO_500_STORE_00168,74460594,수퍼마켓,,미상,,,,speedlotto_500,47,first,1,200000000,2026-04-26T12:17:54.197192,2026-04-26T12:17:54.197192,1
SPEEDLOTTO_500_STORE_00169,74560222,편의점,,미상,,,,speedlotto_500,47,first,1,200000000,2026-04-26T12:17:54.197192,2026-04-26T12:17:54.197192,1
SPEEDLOTTO_500_STORE_00170,74860491,편의점,,미상,,,,speedlotto_500,47,first,1,200000000,2026-04-26T12:17:54.197192,2026-04-26T12:17:54.197192,1
SPEEDLOTTO_500_STORE_00171,74164096,복권방,,미상,,,,speedlotto_500,47,first,1,200000000,2026-04-26T12:17:54.197192,2026-04-26T12:17:54.197192,1
SPEEDLOTTO_500_STORE_00172,73060537,원마트 편의점,,미상,,,,speedlotto_500,47,first,1,200000000,2026-04-26T12:17:54.197192,2026-04-26T12:17:54.197192,1
SPEEDLOTTO_500_STORE_00173,74660195,복권방,,미상,,,,speedlotto_500,47,first,1,200000000,2026-04-26T12:17:54.197192,2026-04-26T12:17:54.197192,1
SPEEDLOTTO_500_STORE_00174,74860751,미니스톱,,미상,,,,speedlotto_500,47,first,1,200000000,2026-04-26T12:17:54.197192,2026-04-26T12:17:54.197192,1
SPEEDLOTTO_500_STORE_00175,72660051,편의점,,미상,,,,speedlotto_500,47,first,1,200000000,2026-04-26T12:17:54.197192,2026-04-26T12:17:54.197192,1
SPEEDLOTTO_500_STORE_00176,71163551,슈퍼,,미상,,,,speedlotto_500,47,first,1,200000000,2026-04-26T12:17:54.197192,2026-04-26T12:17:54.197192,1
SPEEDLOTTO_500_STORE_00177,71161183,가판,,미상,,,,speedlotto_500,47,first,1,200000000,2026-04-26T12:17:54.197192,2026-04-26T12:17:54.197192,1
SPEEDLOTTO_500_STORE_00178,71164341,복권방,,미상,,,,speedlotto_500,47,first,1,200000000,2026-04-26T12:17:54.197192,2026-04-26T12:17:54.197192,1
SPEEDLOTTO_500_STORE_00179,73160111,우리들 편의점 서부점,,미상,,,,speedlotto_500,47,first,1,200000000,2026-04-26T12:17:54.197192,2026-04-26T12:17:54.197192,1
SPEEDLOTTO_500_STORE_00180,72960822,편의점,,미상,,,,speedlotto_500,47,first,1,200000000,2026-04-26T12:17:54.197192,2026-04-26T12:17:54.197192,1
SPEEDLOTTO_500_STORE_00181,74162947,편의점,,미상,,,,speedlotto_500,47,first,1,200000000,2026-04-26T12:17:54.197192,2026-04-26T12:17:54.197192,1
SPEEDLOTTO_500_STORE_00182,72660156,복권방,,미상,,,,speedlotto_500,47,first,1,200000000,2026-04-26T12:17:54.197192,2026-04-26T12:17:54.197192,1
SPEEDLOTTO_500_STORE_00183,74160347,토토마트 (구 편의점사랑),,미상,,,,speedlotto_500,46,first,1,200000000,2026-04-26T12:17:56.062371,2026-04-26T12:17:56.062371,1
SPEEDLOTTO_500_STORE_00184,74760625,CSPACE구미옥계점,,미상,,,,speedlotto_500,46,first,1,200000000,2026-04-26T12:17:56.062371,2026-04-26T12:17:56.062371,1
SPEEDLOTTO_500_STORE_00185,74163706,다우토토샵,,미상,,,,speedlotto_500,46,first,1,200000000,2026-04-26T12:17:56.062371,2026-04-26T12:17:56.062371,1
SPEEDLOTTO_500_STORE_00186,74261788,일등당첨,,미상,,,,speedlotto_500,46,first,1,200000000,2026-04-26T12:17:56.062371,2026-04-26T12:17:56.062371,1
SPEEDLOTTO_500_STORE_00187,72662656,황금복권방,,미상,,,,speedlotto_500,46,first,1,200000000,2026-04-26T12:17:56.062371,2026-04-26T12:17:56.062371,1
SPEEDLOTTO_500_STORE_00188,74660464,드림복권(2호광장),,미상,,,,speedlotto_500,46,first,1,200000000,2026-04-26T12:17:56.062371,2026-04-26T12:17:56.062371,1
SPEEDLOTTO_500_STORE_00189,73160721,또로또,,미상,,,,speedlotto_500,46,first,1,200000000,2026-04-26T12:17:56.062371,2026-04-26T12:17:56.062371,1
SPEEDLOTTO_500_STORE_00190,74166759,GS25이동센터점,,미상,,,,speedlotto_500,46,first,1,200000000,2026-04-26T12:17:56.062371,2026-04-26T12:17:56.062371,1
SPEEDLOTTO_500_STORE_00191,74162803,보물섬복권방,,미상,,,,speedlotto_500,46,first,1,200000000,2026-04-26T12:17:56.062371,2026-04-26T12:17:56.062371,1
SPEEDLOTTO_500_STORE_00192,71162035,천하명당복권방,,미상,,,,speedlotto_500,46,first,1,200000000,2026-04-26T12:17:56.062371,2026-04-26T12:17:56.062371,1
SPEEDLOTTO_500_STORE_00193,73061011,금화로또마트,,미상,,,,speedlotto_500,46,first,1,200000000,2026-04-26T12:17:56.062371,2026-04-26T12:17:56.062371,1
SPEEDLOTTO_500_STORE_00194,72960747,오천억복권방,,미상,,,,speedlotto_500,46,first,1,200000000,2026-04-26T12:17:56.062371,2026-04-26T12:17:56.062371,1
SPEEDLOTTO_500_STORE_00195,74163177,명당골복권방,,미상,,,,speedlotto_500,46,first,1,200000000,2026-04-26T12:17:56.062371,2026-04-26T12:17:56.062371,1
SPEEDLOTTO_500_STORE_00196,72661445,CU사상서부,,미상,,,,speedlotto_500,46,first,1,200000000,2026-04-26T12:17:56.062371,2026-04-26T12:17:56.062371,2
SPEEDLOTTO_500_STORE_00197,74661194,스타복권,,미상,,,,speedlotto_500,46,first,1,200000000,2026-04-26T12:17:56.062371,2026-04-26T12:17:56.062371,1
SPEEDLOTTO_500_STORE_00198,74761757,SE왜관희망점,,미상,,,,speedlotto_500,46,first,1,200000000,2026-04-26T12:17:56.062371,2026-04-26T12:17:56.062371,1
SPEEDLOTTO_500_STORE_00199,74661178,제철로또대리점,,미상,,,,speedlotto_500,46,first,1,200000000,2026-04-26T12:17:56.062371,2026-04-26T12:17:56.062371,1
SPEEDLOTTO_500_STORE_00200,74161285,차부상회,,미상,,,,speedlotto_500,46,first,1,200000000,2026-04-26T12:17:56.062371,2026-04-26T12:17:56.062371,1
SPEEDLOTTO_500_STORE_00201,74360035,복덩어리,,미상,,,,speedlotto_500,46,first,1,200000000,2026-04-26T12:17:56.062371,2026-04-26T12:17:56.062371,1
SPEEDLOTTO_500_STORE_00202,72960008,도울복권,,미상,,,,speedlotto_500,46,first,1,200000000,2026-04-26T12:17:56.062371,2026-04-26T12:17:56.062371,1
SPEEDLOTTO_500_STORE_00203,72860361,프리마트,,미상,,,,speedlotto_500,46,first,1,200000000,2026-04-26T12:17:56.062371,2026-04-26T12:17:56.062371,1
SPEEDLOTTO_500_STORE_00204,73160635,삼우슈퍼,,미상,,,,speedlotto_500,46,first,1,200000000,2026-04-26T12:17:56.062371,2026-04-26T12:17:56.062371,1
SPEEDLOTTO_500_STORE_00205,72860822,복권왕국,,미상,,,,speedlotto_500,46,first,1,200000000,2026-04-26T12:17:56.062371,2026-04-26T12:17:56.062371,1
SPEEDLOTTO_500_STORE_00206,73160368,이마트24삼산본동,,미상,,,,speedlotto_500,46,first,1,200000000,2026-04-26T12:17:56.062371,2026-04-26T12:17:56.062371,1
SPEEDLOTTO_500_STORE_00207,74160255,CU 포천가산점,,미상,,,,speedlotto_500,46,first,1,200000000,2026-04-26T12:17:56.062371,2026-04-26T12:17:56.062371,1
SPEEDLOTTO_500_STORE_00208,72960924,진곡산단로또,,미상,,,,speedlotto_500,46,first,1,200000000,2026-04-26T12:17:56.062371,2026-04-26T12:17:56.062371,1
SPEEDLOTTO_500_STORE_00209,74760798,빙그레마트,,미상,,,,speedlotto_500,46,first,1,200000000,2026-04-26T12:17:56.062371,2026-04-26T12:17:56.062371,1
SPEEDLOTTO_500_STORE_00210,74360026,굿모닝복권방,,미상,,,,speedlotto_500,46,first,1,200000000,2026-04-26T12:17:56.062371,2026-04-26T12:17:56.062371,1
SPEEDLOTTO_500_STORE_00211,74760164,옹천왕대박슈퍼,,미상,,,,speedlotto_500,46,first,1,200000000,2026-04-26T12:17:56.062371,2026-04-26T12:17:56.062371,1
SPEEDLOTTO_500_STORE_00212,72861215,노다지복권방(학익),,미상,,,,speedlotto_500,46,first,1,200000000,2026-04-26T12:17:56.062371,2026-04-26T12:17:56.062371,1
SPEEDLOTTO_500_STORE_00213,71163495,CU 송파한화2호점,,미상,,,,speedlotto_500,46,first,1,200000000,2026-04-26T12:17:56.062371,2026-04-26T12:17:56.062371,1
SPEEDLOTTO_500_STORE_00214,74160110,GS 양주신산점,,미상,,,,speedlotto_500,46,first,1,200000000,2026-04-26T12:17:56.062371,2026-04-26T12:17:56.062371,1
SPEEDLOTTO_500_STORE_00215,74761012,로또훼미리마트왜관점,,미상,,,,speedlotto_500,46,first,1,200000000,2026-04-26T12:17:56.062371,2026-04-26T12:17:56.062371,1
SPEEDLOTTO_500_STORE_00216,99999990,미확인 판매점 ,,미상,,,,speedlotto_500,46,first,1,200000000,2026-04-26T12:17:56.062371,2026-04-26T12:17:56.062371,1
SPEEDLOTTO_500_STORE_00217,74460619,GS25봉명희망점,,미상,,,,speedlotto_500,46,first,1,200000000,2026-04-26T12:17:56.062371,2026-04-26T12:17:56.062371,1
SPEEDLOTTO_500_STORE_00218,72960633,채널Q24시로또주월점,,미상,,,,speedlotto_500,46,first,1,200000000,2026-04-26T12:17:56.062371,2026-04-26T12:17:56.062371,1
SPEEDLOTTO_500_STORE_00219,74162879,CU 안산이동제일점,,미상,,,,speedlotto_500,46,first,1,200000000,2026-04-26T12:17:56.062371,2026-04-26T12:17:56.062371,1
SPEEDLOTTO_500_STORE_00220,74861498,채널큐,,미상,,,,speedlotto_500,46,first,1,400000000,2026-04-26T12:17:56.062371,2026-04-26T12:17:56.062371,1
SPEEDLOTTO_500_STORE_00221,74860026,미니스톱 평산점,,미상,,,,speedlotto_500,46,first,1,400000000,2026-04-26T12:17:56.062371,2026-04-26T12:17:56.062371,1
SPEEDLOTTO_500_STORE_00222,72760607,대백마트,,미상,,,,speedlotto_500,46,first,1,200000000,2026-04-26T12:17:56.062371,2026-04-26T12:17:56.062371,1
SPEEDLOTTO_500_STORE_00223,71161288,세븐일레븐,,미상,,,,speedlotto_500,46,first,1,200000000,2026-04-26T12:17:56.062371,2026-04-26T12:17:56.062371,1
SPEEDLOTTO_500_STORE_00224,74163134,CU 구운선경점,,미상,,,,speedlotto_500,46,first,1,200000000,2026-04-26T12:17:56.062371,2026-04-26T12:17:56.062371,1
SPEEDLOTTO_500_STORE_00225,74163861,ANY로또,,미상,,,,speedlotto_500,46,first,1,200000000,2026-04-26T12:17:56.062371,2026-04-26T12:17:56.062371,1
SPEEDLOTTO_500_STORE_00226,71163684,스포츠베팅샵,,미상,,,,speedlotto_500,46,first,1,200000000,2026-04-26T12:17:56.062371,2026-04-26T12:17:56.062371,1
SPEEDLOTTO_500_STORE_00227,74260737,복권뱅크,,미상,,,,speedlotto_500,46,first,1,200000000,2026-04-26T12:17:56.062371,2026-04-26T12:17:56.062371,1
SPEEDLOTTO_500_STORE_00228,74860113,창원25시슈퍼(24시로또복권),,미상,,,,speedlotto_500,46,first,1,200000000,2026-04-26T12:17:56.062371,2026-04-26T12:17:56.062371,1
SPEEDLOTTO_500_STORE_00229,71160248,복마니복권방,,미상,,,,speedlotto_500,46,first,1,200000000,2026-04-26T12:17:56.062371,2026-04-26T12:17:56.062371,1
SPEEDLOTTO_500_STORE_00230,74860442,운동장마트,,미상,,,,speedlotto_500,46,first,1,200000000,2026-04-26T12:17:56.062371,2026-04-26T12:17:56.062371,1
SPEEDLOTTO_500_STORE_00231,71160111,복권나라,,미상,,,,speedlotto_500,46,first,1,200000000,2026-04-26T12:17:56.062371,2026-04-26T12:17:56.062371,1
SPEEDLOTTO_500_STORE_00232,74660663,CU목포비파점,,미상,,,,speedlotto_500,46,first,1,200000000,2026-04-26T12:17:56.062371,2026-04-26T12:17:56.062371,1
SPEEDLOTTO_500_STORE_00233,73060444,씨스페이스유성신우점,,미상,,,,speedlotto_500,46,first,1,200000000,2026-04-26T12:17:56.062371,2026-04-26T12:17:56.062371,1
SPEEDLOTTO_500_STORE_00234,74162956,세븐일레븐 안산고잔금강점,,미상,,,,speedlotto_500,46,first,1,200000000,2026-04-26T12:17:56.062371,2026-04-26T12:17:56.062371,1
SPEEDLOTTO_500_STORE_00235,74960026,하나슈퍼,,미상,,,,speedlotto_500,46,first,1,200000000,2026-04-26T12:17:56.062371,2026-04-26T12:17:56.062371,1
SPEEDLOTTO_500_STORE_00236,71161818,CU,,미상,,,,speedlotto_500,46,first,1,200000000,2026-04-26T12:17:56.062371,2026-04-26T12:17:56.062371,1
SPEEDLOTTO_500_STORE_00237,74163317,명진슈퍼,,미상,,,,speedlotto_500,46,first,1,200000000,2026-04-26T12:17:56.062371,2026-04-26T12:17:56.062371,1
SPEEDLOTTO_500_STORE_00238,71164520,양천24,,미상,,,,speedlotto_500,46,first,1,200000000,2026-04-26T12:17:56.062371,2026-04-26T12:17:56.062371,1
SPEEDLOTTO_500_STORE_00239,74163911,복권방,,미상,,,,speedlotto_500,46,first,1,200000000,2026-04-26T12:17:56.062371,2026-04-26T12:17:56.062371,1
SPEEDLOTTO_500_STORE_00240,71160627,세븐일레븐,,미상,,,,speedlotto_500,46,first,1,200000000,2026-04-26T12:17:56.062371,2026-04-26T12:17:56.062371,1
SPEEDLOTTO_500_STORE_00241,74260514,편의점,,미상,,,,speedlotto_500,46,first,1,200000000,2026-04-26T12:17:56.062371,2026-04-26T12:17:56.062371,1
SPEEDLOTTO_500_STORE_00242,74860121,복권방,,미상,,,,speedlotto_500,46,first,1,200000000,2026-04-26T12:17:56.062371,2026-04-26T12:17:56.062371,1
SPEEDLOTTO_500_STORE_00243,72660480,복권천국 복권방,,미상,,,,speedlotto_500,46,first,1,200000000,2026-04-26T12:17:56.062371,2026-04-26T12:17:56.062371,1
SPEEDLOTTO_500_STORE_00244,74460132,편의점,,미상,,,,speedlotto_500,46,first,1,200000000,2026-04-26T12:17:56.062371,2026-04-26T12:17:56.062371,1
SPEEDLOTTO_500_STORE_00245,71162726,가판대,,미상,,,,speedlotto_500,46,first,1,200000000,2026-04-26T12:17:56.062371,2026-04-26T12:17:56.062371,1
SPEEDLOTTO_500_STORE_00246,71162617,편의점,,미상,,,,speedlotto_500,46,first,1,200000000,2026-04-26T12:17:56.062371,2026-04-26T12:17:56.062371,1
SPEEDLOTTO_500_STORE_00247,71161756,복권방,,미상,,,,speedlotto_500,46,first,1,200000000,2026-04-26T12:17:56.062371,2026-04-26T12:17:56.062371,1
SPEEDLOTTO_500_STORE_00248,73160068,우리들 편의점 서부점,,미상,,,,speedlotto_500,46,first,1,200000000,2026-04-26T12:17:56.062371,2026-04-26T12:17:56.062371,1
SPEEDLOTTO_500_STORE_00249,74860224,슈퍼마켓,,미상,,,,speedlotto_500,46,first,1,200000000,2026-04-26T12:17:56.062371,2026-04-26T12:17:56.062371,1
SPEEDLOTTO_500_STORE_00250,74162739,복권방,,미상,,,,speedlotto_500,46,first,1,200000000,2026-04-26T12:17:56.062371,2026-04-26T12:17:56.062371,1
SPEEDLOTTO_500_STORE_00251,74162534,편의점,,미상,,,,speedlotto_500,46,first,1,200000000,2026-04-26T12:17:56.062371,2026-04-26T12:17:56.062371,1
SPEEDLOTTO_500_STORE_00252,74260488,제일복권,,미상,,,,speedlotto_500,46,first,1,200000000,2026-04-26T12:17:56.062371,2026-04-26T12:17:56.062371,1
SPEEDLOTTO_500_STORE_00253,74260444,복권방,,미상,,,,speedlotto_500,46,first,1,200000000,2026-04-26T12:17:56.062371,2026-04-26T12:17:56.062371,1
SPEEDLOTTO_500_STORE_00254,72863021,수퍼마켓,,미상,,,,speedlotto_500,46,first,1,200000000,2026-04-26T12:17:56.062371,2026-04-26T12:17:56.062371,1
SPEEDLOTTO_500_STORE_00255,74160427,만물복권방,,미상,,,,speedlotto_500,46,first,1,200000000,2026-04-26T12:17:56.062371,2026-04-26T12:17:56.062371,1
SPEEDLOTTO_500_STORE_00256,74861125,편의점,,미상,,,,speedlotto_500,46,first,1,200000000,2026-04-26T12:17:56.062371,2026-04-26T12:17:56.062371,1
SPEEDLOTTO_500_STORE_00257,71160697,가판,,미상,,,,speedlotto_500,46,first,1,200000000,2026-04-26T12:17:56.062371,2026-04-26T12:17:56.062371,1
SPEEDLOTTO_500_STORE_00258,74861027,수퍼마켓,,미상,,,,speedlotto_500,46,first,1,200000000,2026-04-26T12:17:56.062371,2026-04-26T12:17:56.062371,1
SPEEDLOTTO_500_STORE_00259,74460594,수퍼마켓,,미상,,,,speedlotto_500,46,first,1,200000000,2026-04-26T12:17:56.062371,2026-04-26T12:17:56.062371,1
SPEEDLOTTO_500_STORE_00260,74560222,편의점,,미상,,,,speedlotto_500,46,first,1,200000000,2026-04-26T12:17:56.062371,2026-04-26T12:17:56.062371,1
SPEEDLOTTO_500_STORE_00261,74860491,편의점,,미상,,,,speedlotto_500,46,first,1,200000000,2026-04-26T12:17:56.062371,2026-04-26T12:17:56.062371,1
SPEEDLOTTO_500_STORE_00262,74164096,복권방,,미상,,,,speedlotto_500,46,first,1,200000000,2026-04-26T12:17:56.062371,2026-04-26T12:17:56.062371,1
SPEEDLOTTO_500_STORE_00263,73060537,원마트 편의점,,미상,,,,speedlotto_500,46,first,1,200000000,2026-04-26T12:17:56.062371,2026-04-26T12:17:56.062371,1
SPEEDLOTTO_500_STORE_00264,74660195,복권방,,미상,,,,speedlotto_500,46,first,1,200000000,2026-04-26T12:17:56.062371,2026-04-26T12:17:56.062371,1
SPEEDLOTTO_500_STORE_00265,74860751,미니스톱,,미상,,,,speedlotto_500,46,first,1,200000000,2026-04-26T12:17:56.062371,2026-04-26T12:17:56.062371,1
SPEEDLOTTO_500_STORE_00266,72660051,편의점,,미상,,,,speedlotto_500,46,first,1,200000000,2026-04-26T12:17:56.062371,2026-04-26T12:17:56.062371,1
SPEEDLOTTO_500_STORE_00267,71163551,슈퍼,,미상,,,,speedlotto_500,46,first,1,200000000,2026-04-26T12:17:56.062371,2026-04-26T12:17:56.062371,1
SPEEDLOTTO_500_STORE_00268,71161183,가판,,미상,,,,speedlotto_500,46,first,1,200000000,2026-04-26T12:17:56.062371,2026-04-26T12:17:56.062371,1
SPEEDLOTTO_500_STORE_00269,71164341,복권방,,미상,,,,speedlotto_500,46,first,1,200000000,2026-04-26T12:17:56.062371,2026-04-26T12:17:56.062371,1
SPEEDLOTTO_500_STORE_00270,73160111,우리들 편의점 서부점,,미상,,,,speedlotto_500,46,first,1,200000000,2026-04-26T12:17:56.062371,2026-04-26T12:17:56.062371,1
SPEEDLOTTO_500_STORE_00271,72960822,편의점,,미상,,,,speedlotto_500,46,first,1,200000000,2026-04-26T12:17:56.062371,2026-04-26T12:17:56.062371,1
SPEEDLOTTO_500_STORE_00272,74162947,편의점,,미상,,,,speedlotto_500,46,first,1,200000000,2026-04-26T12:17:56.062371,2026-04-26T12:17:56.062371,1
SPEEDLOTTO_500_STORE_00273,72660156,복권방,,미상,,,,speedlotto_500,46,first,1,200000000,2026-04-26T12:17:56.062371,2026-04-26T12:17:56.062371,1
SPEEDLOTTO_500_STORE_00274,74160347,토토마트 (구 편의점사랑),,미상,,,,speedlotto_500,45,first,1,200000000,2026-04-26T12:17:57.919488,2026-04-26T12:17:57.919488,1
SPEEDLOTTO_500_STORE_00275,74760625,CSPACE구미옥계점,,미상,,,,speedlotto_500,45,first,1,200000000,2026-04-26T12:17:57.919488,2026-04-26T12:17:57.919488,1
SPEEDLOTTO_500_STORE_00276,74163706,다우토토샵,,미상,,,,speedlotto_500,45,first,1,200000000,2026-04-26T12:17:57.919488,2026-04-26T12:17:57.919488,1
SPEEDLOTTO_500_STORE_00277,74261788,일등당첨,,미상,,,,speedlotto_500,45,first,1,200000000,2026-04-26T12:17:57.919488,2026-04-26T12:17:57.919488,1
SPEEDLOTTO_500_STORE_00278,72662656,황금복권방,,미상,,,,speedlotto_500,45,first,1,200000000,2026-04-26T12:17:57.919488,2026-04-26T12:17:57.919488,1
SPEEDLOTTO_500_STORE_00279,74660464,드림복권(2호광장),,미상,,,,speedlotto_500,45,first,1,200000000,2026-04-26T12:17:57.919488,2026-04-26T12:17:57.919488,1
SPEEDLOTTO_500_STORE_00280,73160721,또로또,,미상,,,,speedlotto_500,45,first,1,200000000,2026-04-26T12:17:57.919488,2026-04-26T12:17:57.919488,1
SPEEDLOTTO_500_STORE_00281,74166759,GS25이동센터점,,미상,,,,speedlotto_500,45,first,1,200000000,2026-04-26T12:17:57.919488,2026-04-26T12:17:57.919488,1
SPEEDLOTTO_500_STORE_00282,74162803,보물섬복권방,,미상,,,,speedlotto_500,45,first,1,200000000,2026-04-26T12:17:57.919488,2026-04-26T12:17:57.919488,1
SPEEDLOTTO_500_STORE_00283,71162035,천하명당복권방,,미상,,,,speedlotto_500,45,first,1,200000000,2026-04-26T12:17:57.919488,2026-04-26T12:17:57.919488,1
SPEEDLOTTO_500_STORE_00284,73061011,금화로또마트,,미상,,,,speedlotto_500,45,first,1,200000000,2026-04-26T12:17:57.919488,2026-04-26T12:17:57.919488,1
SPEEDLOTTO_500_STORE_00285,72960747,오천억복권방,,미상,,,,speedlotto_500,45,first,1,200000000,2026-04-26T12:17:57.919488,2026-04-26T12:17:57.919488,1
SPEEDLOTTO_500_STORE_00286,74163177,명당골복권방,,미상,,,,speedlotto_500,45,first,1,200000000,2026-04-26T12:17:57.919488,2026-04-26T12:17:57.919488,1
SPEEDLOTTO_500_STORE_00287,72661445,CU사상서부,,미상,,,,speedlotto_500,45,first,1,200000000,2026-04-26T12:17:57.919488,2026-04-26T12:17:57.919488,2
SPEEDLOTTO_500_STORE_00288,74661194,스타복권,,미상,,,,speedlotto_500,45,first,1,200000000,2026-04-26T12:17:57.919488,2026-04-26T12:17:57.919488,1
SPEEDLOTTO_500_STORE_00289,74761757,SE왜관희망점,,미상,,,,speedlotto_500,45,first,1,200000000,2026-04-26T12:17:57.919488,2026-04-26T12:17:57.919488,1
SPEEDLOTTO_500_STORE_00290,74661178,제철로또대리점,,미상,,,,speedlotto_500,45,first,1,200000000,2026-04-26T12:17:57.919488,2026-04-26T12:17:57.919488,1
SPEEDLOTTO_500_STORE_00291,74161285,차부상회,,미상,,,,speedlotto_500,45,first,1,200000000,2026-04-26T12:17:57.919488,2026-04-26T12:17:57.919488,1
SPEEDLOTTO_500_STORE_00292,74360035,복덩어리,,미상,,,,speedlotto_500,45,first,1,200000000,2026-04-26T12:17:57.919488,2026-04-26T12:17:57.919488,1
SPEEDLOTTO_500_STORE_00293,72960008,도울복권,,미상,,,,speedlotto_500,45,first,1,200000000,2026-04-26T12:17:57.919488,2026-04-26T12:17:57.919488,1
SPEEDLOTTO_500_STORE_00294,72860361,프리마트,,미상,,,,speedlotto_500,45,first,1,200000000,2026-04-26T12:17:57.919488,2026-04-26T12:17:57.919488,1
SPEEDLOTTO_500_STORE_00295,73160635,삼우슈퍼,,미상,,,,speedlotto_500,45,first,1,200000000,2026-04-26T12:17:57.919488,2026-04-26T12:17:57.919488,1
SPEEDLOTTO_500_STORE_00296,72860822,복권왕국,,미상,,,,speedlotto_500,45,first,1,200000000,2026-04-26T12:17:57.919488,2026-04-26T12:17:57.919488,1
SPEEDLOTTO_500_STORE_00297,73160368,이마트24삼산본동,,미상,,,,speedlotto_500,45,first,1,200000000,2026-04-26T12:17:57.919488,2026-04-26T12:17:57.919488,1
SPEEDLOTTO_500_STORE_00298,74160255,CU 포천가산점,,미상,,,,speedlotto_500,45,first,1,200000000,2026-04-26T12:17:57.919488,2026-04-26T12:17:57.919488,1
SPEEDLOTTO_500_STORE_00299,72960924,진곡산단로또,,미상,,,,speedlotto_500,45,first,1,200000000,2026-04-26T12:17:57.919488,2026-04-26T12:17:57.919488,1
SPEEDLOTTO_500_STORE_00300,74760798,빙그레마트,,미상,,,,speedlotto_500,45,first,1,200000000,2026-04-26T12:17:57.919488,2026-04-26T12:17:57.919488,1
SPEEDLOTTO_500_STORE_00301,74360026,굿모닝복권방,,미상,,,,speedlotto_500,45,first,1,200000000,2026-04-26T12:17:57.919488,2026-04-26T12:17:57.919488,1
SPEEDLOTTO_500_STORE_00302,74760164,옹천왕대박슈퍼,,미상,,,,speedlotto_500,45,first,1,200000000,2026-04-26T12:17:57.919488,2026-04-26T12:17:57.919488,1
SPEEDLOTTO_500_STORE_00303,72861215,노다지복권방(학익),,미상,,,,speedlotto_500,45,first,1,200000000,2026-04-26T12:17:57.919488,2026-04-26T12:17:57.919488,1
SPEEDLOTTO_500_STORE_00304,71163495,CU 송파한화2호점,,미상,,,,speedlotto_500,45,first,1,200000000,2026-04-26T12:17:57.919488,2026-04-26T12:17:57.919488,1
SPEEDLOTTO_500_STORE_00305,74160110,GS 양주신산점,,미상,,,,speedlotto_500,45,first,1,200000000,2026-04-26T12:17:57.919488,2026-04-26T12:17:57.919488,1
SPEEDLOTTO_500_STORE_00306,74761012,로또훼미리마트왜관점,,미상,,,,speedlotto_500,45,first,1,200000000,2026-04-26T12:17:57.919488,2026-04-26T12:17:57.919488,1
SPEEDLOTTO_500_STORE_00307,99999990,미확인 판매점 ,,미상,,,,speedlotto_500,45,first,1,200000000,2026-04-26T12:17:57.919488,2026-04-26T12:17:57.919488,1
SPEEDLOTTO_500_STORE_00308,74460619,GS25봉명희망점,,미상,,,,speedlotto_500,45,first,1,200000000,2026-04-26T12:17:57.919488,2026-04-26T12:17:57.919488,1
SPEEDLOTTO_500_STORE_00309,72960633,채널Q24시로또주월점,,미상,,,,speedlotto_500,45,first,1,200000000,2026-04-26T12:17:57.919488,2026-04-26T12:17:57.919488,1
SPEEDLOTTO_500_STORE_00310,74162879,CU 안산이동제일점,,미상,,,,speedlotto_500,45,first,1,200000000,2026-04-26T12:17:57.919488,2026-04-26T12:17:57.919488,1
SPEEDLOTTO_500_STORE_00311,74861498,채널큐,,미상,,,,speedlotto_500,45,first,1,400000000,2026-04-26T12:17:57.919488,2026-04-26T12:17:57.919488,1
SPEEDLOTTO_500_STORE_00312,74860026,미니스톱 평산점,,미상,,,,speedlotto_500,45,first,1,400000000,2026-04-26T12:17:57.919488,2026-04-26T12:17:57.919488,1
SPEEDLOTTO_500_STORE_00313,72760607,대백마트,,미상,,,,speedlotto_500,45,first,1,200000000,2026-04-26T12:17:57.919488,2026-04-26T12:17:57.919488,1
SPEEDLOTTO_500_STORE_00314,71161288,세븐일레븐,,미상,,,,speedlotto_500,45,first,1,200000000,2026-04-26T12:17:57.919488,2026-04-26T12:17:57.919488,1
SPEEDLOTTO_500_STORE_00315,74163134,CU 구운선경점,,미상,,,,speedlotto_500,45,first,1,200000000,2026-04-26T12:17:57.919488,2026-04-26T12:17:57.919488,1
SPEEDLOTTO_500_STORE_00316,74163861,ANY로또,,미상,,,,speedlotto_500,45,first,1,200000000,2026-04-26T12:17:57.919488,2026-04-26T12:17:57.919488,1
SPEEDLOTTO_500_STORE_00317,71163684,스포츠베팅샵,,미상,,,,speedlotto_500,45,first,1,200000000,2026-04-26T12:17:57.919488,2026-04-26T12:17:57.919488,1
SPEEDLOTTO_500_STORE_00318,74260737,복권뱅크,,미상,,,,speedlotto_500,45,first,1,200000000,2026-04-26T12:17:57.919488,2026-04-26T12:17:57.919488,1
SPEEDLOTTO_500_STORE_00319,74860113,창원25시슈퍼(24시로또복권),,미상,,,,speedlotto_500,45,first,1,200000000,2026-04-26T12:17:57.919488,2026-04-26T12:17:57.919488,1
SPEEDLOTTO_500_STORE_00320,71160248,복마니복권방,,미상,,,,speedlotto_500,45,first,1,200000000,2026-04-26T12:17:57.919488,2026-04-26T12:17:57.919488,1
SPEEDLOTTO_500_STORE_00321,74860442,운동장마트,,미상,,,,speedlotto_500,45,first,1,200000000,2026-04-26T12:17:57.919488,2026-04-26T12:17:57.919488,1
SPEEDLOTTO_500_STORE_00322,71160111,복권나라,,미상,,,,speedlotto_500,45,first,1,200000000,2026-04-26T12:17:57.919488,2026-04-26T12:17:57.919488,1
SPEEDLOTTO_500_STORE_00323,74660663,CU목포비파점,,미상,,,,speedlotto_500,45,first,1,200000000,2026-04-26T12:17:57.919488,2026-04-26T12:17:57.919488,1
SPEEDLOTTO_500_STORE_00324,73060444,씨스페이스유성신우점,,미상,,,,speedlotto_500,45,first,1,200000000,2026-04-26T12:17:57.919488,2026-04-26T12:17:57.919488,1
SPEEDLOTTO_500_STORE_00325,74162956,세븐일레븐 안산고잔금강점,,미상,,,,speedlotto_500,45,first,1,200000000,2026-04-26T12:17:57.919488,2026-04-26T12:17:57.919488,1
SPEEDLOTTO_500_STORE_00326,74960026,하나슈퍼,,미상,,,,speedlotto_500,45,first,1,200000000,2026-04-26T12:17:57.919488,2026-04-26T12:17:57.919488,1
SPEEDLOTTO_500_STORE_00327,71161818,CU,,미상,,,,speedlotto_500,45,first,1,200000000,2026-04-26T12:17:57.919488,2026-04-26T12:17:57.919488,1
SPEEDLOTTO_500_STORE_00328,74163317,명진슈퍼,,미상,,,,speedlotto_500,45,first,1,200000000,2026-04-26T12:17:57.919488,2026-04-26T12:17:57.919488,1
SPEEDLOTTO_500_STORE_00329,71164520,양천24,,미상,,,,speedlotto_500,45,first,1,200000000,2026-04-26T12:17:57.919488,2026-04-26T12:17:57.919488,1
SPEEDLOTTO_500_STORE_00330,74163911,복권방,,미상,,,,speedlotto_500,45,first,1,200000000,2026-04-26T12:17:57.919488,2026-04-26T12:17:57.919488,1
SPEEDLOTTO_500_STORE_00331,71160627,세븐일레븐,,미상,,,,speedlotto_500,45,first,1,200000000,2026-04-26T12:17:57.919488,2026-04-26T12:17:57.919488,1
SPEEDLOTTO_500_STORE_00332,74260514,편의점,,미상,,,,speedlotto_500,45,first,1,200000000,2026-04-26T12:17:57.919488,2026-04-26T12:17:57.919488,1
SPEEDLOTTO_500_STORE_00333,74860121,복권방,,미상,,,,speedlotto_500,45,first,1,200000000,2026-04-26T12:17:57.919488,2026-04-26T12:17:57.919488,1
SPEEDLOTTO_500_STORE_00334,72660480,복권천국 복권방,,미상,,,,speedlotto_500,45,first,1,200000000,2026-04-26T12:17:57.919488,2026-04-26T12:17:57.919488,1
SPEEDLOTTO_500_STORE_00335,74460132,편의점,,미상,,,,speedlotto_500,45,first,1,200000000,2026-04-26T12:17:57.919488,2026-04-26T12:17:57.919488,1
SPEEDLOTTO_500_STORE_00336,71162726,가판대,,미상,,,,speedlotto_500,45,first,1,200000000,2026-04-26T12:17:57.919488,2026-04-26T12:17:57.919488,1
SPEEDLOTTO_500_STORE_00337,71162617,편의점,,미상,,,,speedlotto_500,45,first,1,200000000,2026-04-26T12:17:57.919488,2026-04-26T12:17:57.919488,1
SPEEDLOTTO_500_STORE_00338,71161756,복권방,,미상,,,,speedlotto_500,45,first,1,200000000,2026-04-26T12:17:57.919488,2026-04-26T12:17:57.919488,1
SPEEDLOTTO_500_STORE_00339,73160068,우리들 편의점 서부점,,미상,,,,speedlotto_500,45,first,1,200000000,2026-04-26T12:17:57.919488,2026-04-26T12:17:57.919488,1
SPEEDLOTTO_500_STORE_00340,74860224,슈퍼마켓,,미상,,,,speedlotto_500,45,first,1,200000000,2026-04-26T12:17:57.919488,2026-04-26T12:17:57.919488,1
SPEEDLOTTO_500_STORE_00341,74162739,복권방,,미상,,,,speedlotto_500,45,first,1,200000000,2026-04-26T12:17:57.919488,2026-04-26T12:17:57.919488,1
SPEEDLOTTO_500_STORE_00342,74162534,편의점,,미상,,,,speedlotto_500,45,first,1,200000000,2026-04-26T12:17:57.919488,2026-04-26T12:17:57.919488,1
SPEEDLOTTO_500_STORE_00343,74260488,제일복권,,미상,,,,speedlotto_500,45,first,1,200000000,2026-04-26T12:17:57.919488,2026-04-26T12:17:57.919488,1
SPEEDLOTTO_500_STORE_00344,74260444,복권방,,미상,,,,speedlotto_500,45,first,1,200000000,2026-04-26T12:17:57.919488,2026-04-26T12:17:57.919488,1
SPEEDLOTTO_500_STORE_00345,72863021,수퍼마켓,,미상,,,,speedlotto_500,45,first,1,200000000,2026-04-26T12:17:57.919488,2026-04-26T12:17:57.919488,1
SPEEDLOTTO_500_STORE_00346,74160427,만물복권방,,미상,,,,speedlotto_500,45,first,1,200000000,2026-04-26T12:17:57.919488,2026-04-26T12:17:57.919488,1
SPEEDLOTTO_500_STORE_00347,74861125,편의점,,미상,,,,speedlotto_500,45,first,1,200000000,2026-04-26T12:17:57.919488,2026-04-26T12:17:57.919488,1
SPEEDLOTTO_500_STORE_00348,71160697,가판,,미상,,,,speedlotto_500,45,first,1,200000000,2026-04-26T12:17:57.919488,2026-04-26T12:17:57.919488,1
SPEEDLOTTO_500_STORE_00349,74861027,수퍼마켓,,미상,,,,speedlotto_500,45,first,1,200000000,2026-04-26T12:17:57.919488,2026-04-26T12:17:57.919488,1
SPEEDLOTTO_500_STORE_00350,74460594,수퍼마켓,,미상,,,,speedlotto_500,45,first,1,200000000,2026-04-26T12:17:57.919488,2026-04-26T12:17:57.919488,1
SPEEDLOTTO_500_STORE_00351,74560222,편의점,,미상,,,,speedlotto_500,45,first,1,200000000,2026-04-26T12:17:57.919488,2026-04-26T12:17:57.919488,1
SPEEDLOTTO_500_STORE_00352,74860491,편의점,,미상,,,,speedlotto_500,45,first,1,200000000,2026-04-26T12:17:57.919488,2026-04-26T12:17:57.919488,1
SPEEDLOTTO_500_STORE_00353,74164096,복권방,,미상,,,,speedlotto_500,45,first,1,200000000,2026-04-26T12:17:57.919488,2026-04-26T12:17:57.919488,1
SPEEDLOTTO_500_STORE_00354,73060537,원마트 편의점,,미상,,,,speedlotto_500,45,first,1,200000000,2026-04-26T12:17:57.919488,2026-04-26T12:17:57.919488,1
SPEEDLOTTO_500_STORE_00355,74660195,복권방,,미상,,,,speedlotto_500,45,first,1,200000000,2026-04-26T12:17:57.919488,2026-04-26T12:17:57.919488,1
SPEEDLOTTO_500_STORE_00356,74860751,미니스톱,,미상,,,,speedlotto_500,45,first,1,200000000,2026-04-26T12:17:57.919488,2026-04-26T12:17:57.919488,1
SPEEDLOTTO_500_STORE_00357,72660051,편의점,,미상,,,,speedlotto_500,45,first,1,200000000,2026-04-26T12:17:57.919488,2026-04-26T12:17:57.919488,1
SPEEDLOTTO_500_STORE_00358,71163551,슈퍼,,미상,,,,speedlotto_500,45,first,1,200000000,2026-04-26T12:17:57.919488,2026-04-26T12:17:57.919488,1
SPEEDLOTTO_500_STORE_00359,71161183,가판,,미상,,,,speedlotto_500,45,first,1,200000000,2026-04-26T12:17:57.919488,2026-04-26T12:17:57.919488,1
SPEEDLOTTO_500_STORE_00360,71164341,복권방,,미상,,,,speedlotto_500,45,first,1,200000000,2026-04-26T12:17:57.919488,2026-04-26T12:17:57.919488,1
SPEEDLOTTO_500_STORE_00361,73160111,우리들 편의점 서부점,,미상,,,,speedlotto_500,45,first,1,200000000,2026-04-26T12:17:57.919488,2026-04-26T12:17:57.919488,1
SPEEDLOTTO_500_STORE_00362,72960822,편의점,,미상,,,,speedlotto_500,45,first,1,200000000,2026-04-26T12:17:57.919488,2026-04-26T12:17:57.919488,1
SPEEDLOTTO_500_STORE_00363,74162947,편의점,,미상,,,,speedlotto_500,45,first,1,200000000,2026-04-26T12:17:57.919488,2026-04-26T12:17:57.919488,1
SPEEDLOTTO_500_STORE_00364,72660156,복권방,,미상,,,,speedlotto_500,45,first,1,200000000,2026-04-26T12:17:57.919488,2026-04-26T12:17:57.919488,1
SPEEDLOTTO_500_STORE_00365,74160347,토토마트 (구 편의점사랑),,미상,,,,speedlotto_500,44,first,1,200000000,2026-04-26T12:17:59.765725,2026-04-26T12:17:59.765725,1
SPEEDLOTTO_500_STORE_00366,74760625,CSPACE구미옥계점,,미상,,,,speedlotto_500,44,first,1,200000000,2026-04-26T12:17:59.765725,2026-04-26T12:17:59.765725,1
SPEEDLOTTO_500_STORE_00367,74163706,다우토토샵,,미상,,,,speedlotto_500,44,first,1,200000000,2026-04-26T12:17:59.765725,2026-04-26T12:17:59.765725,1
SPEEDLOTTO_500_STORE_00368,74261788,일등당첨,,미상,,,,speedlotto_500,44,first,1,200000000,2026-04-26T12:17:59.765725,2026-04-26T12:17:59.765725,1
SPEEDLOTTO_500_STORE_00369,72662656,황금복권방,,미상,,,,speedlotto_500,44,first,1,200000000,2026-04-26T12:17:59.765725,2026-04-26T12:17:59.765725,1
SPEEDLOTTO_500_STORE_00370,74660464,드림복권(2호광장),,미상,,,,speedlotto_500,44,first,1,200000000,2026-04-26T12:17:59.765725,2026-04-26T12:17:59.765725,1
SPEEDLOTTO_500_STORE_00371,73160721,또로또,,미상,,,,speedlotto_500,44,first,1,200000000,2026-04-26T12:17:59.765725,2026-04-26T12:17:59.765725,1
SPEEDLOTTO_500_STORE_00372,74166759,GS25이동센터점,,미상,,,,speedlotto_500,44,first,1,200000000,2026-04-26T12:17:59.765725,2026-04-26T12:17:59.765725,1
SPEEDLOTTO_500_STORE_00373,74162803,보물섬복권방,,미상,,,,speedlotto_500,44,first,1,200000000,2026-04-26T12:17:59.765725,2026-04-26T12:17:59.765725,1
SPEEDLOTTO_500_STORE_00374,71162035,천하명당복권방,,미상,,,,speedlotto_500,44,first,1,200000000,2026-04-26T12:17:59.765725,2026-04-26T12:17:59.765725,1
SPEEDLOTTO_500_STORE_00375,73061011,금화로또마트,,미상,,,,speedlotto_500,44,first,1,200000000,2026-04-26T12:17:59.765725,2026-04-26T12:17:59.765725,1
SPEEDLOTTO_500_STORE_00376,72960747,오천억복권방,,미상,,,,speedlotto_500,44,first,1,200000000,2026-04-26T12:17:59.765725,2026-04-26T12:17:59.765725,1
SPEEDLOTTO_500_STORE_00377,74163177,명당골복권방,,미상,,,,speedlotto_500,44,first,1,200000000,2026-04-26T12:17:59.765725,2026-04-26T12:17:59.765725,1
SPEEDLOTTO_500_STORE_00378,72661445,CU사상서부,,미상,,,,speedlotto_500,44,first,1,200000000,2026-04-26T12:17:59.765725,2026-04-26T12:17:59.765725,2
SPEEDLOTTO_500_STORE_00379,74661194,스타복권,,미상,,,,speedlotto_500,44,first,1,200000000,2026-04-26T12:17:59.765725,2026-04-26T12:17:59.765725,1
SPEEDLOTTO_500_STORE_00380,74761757,SE왜관희망점,,미상,,,,speedlotto_500,44,first,1,200000000,2026-04-26T12:17:59.765725,2026-04-26T12:17:59.765725,1
SPEEDLOTTO_500_STORE_00381,74661178,제철로또대리점,,미상,,,,speedlotto_500,44,first,1,200000000,2026-04-26T12:17:59.765725,2026-04-26T12:17:59.765725,1
SPEEDLOTTO_500_STORE_00382,74161285,차부상회,,미상,,,,speedlotto_500,44,first,1,200000000,2026-04-26T12:17:59.765725,2026-04-26T12:17:59.765725,1
SPEEDLOTTO_500_STORE_00383,74360035,복덩어리,,미상,,,,speedlotto_500,44,first,1,200000000,2026-04-26T12:17:59.765725,2026-04-26T12:17:59.765725,1
SPEEDLOTTO_500_STORE_00384,72960008,도울복권,,미상,,,,speedlotto_500,44,first,1,200000000,2026-04-26T12:17:59.765725,2026-04-26T12:17:59.765725,1
SPEEDLOTTO_500_STORE_00385,72860361,프리마트,,미상,,,,speedlotto_500,44,first,1,200000000,2026-04-26T12:17:59.765725,2026-04-26T12:17:59.765725,1
SPEEDLOTTO_500_STORE_00386,73160635,삼우슈퍼,,미상,,,,speedlotto_500,44,first,1,200000000,2026-04-26T12:17:59.765725,2026-04-26T12:17:59.765725,1
SPEEDLOTTO_500_STORE_00387,72860822,복권왕국,,미상,,,,speedlotto_500,44,first,1,200000000,2026-04-26T12:17:59.765725,2026-04-26T12:17:59.765725,1
SPEEDLOTTO_500_STORE_00388,73160368,이마트24삼산본동,,미상,,,,speedlotto_500,44,first,1,200000000,2026-04-26T12:17:59.765725,2026-04-26T12:17:59.765725,1
SPEEDLOTTO_500_STORE_00389,74160255,CU 포천가산점,,미상,,,,speedlotto_500,44,first,1,200000000,2026-04-26T12:17:59.765725,2026-04-26T12:17:59.765725,1
SPEEDLOTTO_500_STORE_00390,72960924,진곡산단로또,,미상,,,,speedlotto_500,44,first,1,200000000,2026-04-26T12:17:59.765725,2026-04-26T12:17:59.765725,1
SPEEDLOTTO_500_STORE_00391,74760798,빙그레마트,,미상,,,,speedlotto_500,44,first,1,200000000,2026-04-26T12:17:59.765725,2026-04-26T12:17:59.765725,1
SPEEDLOTTO_500_STORE_00392,74360026,굿모닝복권방,,미상,,,,speedlotto_500,44,first,1,200000000,2026-04-26T12:17:59.765725,2026-04-26T12:17:59.765725,1
SPEEDLOTTO_500_STORE_00393,74760164,옹천왕대박슈퍼,,미상,,,,speedlotto_500,44,first,1,200000000,2026-04-26T12:17:59.765725,2026-04-26T12:17:59.765725,1
SPEEDLOTTO_500_STORE_00394,72861215,노다지복권방(학익),,미상,,,,speedlotto_500,44,first,1,200000000,2026-04-26T12:17:59.765725,2026-04-26T12:17:59.765725,1
SPEEDLOTTO_500_STORE_00395,71163495,CU 송파한화2호점,,미상,,,,speedlotto_500,44,first,1,200000000,2026-04-26T12:17:59.765725,2026-04-26T12:17:59.765725,1
SPEEDLOTTO_500_STORE_00396,74160110,GS 양주신산점,,미상,,,,speedlotto_500,44,first,1,200000000,2026-04-26T12:17:59.765725,2026-04-26T12:17:59.765725,1
SPEEDLOTTO_500_STORE_00397,74761012,로또훼미리마트왜관점,,미상,,,,speedlotto_500,44,first,1,200000000,2026-04-26T12:17:59.765725,2026-04-26T12:17:59.765725,1
SPEEDLOTTO_500_STORE_00398,99999990,미확인 판매점 ,,미상,,,,speedlotto_500,44,first,1,200000000,2026-04-26T12:17:59.765725,2026-04-26T12:17:59.765725,1
SPEEDLOTTO_500_STORE_00399,74460619,GS25봉명희망점,,미상,,,,speedlotto_500,44,first,1,200000000,2026-04-26T12:17:59.765725,2026-04-26T12:17:59.765725,1
SPEEDLOTTO_500_STORE_00400,72960633,채널Q24시로또주월점,,미상,,,,speedlotto_500,44,first,1,200000000,2026-04-26T12:17:59.765725,2026-04-26T12:17:59.765725,1
SPEEDLOTTO_500_STORE_00401,74162879,CU 안산이동제일점,,미상,,,,speedlotto_500,44,first,1,200000000,2026-04-26T12:17:59.765725,2026-04-26T12:17:59.765725,1
SPEEDLOTTO_500_STORE_00402,74861498,채널큐,,미상,,,,speedlotto_500,44,first,1,400000000,2026-04-26T12:17:59.765725,2026-04-26T12:17:59.765725,1
SPEEDLOTTO_500_STORE_00403,74860026,미니스톱 평산점,,미상,,,,speedlotto_500,44,first,1,400000000,2026-04-26T12:17:59.765725,2026-04-26T12:17:59.765725,1
SPEEDLOTTO_500_STORE_00404,72760607,대백마트,,미상,,,,speedlotto_500,44,first,1,200000000,2026-04-26T12:17:59.765725,2026-04-26T12:17:59.765725,1
SPEEDLOTTO_500_STORE_00405,71161288,세븐일레븐,,미상,,,,speedlotto_500,44,first,1,200000000,2026-04-26T12:17:59.765725,2026-04-26T12:17:59.765725,1
SPEEDLOTTO_500_STORE_00406,74163134,CU 구운선경점,,미상,,,,speedlotto_500,44,first,1,200000000,2026-04-26T12:17:59.765725,2026-04-26T12:17:59.765725,1
SPEEDLOTTO_500_STORE_00407,74163861,ANY로또,,미상,,,,speedlotto_500,44,first,1,200000000,2026-04-26T12:17:59.765725,2026-04-26T12:17:59.765725,1
SPEEDLOTTO_500_STORE_00408,71163684,스포츠베팅샵,,미상,,,,speedlotto_500,44,first,1,200000000,2026-04-26T12:17:59.765725,2026-04-26T12:17:59.765725,1
SPEEDLOTTO_500_STORE_00409,74260737,복권뱅크,,미상,,,,speedlotto_500,44,first,1,200000000,2026-04-26T12:17:59.765725,2026-04-26T12:17:59.765725,1
SPEEDLOTTO_500_STORE_00410,74860113,창원25시슈퍼(24시로또복권),,미상,,,,speedlotto_500,44,first,1,200000000,2026-04-26T12:17:59.765725,2026-04-26T12:17:59.765725,1
SPEEDLOTTO_500_STORE_00411,71160248,복마니복권방,,미상,,,,speedlotto_500,44,first,1,200000000,2026-04-26T12:17:59.765725,2026-04-26T12:17:59.765725,1
SPEEDLOTTO_500_STORE_00412,74860442,운동장마트,,미상,,,,speedlotto_500,44,first,1,200000000,2026-04-26T12:17:59.765725,2026-04-26T12:17:59.765725,1
SPEEDLOTTO_500_STORE_00413,71160111,복권나라,,미상,,,,speedlotto_500,44,first,1,200000000,2026-04-26T12:17:59.765725,2026-04-26T12:17:59.765725,1
SPEEDLOTTO_500_STORE_00414,74660663,CU목포비파점,,미상,,,,speedlotto_500,44,first,1,200000000,2026-04-26T12:17:59.765725,2026-04-26T12:17:59.765725,1
SPEEDLOTTO_500_STORE_00415,73060444,씨스페이스유성신우점,,미상,,,,speedlotto_500,44,first,1,200000000,2026-04-26T12:17:59.765725,2026-04-26T12:17:59.765725,1
SPEEDLOTTO_500_STORE_00416,74162956,세븐일레븐 안산고잔금강점,,미상,,,,speedlotto_500,44,first,1,200000000,2026-04-26T12:17:59.765725,2026-04-26T12:17:59.765725,1
SPEEDLOTTO_500_STORE_00417,74960026,하나슈퍼,,미상,,,,speedlotto_500,44,first,1,200000000,2026-04-26T12:17:59.765725,2026-04-26T12:17:59.765725,1
SPEEDLOTTO_500_STORE_00418,71161818,CU,,미상,,,,speedlotto_500,44,first,1,200000000,2026-04-26T12:17:59.765725,2026-04-26T12:17:59.765725,1
SPEEDLOTTO_500_STORE_00419,74163317,명진슈퍼,,미상,,,,speedlotto_500,44,first,1,200000000,2026-04-26T12:17:59.765725,2026-04-26T12:17:59.765725,1
SPEEDLOTTO_500_STORE_00420,71164520,양천24,,미상,,,,speedlotto_500,44,first,1,200000000,2026-04-26T12:17:59.765725,2026-04-26T12:17:59.765725,1
SPEEDLOTTO_500_STORE_00421,74163911,복권방,,미상,,,,speedlotto_500,44,first,1,200000000,2026-04-26T12:17:59.765725,2026-04-26T12:17:59.765725,1
SPEEDLOTTO_500_STORE_00422,71160627,세븐일레븐,,미상,,,,speedlotto_500,44,first,1,200000000,2026-04-26T12:17:59.765725,2026-04-26T12:17:59.765725,1
SPEEDLOTTO_500_STORE_00423,74260514,편의점,,미상,,,,speedlotto_500,44,first,1,200000000,2026-04-26T12:17:59.765725,2026-04-26T12:17:59.765725,1
SPEEDLOTTO_500_STORE_00424,74860121,복권방,,미상,,,,speedlotto_500,44,first,1,200000000,2026-04-26T12:17:59.765725,2026-04-26T12:17:59.765725,1
SPEEDLOTTO_500_STORE_00425,72660480,복권천국 복권방,,미상,,,,speedlotto_500,44,first,1,200000000,2026-04-26T12:17:59.765725,2026-04-26T12:17:59.765725,1
SPEEDLOTTO_500_STORE_00426,74460132,편의점,,미상,,,,speedlotto_500,44,first,1,200000000,2026-04-26T12:17:59.765725,2026-04-26T12:17:59.765725,1
SPEEDLOTTO_500_STORE_00427,71162726,가판대,,미상,,,,speedlotto_500,44,first,1,200000000,2026-04-26T12:17:59.765725,2026-04-26T12:17:59.765725,1
SPEEDLOTTO_500_STORE_00428,71162617,편의점,,미상,,,,speedlotto_500,44,first,1,200000000,2026-04-26T12:17:59.765725,2026-04-26T12:17:59.765725,1
SPEEDLOTTO_500_STORE_00429,71161756,복권방,,미상,,,,speedlotto_500,44,first,1,200000000,2026-04-26T12:17:59.765725,2026-04-26T12:17:59.765725,1
SPEEDLOTTO_500_STORE_00430,73160068,우리들 편의점 서부점,,미상,,,,speedlotto_500,44,first,1,200000000,2026-04-26T12:17:59.765725,2026-04-26T12:17:59.765725,1
SPEEDLOTTO_500_STORE_00431,74860224,슈퍼마켓,,미상,,,,speedlotto_500,44,first,1,200000000,2026-04-26T12:17:59.765725,2026-04-26T12:17:59.765725,1
SPEEDLOTTO_500_STORE_00432,74162739,복권방,,미상,,,,speedlotto_500,44,first,1,200000000,2026-04-26T12:17:59.765725,2026-04-26T12:17:59.765725,1
SPEEDLOTTO_500_STORE_00433,74162534,편의점,,미상,,,,speedlotto_500,44,first,1,200000000,2026-04-26T12:17:59.765725,2026-04-26T12:17:59.765725,1
SPEEDLOTTO_500_STORE_00434,74260488,제일복권,,미상,,,,speedlotto_500,44,first,1,200000000,2026-04-26T12:17:59.765725,2026-04-26T12:17:59.765725,1
SPEEDLOTTO_500_STORE_00435,74260444,복권방,,미상,,,,speedlotto_500,44,first,1,200000000,2026-04-26T12:17:59.765725,2026-04-26T12:17:59.765725,1
SPEEDLOTTO_500_STORE_00436,72863021,수퍼마켓,,미상,,,,speedlotto_500,44,first,1,200000000,2026-04-26T12:17:59.765725,2026-04-26T12:17:59.765725,1
SPEEDLOTTO_500_STORE_00437,74160427,만물복권방,,미상,,,,speedlotto_500,44,first,1,200000000,2026-04-26T12:17:59.765725,2026-04-26T12:17:59.765725,1
SPEEDLOTTO_500_STORE_00438,74861125,편의점,,미상,,,,speedlotto_500,44,first,1,200000000,2026-04-26T12:17:59.765725,2026-04-26T12:17:59.765725,1
SPEEDLOTTO_500_STORE_00439,71160697,가판,,미상,,,,speedlotto_500,44,first,1,200000000,2026-04-26T12:17:59.765725,2026-04-26T12:17:59.765725,1
SPEEDLOTTO_500_STORE_00440,74861027,수퍼마켓,,미상,,,,speedlotto_500,44,first,1,200000000,2026-04-26T12:17:59.765725,2026-04-26T12:17:59.765725,1
SPEEDLOTTO_500_STORE_00441,74460594,수퍼마켓,,미상,,,,speedlotto_500,44,first,1,200000000,2026-04-26T12:17:59.765725,2026-04-26T12:17:59.765725,1
SPEEDLOTTO_500_STORE_00442,74560222,편의점,,미상,,,,speedlotto_500,44,first,1,200000000,2026-04-26T12:17:59.765725,2026-04-26T12:17:59.765725,1
SPEEDLOTTO_500_STORE_00443,74860491,편의점,,미상,,,,speedlotto_500,44,first,1,200000000,2026-04-26T12:17:59.765725,2026-04-26T12:17:59.765725,1
SPEEDLOTTO_500_STORE_00444,74164096,복권방,,미상,,,,speedlotto_500,44,first,1,200000000,2026-04-26T12:17:59.765725,2026-04-26T12:17:59.765725,1
SPEEDLOTTO_500_STORE_00445,73060537,원마트 편의점,,미상,,,,speedlotto_500,44,first,1,200000000,2026-04-26T12:17:59.765725,2026-04-26T12:17:59.765725,1
SPEEDLOTTO_500_STORE_00446,74660195,복권방,,미상,,,,speedlotto_500,44,first,1,200000000,2026-04-26T12:17:59.765725,2026-04-26T12:17:59.765725,1
SPEEDLOTTO_500_STORE_00447,74860751,미니스톱,,미상,,,,speedlotto_500,44,first,1,200000000,2026-04-26T12:17:59.765725,2026-04-26T12:17:59.765725,1
SPEEDLOTTO_500_STORE_00448,72660051,편의점,,미상,,,,speedlotto_500,44,first,1,200000000,2026-04-26T12:17:59.765725,2026-04-26T12:17:59.765725,1
SPEEDLOTTO_500_STORE_00449,71163551,슈퍼,,미상,,,,speedlotto_500,44,first,1,200000000,2026-04-26T12:17:59.765725,2026-04-26T12:17:59.765725,1
SPEEDLOTTO_500_STORE_00450,71161183,가판,,미상,,,,speedlotto_500,44,first,1,200000000,2026-04-26T12:17:59.765725,2026-04-26T12:17:59.765725,1
SPEEDLOTTO_500_STORE_00451,71164341,복권방,,미상,,,,speedlotto_500,44,first,1,200000000,2026-04-26T12:17:59.765725,2026-04-26T12:17:59.765725,1
SPEEDLOTTO_500_STORE_00452,73160111,우리들 편의점 서부점,,미상,,,,speedlotto_500,44,first,1,200000000,2026-04-26T12:17:59.765725,2026-04-26T12:17:59.765725,1
SPEEDLOTTO_500_STORE_00453,72960822,편의점,,미상,,,,speedlotto_500,44,first,1,200000000,2026-04-26T12:17:59.765725,2026-04-26T12:17:59.765725,1
SPEEDLOTTO_500_STORE_00454,74162947,편의점,,미상,,,,speedlotto_500,44,first,1,200000000,2026-04-26T12:17:59.765725,2026-04-26T12:17:59.765725,1
SPEEDLOTTO_500_STORE_00455,72660156,복권방,,미상,,,,speedlotto_500,44,first,1,200000000,2026-04-26T12:17:59.765725,2026-04-26T12:17:59.765725,1
SPEEDLOTTO_500_STORE_00456,74160347,토토마트 (구 편의점사랑),,미상,,,,speedlotto_500,43,first,1,200000000,2026-04-26T12:18:01.626410,2026-04-26T12:18:01.626410,1
SPEEDLOTTO_500_STORE_00457,74760625,CSPACE구미옥계점,,미상,,,,speedlotto_500,43,first,1,200000000,2026-04-26T12:18:01.626410,2026-04-26T12:18:01.626410,1
SPEEDLOTTO_500_STORE_00458,74163706,다우토토샵,,미상,,,,speedlotto_500,43,first,1,200000000,2026-04-26T12:18:01.626410,2026-04-26T12:18:01.626410,1
SPEEDLOTTO_500_STORE_00459,74261788,일등당첨,,미상,,,,speedlotto_500,43,first,1,200000000,2026-04-26T12:18:01.626410,2026-04-26T12:18:01.626410,1
SPEEDLOTTO_500_STORE_00460,72662656,황금복권방,,미상,,,,speedlotto_500,43,first,1,200000000,2026-04-26T12:18:01.626410,2026-04-26T12:18:01.626410,1
SPEEDLOTTO_500_STORE_00461,74660464,드림복권(2호광장),,미상,,,,speedlotto_500,43,first,1,200000000,2026-04-26T12:18:01.626410,2026-04-26T12:18:01.626410,1
SPEEDLOTTO_500_STORE_00462,73160721,또로또,,미상,,,,speedlotto_500,43,first,1,200000000,2026-04-26T12:18:01.626410,2026-04-26T12:18:01.626410,1
SPEEDLOTTO_500_STORE_00463,74166759,GS25이동센터점,,미상,,,,speedlotto_500,43,first,1,200000000,2026-04-26T12:18:01.626410,2026-04-26T12:18:01.626410,1
SPEEDLOTTO_500_STORE_00464,74162803,보물섬복권방,,미상,,,,speedlotto_500,43,first,1,200000000,2026-04-26T12:18:01.626410,2026-04-26T12:18:01.626410,1
SPEEDLOTTO_500_STORE_00465,71162035,천하명당복권방,,미상,,,,speedlotto_500,43,first,1,200000000,2026-04-26T12:18:01.626410,2026-04-26T12:18:01.626410,1
SPEEDLOTTO_500_STORE_00466,73061011,금화로또마트,,미상,,,,speedlotto_500,43,first,1,200000000,2026-04-26T12:18:01.626410,2026-04-26T12:18:01.626410,1
SPEEDLOTTO_500_STORE_00467,72960747,오천억복권방,,미상,,,,speedlotto_500,43,first,1,200000000,2026-04-26T12:18:01.626410,2026-04-26T12:18:01.626410,1
SPEEDLOTTO_500_STORE_00468,74163177,명당골복권방,,미상,,,,speedlotto_500,43,first,1,200000000,2026-04-26T12:18:01.626410,2026-04-26T12:18:01.626410,1
SPEEDLOTTO_500_STORE_00469,72661445,CU사상서부,,미상,,,,speedlotto_500,43,first,1,200000000,2026-04-26T12:18:01.626410,2026-04-26T12:18:01.626410,2
SPEEDLOTTO_500_STORE_00470,74661194,스타복권,,미상,,,,speedlotto_500,43,first,1,200000000,2026-04-26T12:18:01.626410,2026-04-26T12:18:01.626410,1
SPEEDLOTTO_500_STORE_00471,74761757,SE왜관희망점,,미상,,,,speedlotto_500,43,first,1,200000000,2026-04-26T12:18:01.626410,2026-04-26T12:18:01.626410,1
SPEEDLOTTO_500_STORE_00472,74661178,제철로또대리점,,미상,,,,speedlotto_500,43,first,1,200000000,2026-04-26T12:18:01.626410,2026-04-26T12:18:01.626410,1
SPEEDLOTTO_500_STORE_00473,74161285,차부상회,,미상,,,,speedlotto_500,43,first,1,200000000,2026-04-26T12:18:01.626410,2026-04-26T12:18:01.626410,1
SPEEDLOTTO_500_STORE_00474,74360035,복덩어리,,미상,,,,speedlotto_500,43,first,1,200000000,2026-04-26T12:18:01.626410,2026-04-26T12:18:01.626410,1
SPEEDLOTTO_500_STORE_00475,72960008,도울복권,,미상,,,,speedlotto_500,43,first,1,200000000,2026-04-26T12:18:01.626410,2026-04-26T12:18:01.626410,1
SPEEDLOTTO_500_STORE_00476,72860361,프리마트,,미상,,,,speedlotto_500,43,first,1,200000000,2026-04-26T12:18:01.626410,2026-04-26T12:18:01.626410,1
SPEEDLOTTO_500_STORE_00477,73160635,삼우슈퍼,,미상,,,,speedlotto_500,43,first,1,200000000,2026-04-26T12:18:01.626410,2026-04-26T12:18:01.626410,1
SPEEDLOTTO_500_STORE_00478,72860822,복권왕국,,미상,,,,speedlotto_500,43,first,1,200000000,2026-04-26T12:18:01.626410,2026-04-26T12:18:01.626410,1
SPEEDLOTTO_500_STORE_00479,73160368,이마트24삼산본동,,미상,,,,speedlotto_500,43,first,1,200000000,2026-04-26T12:18:01.626410,2026-04-26T12:18:01.626410,1
SPEEDLOTTO_500_STORE_00480,74160255,CU 포천가산점,,미상,,,,speedlotto_500,43,first,1,200000000,2026-04-26T12:18:01.626410,2026-04-26T12:18:01.626410,1
SPEEDLOTTO_500_STORE_00481,72960924,진곡산단로또,,미상,,,,speedlotto_500,43,first,1,200000000,2026-04-26T12:18:01.626410,2026-04-26T12:18:01.626410,1
SPEEDLOTTO_500_STORE_00482,74760798,빙그레마트,,미상,,,,speedlotto_500,43,first,1,200000000,2026-04-26T12:18:01.626410,2026-04-26T12:18:01.626410,1
SPEEDLOTTO_500_STORE_00483,74360026,굿모닝복권방,,미상,,,,speedlotto_500,43,first,1,200000000,2026-04-26T12:18:01.626410,2026-04-26T12:18:01.626410,1
SPEEDLOTTO_500_STORE_00484,74760164,옹천왕대박슈퍼,,미상,,,,speedlotto_500,43,first,1,200000000,2026-04-26T12:18:01.626410,2026-04-26T12:18:01.626410,1
SPEEDLOTTO_500_STORE_00485,72861215,노다지복권방(학익),,미상,,,,speedlotto_500,43,first,1,200000000,2026-04-26T12:18:01.626410,2026-04-26T12:18:01.626410,1
SPEEDLOTTO_500_STORE_00486,71163495,CU 송파한화2호점,,미상,,,,speedlotto_500,43,first,1,200000000,2026-04-26T12:18:01.626410,2026-04-26T12:18:01.626410,1
SPEEDLOTTO_500_STORE_00487,74160110,GS 양주신산점,,미상,,,,speedlotto_500,43,first,1,200000000,2026-04-26T12:18:01.626410,2026-04-26T12:18:01.626410,1
SPEEDLOTTO_500_STORE_00488,74761012,로또훼미리마트왜관점,,미상,,,,speedlotto_500,43,first,1,200000000,2026-04-26T12:18:01.626410,2026-04-26T12:18:01.626410,1
SPEEDLOTTO_500_STORE_00489,99999990,미확인 판매점 ,,미상,,,,speedlotto_500,43,first,1,200000000,2026-04-26T12:18:01.626410,2026-04-26T12:18:01.626410,1
SPEEDLOTTO_500_STORE_00490,74460619,GS25봉명희망점,,미상,,,,speedlotto_500,43,first,1,200000000,2026-04-26T12:18:01.626410,2026-04-26T12:18:01.626410,1
SPEEDLOTTO_500_STORE_00491,72960633,채널Q24시로또주월점,,미상,,,,speedlotto_500,43,first,1,200000000,2026-04-26T12:18:01.626410,2026-04-26T12:18:01.626410,1
SPEEDLOTTO_500_STORE_00492,74162879,CU 안산이동제일점,,미상,,,,speedlotto_500,43,first,1,200000000,2026-04-26T12:18:01.626410,2026-04-26T12:18:01.626410,1
SPEEDLOTTO_500_STORE_00493,74861498,채널큐,,미상,,,,speedlotto_500,43,first,1,400000000,2026-04-26T12:18:01.626410,2026-04-26T12:18:01.626410,1
SPEEDLOTTO_500_STORE_00494,74860026,미니스톱 평산점,,미상,,,,speedlotto_500,43,first,1,400000000,2026-04-26T12:18:01.626410,2026-04-26T12:18:01.626410,1
SPEEDLOTTO_500_STORE_00495,72760607,대백마트,,미상,,,,speedlotto_500,43,first,1,200000000,2026-04-26T12:18:01.626410,2026-04-26T12:18:01.626410,1
SPEEDLOTTO_500_STORE_00496,71161288,세븐일레븐,,미상,,,,speedlotto_500,43,first,1,200000000,2026-04-26T12:18:01.626410,2026-04-26T12:18:01.626410,1
SPEEDLOTTO_500_STORE_00497,74163134,CU 구운선경점,,미상,,,,speedlotto_500,43,first,1,200000000,2026-04-26T12:18:01.626410,2026-04-26T12:18:01.626410,1
SPEEDLOTTO_500_STORE_00498,74163861,ANY로또,,미상,,,,speedlotto_500,43,first,1,200000000,2026-04-26T12:18:01.626410,2026-04-26T12:18:01.626410,1
SPEEDLOTTO_500_STORE_00499,71163684,스포츠베팅샵,,미상,,,,speedlotto_500,43,first,1,200000000,2026-04-26T12:18:01.626410,2026-04-26T12:18:01.626410,1
SPEEDLOTTO_500_STORE_00500,74260737,복권뱅크,,미상,,,,speedlotto_500,43,first,1,200000000,2026-04-26T12:18:01.626410,2026-04-26T12:18:01.626410,1
SPEEDLOTTO_500_STORE_00501,74860113,창원25시슈퍼(24시로또복권),,미상,,,,speedlotto_500,43,first,1,200000000,2026-04-26T12:18:01.626410,2026-04-26T12:18:01.626410,1
SPEEDLOTTO_500_STORE_00502,71160248,복마니복권방,,미상,,,,speedlotto_500,43,first,1,200000000,2026-04-26T12:18:01.626410,2026-04-26T12:18:01.626410,1
SPEEDLOTTO_500_STORE_00503,74860442,운동장마트,,미상,,,,speedlotto_500,43,first,1,200000000,2026-04-26T12:18:01.626410,2026-04-26T12:18:01.626410,1
SPEEDLOTTO_500_STORE_00504,71160111,복권나라,,미상,,,,speedlotto_500,43,first,1,200000000,2026-04-26T12:18:01.626410,2026-04-26T12:18:01.626410,1
SPEEDLOTTO_500_STORE_00505,74660663,CU목포비파점,,미상,,,,speedlotto_500,43,first,1,200000000,2026-04-26T12:18:01.626410,2026-04-26T12:18:01.626410,1
SPEEDLOTTO_500_STORE_00506,73060444,씨스페이스유성신우점,,미상,,,,speedlotto_500,43,first,1,200000000,2026-04-26T12:18:01.626410,2026-04-26T12:18:01.626410,1
SPEEDLOTTO_500_STORE_00507,74162956,세븐일레븐 안산고잔금강점,,미상,,,,speedlotto_500,43,first,1,200000000,2026-04-26T12:18:01.626410,2026-04-26T12:18:01.626410,1
SPEEDLOTTO_500_STORE_00508,74960026,하나슈퍼,,미상,,,,speedlotto_500,43,first,1,200000000,2026-04-26T12:18:01.626410,2026-04-26T12:18:01.626410,1
SPEEDLOTTO_500_STORE_00509,71161818,CU,,미상,,,,speedlotto_500,43,first,1,200000000,2026-04-26T12:18:01.626410,2026-04-26T12:18:01.626410,1
SPEEDLOTTO_500_STORE_00510,74163317,명진슈퍼,,미상,,,,speedlotto_500,43,first,1,200000000,2026-04-26T12:18:01.626410,2026-04-26T12:18:01.626410,1
SPEEDLOTTO_500_STORE_00511,71164520,양천24,,미상,,,,speedlotto_500,43,first,1,200000000,2026-04-26T12:18:01.626410,2026-04-26T12:18:01.626410,1
SPEEDLOTTO_500_STORE_00512,74163911,복권방,,미상,,,,speedlotto_500,43,first,1,200000000,2026-04-26T12:18:01.626410,2026-04-26T12:18:01.626410,1
SPEEDLOTTO_500_STORE_00513,71160627,세븐일레븐,,미상,,,,speedlotto_500,43,first,1,200000000,2026-04-26T12:18:01.626410,2026-04-26T12:18:01.626410,1
SPEEDLOTTO_500_STORE_00514,74260514,편의점,,미상,,,,speedlotto_500,43,first,1,200000000,2026-04-26T12:18:01.626410,2026-04-26T12:18:01.626410,1
SPEEDLOTTO_500_STORE_00515,74860121,복권방,,미상,,,,speedlotto_500,43,first,1,200000000,2026-04-26T12:18:01.626410,2026-04-26T12:18:01.626410,1
SPEEDLOTTO_500_STORE_00516,72660480,복권천국 복권방,,미상,,,,speedlotto_500,43,first,1,200000000,2026-04-26T12:18:01.626410,2026-04-26T12:18:01.626410,1
SPEEDLOTTO_500_STORE_00517,74460132,편의점,,미상,,,,speedlotto_500,43,first,1,200000000,2026-04-26T12:18:01.626410,2026-04-26T12:18:01.626410,1
SPEEDLOTTO_500_STORE_00518,71162726,가판대,,미상,,,,speedlotto_500,43,first,1,200000000,2026-04-26T12:18:01.626410,2026-04-26T12:18:01.626410,1
SPEEDLOTTO_500_STORE_00519,71162617,편의점,,미상,,,,speedlotto_500,43,first,1,200000000,2026-04-26T12:18:01.626410,2026-04-26T12:18:01.626410,1
SPEEDLOTTO_500_STORE_00520,71161756,복권방,,미상,,,,speedlotto_500,43,first,1,200000000,2026-04-26T12:18:01.626410,2026-04-26T12:18:01.626410,1
SPEEDLOTTO_500_STORE_00521,73160068,우리들 편의점 서부점,,미상,,,,speedlotto_500,43,first,1,200000000,2026-04-26T12:18:01.627411,2026-04-26T12:18:01.627411,1
SPEEDLOTTO_500_STORE_00522,74860224,슈퍼마켓,,미상,,,,speedlotto_500,43,first,1,200000000,2026-04-26T12:18:01.627411,2026-04-26T12:18:01.627411,1
SPEEDLOTTO_500_STORE_00523,74162739,복권방,,미상,,,,speedlotto_500,43,first,1,200000000,2026-04-26T12:18:01.627411,2026-04-26T12:18:01.627411,1
SPEEDLOTTO_500_STORE_00524,74162534,편의점,,미상,,,,speedlotto_500,43,first,1,200000000,2026-04-26T12:18:01.627411,2026-04-26T12:18:01.627411,1
SPEEDLOTTO_500_STORE_00525,74260488,제일복권,,미상,,,,speedlotto_500,43,first,1,200000000,2026-04-26T12:18:01.627411,2026-04-26T12:18:01.627411,1
SPEEDLOTTO_500_STORE_00526,74260444,복권방,,미상,,,,speedlotto_500,43,first,1,200000000,2026-04-26T12:18:01.627411,2026-04-26T12:18:01.627411,1
SPEEDLOTTO_500_STORE_00527,72863021,수퍼마켓,,미상,,,,speedlotto_500,43,first,1,200000000,2026-04-26T12:18:01.627411,2026-04-26T12:18:01.627411,1
SPEEDLOTTO_500_STORE_00528,74160427,만물복권방,,미상,,,,speedlotto_500,43,first,1,200000000,2026-04-26T12:18:01.627411,2026-04-26T12:18:01.627411,1
SPEEDLOTTO_500_STORE_00529,74861125,편의점,,미상,,,,speedlotto_500,43,first,1,200000000,2026-04-26T12:18:01.627411,2026-04-26T12:18:01.627411,1
SPEEDLOTTO_500_STORE_00530,71160697,가판,,미상,,,,speedlotto_500,43,first,1,200000000,2026-04-26T12:18:01.627411,2026-04-26T12:18:01.627411,1
SPEEDLOTTO_500_STORE_00531,74861027,수퍼마켓,,미상,,,,speedlotto_500,43,first,1,200000000,2026-04-26T12:18:01.627411,2026-04-26T12:18:01.627411,1
SPEEDLOTTO_500_STORE_00532,74460594,수퍼마켓,,미상,,,,speedlotto_500,43,first,1,200000000,2026-04-26T12:18:01.627411,2026-04-26T12:18:01.627411,1
SPEEDLOTTO_500_STORE_00533,74560222,편의점,,미상,,,,speedlotto_500,43,first,1,200000000,2026-04-26T12:18:01.627411,2026-04-26T12:18:01.627411,1
SPEEDLOTTO_500_STORE_00534,74860491,편의점,,미상,,,,speedlotto_500,43,first,1,200000000,2026-04-26T12:18:01.627411,2026-04-26T12:18:01.627411,1
SPEEDLOTTO_500_STORE_00535,74164096,복권방,,미상,,,,speedlotto_500,43,first,1,200000000,2026-04-26T12:18:01.627411,2026-04-26T12:18:01.627411,1
SPEEDLOTTO_500_STORE_00536,73060537,원마트 편의점,,미상,,,,speedlotto_500,43,first,1,200000000,2026-04-26T12:18:01.627411,2026-04-26T12:18:01.627411,1
SPEEDLOTTO_500_STORE_00537,74660195,복권방,,미상,,,,speedlotto_500,43,first,1,200000000,2026-04-26T12:18:01.627411,2026-04-26T12:18:01.627411,1
SPEEDLOTTO_500_STORE_00538,74860751,미니스톱,,미상,,,,speedlotto_500,43,first,1,200000000,2026-04-26T12:18:01.627411,2026-04-26T12:18:01.627411,1
SPEEDLOTTO_500_STORE_00539,72660051,편의점,,미상,,,,speedlotto_500,43,first,1,200000000,2026-04-26T12:18:01.627411,2026-04-26T12:18:01.627411,1
SPEEDLOTTO_500_STORE_00540,71163551,슈퍼,,미상,,,,speedlotto_500,43,first,1,200000000,2026-04-26T12:18:01.627411,2026-04-26T12:18:01.627411,1
SPEEDLOTTO_500_STORE_00541,71161183,가판,,미상,,,,speedlotto_500,43,first,1,200000000,2026-04-26T12:18:01.627411,2026-04-26T12:18:01.627411,1
SPEEDLOTTO_500_STORE_00542,71164341,복권방,,미상,,,,speedlotto_500,43,first,1,200000000,2026-04-26T12:18:01.627411,2026-04-26T12:18:01.627411,1
SPEEDLOTTO_500_STORE_00543,73160111,우리들 편의점 서부점,,미상,,,,speedlotto_500,43,first,1,200000000,2026-04-26T12:18:01.627411,2026-04-26T12:18:01.627411,1
SPEEDLOTTO_500_STORE_00544,72960822,편의점,,미상,,,,speedlotto_500,43,first,1,200000000,2026-04-26T12:18:01.627411,2026-04-26T12:18:01.627411,1
SPEEDLOTTO_500_STORE_00545,74162947,편의점,,미상,,,,speedlotto_500,43,first,1,200000000,2026-04-26T12:18:01.627411,2026-04-26T12:18:01.627411,1
SPEEDLOTTO_500_STORE_00546,72660156,복권방,,미상,,,,speedlotto_500,43,first,1,200000000,2026-04-26T12:18:01.627411,2026-04-26T12:18:01.627411,1
SPEEDLOTTO_500_STORE_00547,74160347,토토마트 (구 편의점사랑),,미상,,,,speedlotto_500,42,first,1,200000000,2026-04-26T12:18:03.473266,2026-04-26T12:18:03.473266,1
SPEEDLOTTO_500_STORE_00548,74760625,CSPACE구미옥계점,,미상,,,,speedlotto_500,42,first,1,200000000,2026-04-26T12:18:03.473266,2026-04-26T12:18:03.473266,1
SPEEDLOTTO_500_STORE_00549,74163706,다우토토샵,,미상,,,,speedlotto_500,42,first,1,200000000,2026-04-26T12:18:03.473266,2026-04-26T12:18:03.473266,1
SPEEDLOTTO_500_STORE_00550,74261788,일등당첨,,미상,,,,speedlotto_500,42,first,1,200000000,2026-04-26T12:18:03.473266,2026-04-26T12:18:03.473266,1
SPEEDLOTTO_500_STORE_00551,72662656,황금복권방,,미상,,,,speedlotto_500,42,first,1,200000000,2026-04-26T12:18:03.473266,2026-04-26T12:18:03.473266,1
SPEEDLOTTO_500_STORE_00552,74660464,드림복권(2호광장),,미상,,,,speedlotto_500,42,first,1,200000000,2026-04-26T12:18:03.473266,2026-04-26T12:18:03.473266,1
SPEEDLOTTO_500_STORE_00553,73160721,또로또,,미상,,,,speedlotto_500,42,first,1,200000000,2026-04-26T12:18:03.473266,2026-04-26T12:18:03.473266,1
SPEEDLOTTO_500_STORE_00554,74166759,GS25이동센터점,,미상,,,,speedlotto_500,42,first,1,200000000,2026-04-26T12:18:03.473266,2026-04-26T12:18:03.473266,1
SPEEDLOTTO_500_STORE_00555,74162803,보물섬복권방,,미상,,,,speedlotto_500,42,first,1,200000000,2026-04-26T12:18:03.473266,2026-04-26T12:18:03.473266,1
SPEEDLOTTO_500_STORE_00556,71162035,천하명당복권방,,미상,,,,speedlotto_500,42,first,1,200000000,2026-04-26T12:18:03.473266,2026-04-26T12:18:03.473266,1
SPEEDLOTTO_500_STORE_00557,73061011,금화로또마트,,미상,,,,speedlotto_500,42,first,1,200000000,2026-04-26T12:18:03.473266,2026-04-26T12:18:03.473266,1
SPEEDLOTTO_500_STORE_00558,72960747,오천억복권방,,미상,,,,speedlotto_500,42,first,1,200000000,2026-04-26T12:18:03.474266,2026-04-26T12:18:03.474266,1
SPEEDLOTTO_500_STORE_00559,74163177,명당골복권방,,미상,,,,speedlotto_500,42,first,1,200000000,2026-04-26T12:18:03.474266,2026-04-26T12:18:03.474266,1
SPEEDLOTTO_500_STORE_00560,72661445,CU사상서부,,미상,,,,speedlotto_500,42,first,1,200000000,2026-04-26T12:18:03.474266,2026-04-26T12:18:03.474266,2
SPEEDLOTTO_500_STORE_00561,74661194,스타복권,,미상,,,,speedlotto_500,42,first,1,200000000,2026-04-26T12:18:03.474266,2026-04-26T12:18:03.474266,1
SPEEDLOTTO_500_STORE_00562,74761757,SE왜관희망점,,미상,,,,speedlotto_500,42,first,1,200000000,2026-04-26T12:18:03.474266,2026-04-26T12:18:03.474266,1
SPEEDLOTTO_500_STORE_00563,74661178,제철로또대리점,,미상,,,,speedlotto_500,42,first,1,200000000,2026-04-26T12:18:03.474266,2026-04-26T12:18:03.474266,1
SPEEDLOTTO_500_STORE_00564,74161285,차부상회,,미상,,,,speedlotto_500,42,first,1,200000000,2026-04-26T12:18:03.474266,2026-04-26T12:18:03.474266,1
SPEEDLOTTO_500_STORE_00565,74360035,복덩어리,,미상,,,,speedlotto_500,42,first,1,200000000,2026-04-26T12:18:03.474266,2026-04-26T12:18:03.474266,1
SPEEDLOTTO_500_STORE_00566,72960008,도울복권,,미상,,,,speedlotto_500,42,first,1,200000000,2026-04-26T12:18:03.474266,2026-04-26T12:18:03.474266,1
SPEEDLOTTO_500_STORE_00567,72860361,프리마트,,미상,,,,speedlotto_500,42,first,1,200000000,2026-04-26T12:18:03.474266,2026-04-26T12:18:03.474266,1
SPEEDLOTTO_500_STORE_00568,73160635,삼우슈퍼,,미상,,,,speedlotto_500,42,first,1,200000000,2026-04-26T12:18:03.474266,2026-04-26T12:18:03.474266,1
SPEEDLOTTO_500_STORE_00569,72860822,복권왕국,,미상,,,,speedlotto_500,42,first,1,200000000,2026-04-26T12:18:03.474266,2026-04-26T12:18:03.474266,1
SPEEDLOTTO_500_STORE_00570,73160368,이마트24삼산본동,,미상,,,,speedlotto_500,42,first,1,200000000,2026-04-26T12:18:03.474266,2026-04-26T12:18:03.474266,1
SPEEDLOTTO_500_STORE_00571,74160255,CU 포천가산점,,미상,,,,speedlotto_500,42,first,1,200000000,2026-04-26T12:18:03.474266,2026-04-26T12:18:03.474266,1
SPEEDLOTTO_500_STORE_00572,72960924,진곡산단로또,,미상,,,,speedlotto_500,42,first,1,200000000,2026-04-26T12:18:03.474266,2026-04-26T12:18:03.474266,1
SPEEDLOTTO_500_STORE_00573,74760798,빙그레마트,,미상,,,,speedlotto_500,42,first,1,200000000,2026-04-26T12:18:03.474266,2026-04-26T12:18:03.474266,1
SPEEDLOTTO_500_STORE_00574,74360026,굿모닝복권방,,미상,,,,speedlotto_500,42,first,1,200000000,2026-04-26T12:18:03.474266,2026-04-26T12:18:03.474266,1
SPEEDLOTTO_500_STORE_00575,74760164,옹천왕대박슈퍼,,미상,,,,speedlotto_500,42,first,1,200000000,2026-04-26T12:18:03.474266,2026-04-26T12:18:03.474266,1
SPEEDLOTTO_500_STORE_00576,72861215,노다지복권방(학익),,미상,,,,speedlotto_500,42,first,1,200000000,2026-04-26T12:18:03.474266,2026-04-26T12:18:03.474266,1
SPEEDLOTTO_500_STORE_00577,71163495,CU 송파한화2호점,,미상,,,,speedlotto_500,42,first,1,200000000,2026-04-26T12:18:03.474266,2026-04-26T12:18:03.474266,1
SPEEDLOTTO_500_STORE_00578,74160110,GS 양주신산점,,미상,,,,speedlotto_500,42,first,1,200000000,2026-04-26T12:18:03.474266,2026-04-26T12:18:03.474266,1
SPEEDLOTTO_500_STORE_00579,74761012,로또훼미리마트왜관점,,미상,,,,speedlotto_500,42,first,1,200000000,2026-04-26T12:18:03.474266,2026-04-26T12:18:03.474266,1
SPEEDLOTTO_500_STORE_00580,99999990,미확인 판매점 ,,미상,,,,speedlotto_500,42,first,1,200000000,2026-04-26T12:18:03.474266,2026-04-26T12:18:03.474266,1
SPEEDLOTTO_500_STORE_00581,74460619,GS25봉명희망점,,미상,,,,speedlotto_500,42,first,1,200000000,2026-04-26T12:18:03.474266,2026-04-26T12:18:03.474266,1
SPEEDLOTTO_500_STORE_00582,72960633,채널Q24시로또주월점,,미상,,,,speedlotto_500,42,first,1,200000000,2026-04-26T12:18:03.474266,2026-04-26T12:18:03.474266,1
SPEEDLOTTO_500_STORE_00583,74162879,CU 안산이동제일점,,미상,,,,speedlotto_500,42,first,1,200000000,2026-04-26T12:18:03.474266,2026-04-26T12:18:03.474266,1
SPEEDLOTTO_500_STORE_00584,74861498,채널큐,,미상,,,,speedlotto_500,42,first,1,400000000,2026-04-26T12:18:03.474266,2026-04-26T12:18:03.474266,1
SPEEDLOTTO_500_STORE_00585,74860026,미니스톱 평산점,,미상,,,,speedlotto_500,42,first,1,400000000,2026-04-26T12:18:03.474266,2026-04-26T12:18:03.474266,1
SPEEDLOTTO_500_STORE_00586,72760607,대백마트,,미상,,,,speedlotto_500,42,first,1,200000000,2026-04-26T12:18:03.474266,2026-04-26T12:18:03.474266,1
SPEEDLOTTO_500_STORE_00587,71161288,세븐일레븐,,미상,,,,speedlotto_500,42,first,1,200000000,2026-04-26T12:18:03.474266,2026-04-26T12:18:03.474266,1
SPEEDLOTTO_500_STORE_00588,74163134,CU 구운선경점,,미상,,,,speedlotto_500,42,first,1,200000000,2026-04-26T12:18:03.474266,2026-04-26T12:18:03.474266,1
SPEEDLOTTO_500_STORE_00589,74163861,ANY로또,,미상,,,,speedlotto_500,42,first,1,200000000,2026-04-26T12:18:03.474266,2026-04-26T12:18:03.474266,1
SPEEDLOTTO_500_STORE_00590,71163684,스포츠베팅샵,,미상,,,,speedlotto_500,42,first,1,200000000,2026-04-26T12:18:03.474266,2026-04-26T12:18:03.474266,1
SPEEDLOTTO_500_STORE_00591,74260737,복권뱅크,,미상,,,,speedlotto_500,42,first,1,200000000,2026-04-26T12:18:03.474266,2026-04-26T12:18:03.474266,1
SPEEDLOTTO_500_STORE_00592,74860113,창원25시슈퍼(24시로또복권),,미상,,,,speedlotto_500,42,first,1,200000000,2026-04-26T12:18:03.474266,2026-04-26T12:18:03.474266,1
SPEEDLOTTO_500_STORE_00593,71160248,복마니복권방,,미상,,,,speedlotto_500,42,first,1,200000000,2026-04-26T12:18:03.474266,2026-04-26T12:18:03.474266,1
SPEEDLOTTO_500_STORE_00594,74860442,운동장마트,,미상,,,,speedlotto_500,42,first,1,200000000,2026-04-26T12:18:03.474266,2026-04-26T12:18:03.474266,1
SPEEDLOTTO_500_STORE_00595,71160111,복권나라,,미상,,,,speedlotto_500,42,first,1,200000000,2026-04-26T12:18:03.474266,2026-04-26T12:18:03.474266,1
SPEEDLOTTO_500_STORE_00596,74660663,CU목포비파점,,미상,,,,speedlotto_500,42,first,1,200000000,2026-04-26T12:18:03.474266,2026-04-26T12:18:03.474266,1
SPEEDLOTTO_500_STORE_00597,73060444,씨스페이스유성신우점,,미상,,,,speedlotto_500,42,first,1,200000000,2026-04-26T12:18:03.474266,2026-04-26T12:18:03.474266,1
SPEEDLOTTO_500_STORE_00598,74162956,세븐일레븐 안산고잔금강점,,미상,,,,speedlotto_500,42,first,1,200000000,2026-04-26T12:18:03.474266,2026-04-26T12:18:03.474266,1
SPEEDLOTTO_500_STORE_00599,74960026,하나슈퍼,,미상,,,,speedlotto_500,42,first,1,200000000,2026-04-26T12:18:03.474266,2026-04-26T12:18:03.474266,1
SPEEDLOTTO_500_STORE_00600,71161818,CU,,미상,,,,speedlotto_500,42,first,1,200000000,2026-04-26T12:18:03.474266,2026-04-26T12:18:03.474266,1
SPEEDLOTTO_500_STORE_00601,74163317,명진슈퍼,,미상,,,,speedlotto_500,42,first,1,200000000,2026-04-26T12:18:03.474266,2026-04-26T12:18:03.474266,1
SPEEDLOTTO_500_STORE_00602,71164520,양천24,,미상,,,,speedlotto_500,42,first,1,200000000,2026-04-26T12:18:03.474266,2026-04-26T12:18:03.474266,1
SPEEDLOTTO_500_STORE_00603,74163911,복권방,,미상,,,,speedlotto_500,42,first,1,200000000,2026-04-26T12:18:03.474266,2026-04-26T12:18:03.474266,1
SPEEDLOTTO_500_STORE_00604,71160627,세븐일레븐,,미상,,,,speedlotto_500,42,first,1,200000000,2026-04-26T12:18:03.474266,2026-04-26T12:18:03.474266,1
SPEEDLOTTO_500_STORE_00605,74260514,편의점,,미상,,,,speedlotto_500,42,first,1,200000000,2026-04-26T12:18:03.474266,2026-04-26T12:18:03.474266,1
SPEEDLOTTO_500_STORE_00606,74860121,복권방,,미상,,,,speedlotto_500,42,first,1,200000000,2026-04-26T12:18:03.474266,2026-04-26T12:18:03.474266,1
SPEEDLOTTO_500_STORE_00607,72660480,복권천국 복권방,,미상,,,,speedlotto_500,42,first,1,200000000,2026-04-26T12:18:03.474266,2026-04-26T12:18:03.474266,1
SPEEDLOTTO_500_STORE_00608,74460132,편의점,,미상,,,,speedlotto_500,42,first,1,200000000,2026-04-26T12:18:03.474266,2026-04-26T12:18:03.474266,1
SPEEDLOTTO_500_STORE_00609,71162726,가판대,,미상,,,,speedlotto_500,42,first,1,200000000,2026-04-26T12:18:03.474266,2026-04-26T12:18:03.474266,1
SPEEDLOTTO_500_STORE_00610,71162617,편의점,,미상,,,,speedlotto_500,42,first,1,200000000,2026-04-26T12:18:03.474266,2026-04-26T12:18:03.474266,1
SPEEDLOTTO_500_STORE_00611,71161756,복권방,,미상,,,,speedlotto_500,42,first,1,200000000,2026-04-26T12:18:03.474266,2026-04-26T12:18:03.474266,1
SPEEDLOTTO_500_STORE_00612,73160068,우리들 편의점 서부점,,미상,,,,speedlotto_500,42,first,1,200000000,2026-04-26T12:18:03.474266,2026-04-26T12:18:03.474266,1
SPEEDLOTTO_500_STORE_00613,74860224,슈퍼마켓,,미상,,,,speedlotto_500,42,first,1,200000000,2026-04-26T12:18:03.474266,2026-04-26T12:18:03.474266,1
SPEEDLOTTO_500_STORE_00614,74162739,복권방,,미상,,,,speedlotto_500,42,first,1,200000000,2026-04-26T12:18:03.474266,2026-04-26T12:18:03.474266,1
SPEEDLOTTO_500_STORE_00615,74162534,편의점,,미상,,,,speedlotto_500,42,first,1,200000000,2026-04-26T12:18:03.474266,2026-04-26T12:18:03.474266,1
SPEEDLOTTO_500_STORE_00616,74260488,제일복권,,미상,,,,speedlotto_500,42,first,1,200000000,2026-04-26T12:18:03.474266,2026-04-26T12:18:03.474266,1
SPEEDLOTTO_500_STORE_00617,74260444,복권방,,미상,,,,speedlotto_500,42,first,1,200000000,2026-04-26T12:18:03.474266,2026-04-26T12:18:03.474266,1
SPEEDLOTTO_500_STORE_00618,72863021,수퍼마켓,,미상,,,,speedlotto_500,42,first,1,200000000,2026-04-26T12:18:03.474266,2026-04-26T12:18:03.474266,1
SPEEDLOTTO_500_STORE_00619,74160427,만물복권방,,미상,,,,speedlotto_500,42,first,1,200000000,2026-04-26T12:18:03.474266,2026-04-26T12:18:03.474266,1
SPEEDLOTTO_500_STORE_00620,74861125,편의점,,미상,,,,speedlotto_500,42,first,1,200000000,2026-04-26T12:18:03.474266,2026-04-26T12:18:03.474266,1
SPEEDLOTTO_500_STORE_00621,71160697,가판,,미상,,,,speedlotto_500,42,first,1,200000000,2026-04-26T12:18:03.474266,2026-04-26T12:18:03.474266,1
SPEEDLOTTO_500_STORE_00622,74861027,수퍼마켓,,미상,,,,speedlotto_500,42,first,1,200000000,2026-04-26T12:18:03.474266,2026-04-26T12:18:03.474266,1
SPEEDLOTTO_500_STORE_00623,74460594,수퍼마켓,,미상,,,,speedlotto_500,42,first,1,200000000,2026-04-26T12:18:03.474266,2026-04-26T12:18:03.474266,1
SPEEDLOTTO_500_STORE_00624,74560222,편의점,,미상,,,,speedlotto_500,42,first,1,200000000,2026-04-26T12:18:03.474266,2026-04-26T12:18:03.474266,1
SPEEDLOTTO_500_STORE_00625,74860491,편의점,,미상,,,,speedlotto_500,42,first,1,200000000,2026-04-26T12:18:03.474266,2026-04-26T12:18:03.474266,1
SPEEDLOTTO_500_STORE_00626,74164096,복권방,,미상,,,,speedlotto_500,42,first,1,200000000,2026-04-26T12:18:03.474266,2026-04-26T12:18:03.474266,1
SPEEDLOTTO_500_STORE_00627,73060537,원마트 편의점,,미상,,,,speedlotto_500,42,first,1,200000000,2026-04-26T12:18:03.474266,2026-04-26T12:18:03.474266,1
SPEEDLOTTO_500_STORE_00628,74660195,복권방,,미상,,,,speedlotto_500,42,first,1,200000000,2026-04-26T12:18:03.474266,2026-04-26T12:18:03.474266,1
SPEEDLOTTO_500_STORE_00629,74860751,미니스톱,,미상,,,,speedlotto_500,42,first,1,200000000,2026-04-26T12:18:03.474266,2026-04-26T12:18:03.474266,1
SPEEDLOTTO_500_STORE_00630,72660051,편의점,,미상,,,,speedlotto_500,42,first,1,200000000,2026-04-26T12:18:03.474266,2026-04-26T12:18:03.474266,1
SPEEDLOTTO_500_STORE_00631,71163551,슈퍼,,미상,,,,speedlotto_500,42,first,1,200000000,2026-04-26T12:18:03.474266,2026-04-26T12:18:03.474266,1
SPEEDLOTTO_500_STORE_00632,71161183,가판,,미상,,,,speedlotto_500,42,first,1,200000000,2026-04-26T12:18:03.474266,2026-04-26T12:18:03.474266,1
SPEEDLOTTO_500_STORE_00633,71164341,복권방,,미상,,,,speedlotto_500,42,first,1,200000000,2026-04-26T12:18:03.474266,2026-04-26T12:18:03.474266,1
SPEEDLOTTO_500_STORE_00634,73160111,우리들 편의점 서부점,,미상,,,,speedlotto_500,42,first,1,200000000,2026-04-26T12:18:03.474266,2026-04-26T12:18:03.474266,1
SPEEDLOTTO_500_STORE_00635,72960822,편의점,,미상,,,,speedlotto_500,42,first,1,200000000,2026-04-26T12:18:03.474266,2026-04-26T12:18:03.474266,1
SPEEDLOTTO_500_STORE_00636,74162947,편의점,,미상,,,,speedlotto_500,42,first,1,200000000,2026-04-26T12:18:03.474266,2026-04-26T12:18:03.474266,1
SPEEDLOTTO_500_STORE_00637,72660156,복권방,,미상,,,,speedlotto_500,42,first,1,200000000,2026-04-26T12:18:03.474266,2026-04-26T12:18:03.474266,1
SPEEDLOTTO_500_STORE_00638,74160347,토토마트 (구 편의점사랑),,미상,,,,speedlotto_500,41,first,1,200000000,2026-04-26T12:18:05.331251,2026-04-26T12:18:05.331251,1
SPEEDLOTTO_500_STORE_00639,74760625,CSPACE구미옥계점,,미상,,,,speedlotto_500,41,first,1,200000000,2026-04-26T12:18:05.331251,2026-04-26T12:18:05.331251,1
SPEEDLOTTO_500_STORE_00640,74163706,다우토토샵,,미상,,,,speedlotto_500,41,first,1,200000000,2026-04-26T12:18:05.331251,2026-04-26T12:18:05.331251,1
SPEEDLOTTO_500_STORE_00641,74261788,일등당첨,,미상,,,,speedlotto_500,41,first,1,200000000,2026-04-26T12:18:05.331251,2026-04-26T12:18:05.331251,1
SPEEDLOTTO_500_STORE_00642,72662656,황금복권방,,미상,,,,speedlotto_500,41,first,1,200000000,2026-04-26T12:18:05.331251,2026-04-26T12:18:05.331251,1
SPEEDLOTTO_500_STORE_00643,74660464,드림복권(2호광장),,미상,,,,speedlotto_500,41,first,1,200000000,2026-04-26T12:18:05.331251,2026-04-26T12:18:05.331251,1
SPEEDLOTTO_500_STORE_00644,73160721,또로또,,미상,,,,speedlotto_500,41,first,1,200000000,2026-04-26T12:18:05.331251,2026-04-26T12:18:05.331251,1
SPEEDLOTTO_500_STORE_00645,74166759,GS25이동센터점,,미상,,,,speedlotto_500,41,first,1,200000000,2026-04-26T12:18:05.331251,2026-04-26T12:18:05.331251,1
SPEEDLOTTO_500_STORE_00646,74162803,보물섬복권방,,미상,,,,speedlotto_500,41,first,1,200000000,2026-04-26T12:18:05.331251,2026-04-26T12:18:05.331251,1
SPEEDLOTTO_500_STORE_00647,71162035,천하명당복권방,,미상,,,,speedlotto_500,41,first,1,200000000,2026-04-26T12:18:05.331251,2026-04-26T12:18:05.331251,1
SPEEDLOTTO_500_STORE_00648,73061011,금화로또마트,,미상,,,,speedlotto_500,41,first,1,200000000,2026-04-26T12:18:05.331251,2026-04-26T12:18:05.331251,1
SPEEDLOTTO_500_STORE_00649,72960747,오천억복권방,,미상,,,,speedlotto_500,41,first,1,200000000,2026-04-26T12:18:05.331251,2026-04-26T12:18:05.331251,1
SPEEDLOTTO_500_STORE_00650,74163177,명당골복권방,,미상,,,,speedlotto_500,41,first,1,200000000,2026-04-26T12:18:05.331251,2026-04-26T12:18:05.331251,1
SPEEDLOTTO_500_STORE_00651,72661445,CU사상서부,,미상,,,,speedlotto_500,41,first,1,200000000,2026-04-26T12:18:05.331251,2026-04-26T12:18:05.331251,2
SPEEDLOTTO_500_STORE_00652,74661194,스타복권,,미상,,,,speedlotto_500,41,first,1,200000000,2026-04-26T12:18:05.331251,2026-04-26T12:18:05.331251,1
SPEEDLOTTO_500_STORE_00653,74761757,SE왜관희망점,,미상,,,,speedlotto_500,41,first,1,200000000,2026-04-26T12:18:05.331251,2026-04-26T12:18:05.331251,1
SPEEDLOTTO_500_STORE_00654,74661178,제철로또대리점,,미상,,,,speedlotto_500,41,first,1,200000000,2026-04-26T12:18:05.331251,2026-04-26T12:18:05.331251,1
SPEEDLOTTO_500_STORE_00655,74161285,차부상회,,미상,,,,speedlotto_500,41,first,1,200000000,2026-04-26T12:18:05.331251,2026-04-26T12:18:05.331251,1
SPEEDLOTTO_500_STORE_00656,74360035,복덩어리,,미상,,,,speedlotto_500,41,first,1,200000000,2026-04-26T12:18:05.331251,2026-04-26T12:18:05.331251,1
SPEEDLOTTO_500_STORE_00657,72960008,도울복권,,미상,,,,speedlotto_500,41,first,1,200000000,2026-04-26T12:18:05.331251,2026-04-26T12:18:05.331251,1
SPEEDLOTTO_500_STORE_00658,72860361,프리마트,,미상,,,,speedlotto_500,41,first,1,200000000,2026-04-26T12:18:05.331251,2026-04-26T12:18:05.331251,1
SPEEDLOTTO_500_STORE_00659,73160635,삼우슈퍼,,미상,,,,speedlotto_500,41,first,1,200000000,2026-04-26T12:18:05.331251,2026-04-26T12:18:05.331251,1
SPEEDLOTTO_500_STORE_00660,72860822,복권왕국,,미상,,,,speedlotto_500,41,first,1,200000000,2026-04-26T12:18:05.331251,2026-04-26T12:18:05.331251,1
SPEEDLOTTO_500_STORE_00661,73160368,이마트24삼산본동,,미상,,,,speedlotto_500,41,first,1,200000000,2026-04-26T12:18:05.331251,2026-04-26T12:18:05.331251,1
SPEEDLOTTO_500_STORE_00662,74160255,CU 포천가산점,,미상,,,,speedlotto_500,41,first,1,200000000,2026-04-26T12:18:05.331251,2026-04-26T12:18:05.331251,1
SPEEDLOTTO_500_STORE_00663,72960924,진곡산단로또,,미상,,,,speedlotto_500,41,first,1,200000000,2026-04-26T12:18:05.331251,2026-04-26T12:18:05.331251,1
SPEEDLOTTO_500_STORE_00664,74760798,빙그레마트,,미상,,,,speedlotto_500,41,first,1,200000000,2026-04-26T12:18:05.331251,2026-04-26T12:18:05.331251,1
SPEEDLOTTO_500_STORE_00665,74360026,굿모닝복권방,,미상,,,,speedlotto_500,41,first,1,200000000,2026-04-26T12:18:05.331251,2026-04-26T12:18:05.331251,1
SPEEDLOTTO_500_STORE_00666,74760164,옹천왕대박슈퍼,,미상,,,,speedlotto_500,41,first,1,200000000,2026-04-26T12:18:05.331251,2026-04-26T12:18:05.331251,1
SPEEDLOTTO_500_STORE_00667,72861215,노다지복권방(학익),,미상,,,,speedlotto_500,41,first,1,200000000,2026-04-26T12:18:05.331251,2026-04-26T12:18:05.331251,1
SPEEDLOTTO_500_STORE_00668,71163495,CU 송파한화2호점,,미상,,,,speedlotto_500,41,first,1,200000000,2026-04-26T12:18:05.331251,2026-04-26T12:18:05.331251,1
SPEEDLOTTO_500_STORE_00669,74160110,GS 양주신산점,,미상,,,,speedlotto_500,41,first,1,200000000,2026-04-26T12:18:05.331251,2026-04-26T12:18:05.331251,1
SPEEDLOTTO_500_STORE_00670,74761012,로또훼미리마트왜관점,,미상,,,,speedlotto_500,41,first,1,200000000,2026-04-26T12:18:05.331251,2026-04-26T12:18:05.331251,1
SPEEDLOTTO_500_STORE_00671,99999990,미확인 판매점 ,,미상,,,,speedlotto_500,41,first,1,200000000,2026-04-26T12:18:05.331251,2026-04-26T12:18:05.331251,1
SPEEDLOTTO_500_STORE_00672,74460619,GS25봉명희망점,,미상,,,,speedlotto_500,41,first,1,200000000,2026-04-26T12:18:05.331251,2026-04-26T12:18:05.331251,1
SPEEDLOTTO_500_STORE_00673,72960633,채널Q24시로또주월점,,미상,,,,speedlotto_500,41,first,1,200000000,2026-04-26T12:18:05.331251,2026-04-26T12:18:05.331251,1
SPEEDLOTTO_500_STORE_00674,74162879,CU 안산이동제일점,,미상,,,,speedlotto_500,41,first,1,200000000,2026-04-26T12:18:05.331251,2026-04-26T12:18:05.331251,1
SPEEDLOTTO_500_STORE_00675,74861498,채널큐,,미상,,,,speedlotto_500,41,first,1,400000000,2026-04-26T12:18:05.331251,2026-04-26T12:18:05.331251,1
SPEEDLOTTO_500_STORE_00676,74860026,미니스톱 평산점,,미상,,,,speedlotto_500,41,first,1,400000000,2026-04-26T12:18:05.331251,2026-04-26T12:18:05.331251,1
SPEEDLOTTO_500_STORE_00677,72760607,대백마트,,미상,,,,speedlotto_500,41,first,1,200000000,2026-04-26T12:18:05.331251,2026-04-26T12:18:05.331251,1
SPEEDLOTTO_500_STORE_00678,71161288,세븐일레븐,,미상,,,,speedlotto_500,41,first,1,200000000,2026-04-26T12:18:05.331251,2026-04-26T12:18:05.331251,1
SPEEDLOTTO_500_STORE_00679,74163134,CU 구운선경점,,미상,,,,speedlotto_500,41,first,1,200000000,2026-04-26T12:18:05.331251,2026-04-26T12:18:05.331251,1
SPEEDLOTTO_500_STORE_00680,74163861,ANY로또,,미상,,,,speedlotto_500,41,first,1,200000000,2026-04-26T12:18:05.331251,2026-04-26T12:18:05.331251,1
SPEEDLOTTO_500_STORE_00681,71163684,스포츠베팅샵,,미상,,,,speedlotto_500,41,first,1,200000000,2026-04-26T12:18:05.331251,2026-04-26T12:18:05.331251,1
SPEEDLOTTO_500_STORE_00682,74260737,복권뱅크,,미상,,,,speedlotto_500,41,first,1,200000000,2026-04-26T12:18:05.331251,2026-04-26T12:18:05.331251,1
SPEEDLOTTO_500_STORE_00683,74860113,창원25시슈퍼(24시로또복권),,미상,,,,speedlotto_500,41,first,1,200000000,2026-04-26T12:18:05.331251,2026-04-26T12:18:05.331251,1
SPEEDLOTTO_500_STORE_00684,71160248,복마니복권방,,미상,,,,speedlotto_500,41,first,1,200000000,2026-04-26T12:18:05.331251,2026-04-26T12:18:05.331251,1
SPEEDLOTTO_500_STORE_00685,74860442,운동장마트,,미상,,,,speedlotto_500,41,first,1,200000000,2026-04-26T12:18:05.331251,2026-04-26T12:18:05.331251,1
SPEEDLOTTO_500_STORE_00686,71160111,복권나라,,미상,,,,speedlotto_500,41,first,1,200000000,2026-04-26T12:18:05.331251,2026-04-26T12:18:05.331251,1
SPEEDLOTTO_500_STORE_00687,74660663,CU목포비파점,,미상,,,,speedlotto_500,41,first,1,200000000,2026-04-26T12:18:05.331251,2026-04-26T12:18:05.331251,1
SPEEDLOTTO_500_STORE_00688,73060444,씨스페이스유성신우점,,미상,,,,speedlotto_500,41,first,1,200000000,2026-04-26T12:18:05.331251,2026-04-26T12:18:05.331251,1
SPEEDLOTTO_500_STORE_00689,74162956,세븐일레븐 안산고잔금강점,,미상,,,,speedlotto_500,41,first,1,200000000,2026-04-26T12:18:05.331251,2026-04-26T12:18:05.331251,1
SPEEDLOTTO_500_STORE_00690,74960026,하나슈퍼,,미상,,,,speedlotto_500,41,first,1,200000000,2026-04-26T12:18:05.331251,2026-04-26T12:18:05.331251,1
SPEEDLOTTO_500_STORE_00691,71161818,CU,,미상,,,,speedlotto_500,41,first,1,200000000,2026-04-26T12:18:05.331251,2026-04-26T12:18:05.331251,1
SPEEDLOTTO_500_STORE_00692,74163317,명진슈퍼,,미상,,,,speedlotto_500,41,first,1,200000000,2026-04-26T12:18:05.331251,2026-04-26T12:18:05.331251,1
SPEEDLOTTO_500_STORE_00693,71164520,양천24,,미상,,,,speedlotto_500,41,first,1,200000000,2026-04-26T12:18:05.331251,2026-04-26T12:18:05.331251,1
SPEEDLOTTO_500_STORE_00694,74163911,복권방,,미상,,,,speedlotto_500,41,first,1,200000000,2026-04-26T12:18:05.331251,2026-04-26T12:18:05.331251,1
SPEEDLOTTO_500_STORE_00695,71160627,세븐일레븐,,미상,,,,speedlotto_500,41,first,1,200000000,2026-04-26T12:18:05.331251,2026-04-26T12:18:05.331251,1
SPEEDLOTTO_500_STORE_00696,74260514,편의점,,미상,,,,speedlotto_500,41,first,1,200000000,2026-04-26T12:18:05.331251,2026-04-26T12:18:05.331251,1
SPEEDLOTTO_500_STORE_00697,74860121,복권방,,미상,,,,speedlotto_500,41,first,1,200000000,2026-04-26T12:18:05.331251,2026-04-26T12:18:05.331251,1
SPEEDLOTTO_500_STORE_00698,72660480,복권천국 복권방,,미상,,,,speedlotto_500,41,first,1,200000000,2026-04-26T12:18:05.331251,2026-04-26T12:18:05.331251,1
SPEEDLOTTO_500_STORE_00699,74460132,편의점,,미상,,,,speedlotto_500,41,first,1,200000000,2026-04-26T12:18:05.331251,2026-04-26T12:18:05.331251,1
SPEEDLOTTO_500_STORE_00700,71162726,가판대,,미상,,,,speedlotto_500,41,first,1,200000000,2026-04-26T12:18:05.331251,2026-04-26T12:18:05.331251,1
SPEEDLOTTO_500_STORE_00701,71162617,편의점,,미상,,,,speedlotto_500,41,first,1,200000000,2026-04-26T12:18:05.331251,2026-04-26T12:18:05.331251,1
SPEEDLOTTO_500_STORE_00702,71161756,복권방,,미상,,,,speedlotto_500,41,first,1,200000000,2026-04-26T12:18:05.331251,2026-04-26T12:18:05.331251,1
SPEEDLOTTO_500_STORE_00703,73160068,우리들 편의점 서부점,,미상,,,,speedlotto_500,41,first,1,200000000,2026-04-26T12:18:05.331251,2026-04-26T12:18:05.331251,1
SPEEDLOTTO_500_STORE_00704,74860224,슈퍼마켓,,미상,,,,speedlotto_500,41,first,1,200000000,2026-04-26T12:18:05.331251,2026-04-26T12:18:05.331251,1
SPEEDLOTTO_500_STORE_00705,74162739,복권방,,미상,,,,speedlotto_500,41,first,1,200000000,2026-04-26T12:18:05.331251,2026-04-26T12:18:05.331251,1
SPEEDLOTTO_500_STORE_00706,74162534,편의점,,미상,,,,speedlotto_500,41,first,1,200000000,2026-04-26T12:18:05.331251,2026-04-26T12:18:05.331251,1
SPEEDLOTTO_500_STORE_00707,74260488,제일복권,,미상,,,,speedlotto_500,41,first,1,200000000,2026-04-26T12:18:05.331251,2026-04-26T12:18:05.331251,1
SPEEDLOTTO_500_STORE_00708,74260444,복권방,,미상,,,,speedlotto_500,41,first,1,200000000,2026-04-26T12:18:05.331251,2026-04-26T12:18:05.331251,1
SPEEDLOTTO_500_STORE_00709,72863021,수퍼마켓,,미상,,,,speedlotto_500,41,first,1,200000000,2026-04-26T12:18:05.331251,2026-04-26T12:18:05.331251,1
SPEEDLOTTO_500_STORE_00710,74160427,만물복권방,,미상,,,,speedlotto_500,41,first,1,200000000,2026-04-26T12:18:05.331251,2026-04-26T12:18:05.331251,1
SPEEDLOTTO_500_STORE_00711,74861125,편의점,,미상,,,,speedlotto_500,41,first,1,200000000,2026-04-26T12:18:05.331251,2026-04-26T12:18:05.331251,1
SPEEDLOTTO_500_STORE_00712,71160697,가판,,미상,,,,speedlotto_500,41,first,1,200000000,2026-04-26T12:18:05.331251,2026-04-26T12:18:05.331251,1
SPEEDLOTTO_500_STORE_00713,74861027,수퍼마켓,,미상,,,,speedlotto_500,41,first,1,200000000,2026-04-26T12:18:05.331251,2026-04-26T12:18:05.331251,1
SPEEDLOTTO_500_STORE_00714,74460594,수퍼마켓,,미상,,,,speedlotto_500,41,first,1,200000000,2026-04-26T12:18:05.331251,2026-04-26T12:18:05.331251,1
SPEEDLOTTO_500_STORE_00715,74560222,편의점,,미상,,,,speedlotto_500,41,first,1,200000000,2026-04-26T12:18:05.331251,2026-04-26T12:18:05.331251,1
SPEEDLOTTO_500_STORE_00716,74860491,편의점,,미상,,,,speedlotto_500,41,first,1,200000000,2026-04-26T12:18:05.331251,2026-04-26T12:18:05.331251,1
SPEEDLOTTO_500_STORE_00717,74164096,복권방,,미상,,,,speedlotto_500,41,first,1,200000000,2026-04-26T12:18:05.331251,2026-04-26T12:18:05.331251,1
SPEEDLOTTO_500_STORE_00718,73060537,원마트 편의점,,미상,,,,speedlotto_500,41,first,1,200000000,2026-04-26T12:18:05.331251,2026-04-26T12:18:05.331251,1
SPEEDLOTTO_500_STORE_00719,74660195,복권방,,미상,,,,speedlotto_500,41,first,1,200000000,2026-04-26T12:18:05.331251,2026-04-26T12:18:05.331251,1
SPEEDLOTTO_500_STORE_00720,74860751,미니스톱,,미상,,,,speedlotto_500,41,first,1,200000000,2026-04-26T12:18:05.331251,2026-04-26T12:18:05.331251,1
SPEEDLOTTO_500_STORE_00721,72660051,편의점,,미상,,,,speedlotto_500,41,first,1,200000000,2026-04-26T12:18:05.331251,2026-04-26T12:18:05.331251,1
SPEEDLOTTO_500_STORE_00722,71163551,슈퍼,,미상,,,,speedlotto_500,41,first,1,200000000,2026-04-26T12:18:05.331251,2026-04-26T12:18:05.331251,1
SPEEDLOTTO_500_STORE_00723,71161183,가판,,미상,,,,speedlotto_500,41,first,1,200000000,2026-04-26T12:18:05.331251,2026-04-26T12:18:05.331251,1
SPEEDLOTTO_500_STORE_00724,71164341,복권방,,미상,,,,speedlotto_500,41,first,1,200000000,2026-04-26T12:18:05.331251,2026-04-26T12:18:05.331251,1
SPEEDLOTTO_500_STORE_00725,73160111,우리들 편의점 서부점,,미상,,,,speedlotto_500,41,first,1,200000000,2026-04-26T12:18:05.331251,2026-04-26T12:18:05.331251,1
SPEEDLOTTO_500_STORE_00726,72960822,편의점,,미상,,,,speedlotto_500,41,first,1,200000000,2026-04-26T12:18:05.331251,2026-04-26T12:18:05.331251,1
SPEEDLOTTO_500_STORE_00727,74162947,편의점,,미상,,,,speedlotto_500,41,first,1,200000000,2026-04-26T12:18:05.331251,2026-04-26T12:18:05.331251,1
SPEEDLOTTO_500_STORE_00728,72660156,복권방,,미상,,,,speedlotto_500,41,first,1,200000000,2026-04-26T12:18:05.331251,2026-04-26T12:18:05.331251,1
SPEEDLOTTO_500_STORE_00729,74160347,토토마트 (구 편의점사랑),,미상,,,,speedlotto_500,40,first,1,200000000,2026-04-26T12:18:07.181330,2026-04-26T12:18:07.181330,1
SPEEDLOTTO_500_STORE_00730,74760625,CSPACE구미옥계점,,미상,,,,speedlotto_500,40,first,1,200000000,2026-04-26T12:18:07.181330,2026-04-26T12:18:07.181330,1
SPEEDLOTTO_500_STORE_00731,74163706,다우토토샵,,미상,,,,speedlotto_500,40,first,1,200000000,2026-04-26T12:18:07.181330,2026-04-26T12:18:07.181330,1
SPEEDLOTTO_500_STORE_00732,74261788,일등당첨,,미상,,,,speedlotto_500,40,first,1,200000000,2026-04-26T12:18:07.181330,2026-04-26T12:18:07.181330,1
SPEEDLOTTO_500_STORE_00733,72662656,황금복권방,,미상,,,,speedlotto_500,40,first,1,200000000,2026-04-26T12:18:07.181330,2026-04-26T12:18:07.181330,1
SPEEDLOTTO_500_STORE_00734,74660464,드림복권(2호광장),,미상,,,,speedlotto_500,40,first,1,200000000,2026-04-26T12:18:07.181330,2026-04-26T12:18:07.181330,1
SPEEDLOTTO_500_STORE_00735,73160721,또로또,,미상,,,,speedlotto_500,40,first,1,200000000,2026-04-26T12:18:07.181330,2026-04-26T12:18:07.181330,1
SPEEDLOTTO_500_STORE_00736,74166759,GS25이동센터점,,미상,,,,speedlotto_500,40,first,1,200000000,2026-04-26T12:18:07.181330,2026-04-26T12:18:07.181330,1
SPEEDLOTTO_500_STORE_00737,74162803,보물섬복권방,,미상,,,,speedlotto_500,40,first,1,200000000,2026-04-26T12:18:07.181330,2026-04-26T12:18:07.181330,1
SPEEDLOTTO_500_STORE_00738,71162035,천하명당복권방,,미상,,,,speedlotto_500,40,first,1,200000000,2026-04-26T12:18:07.181330,2026-04-26T12:18:07.181330,1
SPEEDLOTTO_500_STORE_00739,73061011,금화로또마트,,미상,,,,speedlotto_500,40,first,1,200000000,2026-04-26T12:18:07.181330,2026-04-26T12:18:07.181330,1
SPEEDLOTTO_500_STORE_00740,72960747,오천억복권방,,미상,,,,speedlotto_500,40,first,1,200000000,2026-04-26T12:18:07.181330,2026-04-26T12:18:07.181330,1
SPEEDLOTTO_500_STORE_00741,74163177,명당골복권방,,미상,,,,speedlotto_500,40,first,1,200000000,2026-04-26T12:18:07.181330,2026-04-26T12:18:07.181330,1
SPEEDLOTTO_500_STORE_00742,72661445,CU사상서부,,미상,,,,speedlotto_500,40,first,1,200000000,2026-04-26T12:18:07.181330,2026-04-26T12:18:07.181330,2
SPEEDLOTTO_500_STORE_00743,74661194,스타복권,,미상,,,,speedlotto_500,40,first,1,200000000,2026-04-26T12:18:07.181330,2026-04-26T12:18:07.181330,1
SPEEDLOTTO_500_STORE_00744,74761757,SE왜관희망점,,미상,,,,speedlotto_500,40,first,1,200000000,2026-04-26T12:18:07.181330,2026-04-26T12:18:07.181330,1
SPEEDLOTTO_500_STORE_00745,74661178,제철로또대리점,,미상,,,,speedlotto_500,40,first,1,200000000,2026-04-26T12:18:07.181330,2026-04-26T12:18:07.181330,1
SPEEDLOTTO_500_STORE_00746,74161285,차부상회,,미상,,,,speedlotto_500,40,first,1,200000000,2026-04-26T12:18:07.181330,2026-04-26T12:18:07.181330,1
SPEEDLOTTO_500_STORE_00747,74360035,복덩어리,,미상,,,,speedlotto_500,40,first,1,200000000,2026-04-26T12:18:07.181330,2026-04-26T12:18:07.181330,1
SPEEDLOTTO_500_STORE_00748,72960008,도울복권,,미상,,,,speedlotto_500,40,first,1,200000000,2026-04-26T12:18:07.181330,2026-04-26T12:18:07.181330,1
SPEEDLOTTO_500_STORE_00749,72860361,프리마트,,미상,,,,speedlotto_500,40,first,1,200000000,2026-04-26T12:18:07.181330,2026-04-26T12:18:07.181330,1
SPEEDLOTTO_500_STORE_00750,73160635,삼우슈퍼,,미상,,,,speedlotto_500,40,first,1,200000000,2026-04-26T12:18:07.181330,2026-04-26T12:18:07.181330,1
SPEEDLOTTO_500_STORE_00751,72860822,복권왕국,,미상,,,,speedlotto_500,40,first,1,200000000,2026-04-26T12:18:07.181330,2026-04-26T12:18:07.181330,1
SPEEDLOTTO_500_STORE_00752,73160368,이마트24삼산본동,,미상,,,,speedlotto_500,40,first,1,200000000,2026-04-26T12:18:07.181330,2026-04-26T12:18:07.181330,1
SPEEDLOTTO_500_STORE_00753,74160255,CU 포천가산점,,미상,,,,speedlotto_500,40,first,1,200000000,2026-04-26T12:18:07.181330,2026-04-26T12:18:07.181330,1
SPEEDLOTTO_500_STORE_00754,72960924,진곡산단로또,,미상,,,,speedlotto_500,40,first,1,200000000,2026-04-26T12:18:07.181330,2026-04-26T12:18:07.181330,1
SPEEDLOTTO_500_STORE_00755,74760798,빙그레마트,,미상,,,,speedlotto_500,40,first,1,200000000,2026-04-26T12:18:07.181330,2026-04-26T12:18:07.181330,1
SPEEDLOTTO_500_STORE_00756,74360026,굿모닝복권방,,미상,,,,speedlotto_500,40,first,1,200000000,2026-04-26T12:18:07.181330,2026-04-26T12:18:07.181330,1
SPEEDLOTTO_500_STORE_00757,74760164,옹천왕대박슈퍼,,미상,,,,speedlotto_500,40,first,1,200000000,2026-04-26T12:18:07.181330,2026-04-26T12:18:07.181330,1
SPEEDLOTTO_500_STORE_00758,72861215,노다지복권방(학익),,미상,,,,speedlotto_500,40,first,1,200000000,2026-04-26T12:18:07.181330,2026-04-26T12:18:07.181330,1
SPEEDLOTTO_500_STORE_00759,71163495,CU 송파한화2호점,,미상,,,,speedlotto_500,40,first,1,200000000,2026-04-26T12:18:07.181330,2026-04-26T12:18:07.181330,1
SPEEDLOTTO_500_STORE_00760,74160110,GS 양주신산점,,미상,,,,speedlotto_500,40,first,1,200000000,2026-04-26T12:18:07.181330,2026-04-26T12:18:07.181330,1
SPEEDLOTTO_500_STORE_00761,74761012,로또훼미리마트왜관점,,미상,,,,speedlotto_500,40,first,1,200000000,2026-04-26T12:18:07.181330,2026-04-26T12:18:07.181330,1
SPEEDLOTTO_500_STORE_00762,99999990,미확인 판매점 ,,미상,,,,speedlotto_500,40,first,1,200000000,2026-04-26T12:18:07.181330,2026-04-26T12:18:07.181330,1
SPEEDLOTTO_500_STORE_00763,74460619,GS25봉명희망점,,미상,,,,speedlotto_500,40,first,1,200000000,2026-04-26T12:18:07.181330,2026-04-26T12:18:07.181330,1
SPEEDLOTTO_500_STORE_00764,72960633,채널Q24시로또주월점,,미상,,,,speedlotto_500,40,first,1,200000000,2026-04-26T12:18:07.181330,2026-04-26T12:18:07.181330,1
SPEEDLOTTO_500_STORE_00765,74162879,CU 안산이동제일점,,미상,,,,speedlotto_500,40,first,1,200000000,2026-04-26T12:18:07.181330,2026-04-26T12:18:07.181330,1
SPEEDLOTTO_500_STORE_00766,74861498,채널큐,,미상,,,,speedlotto_500,40,first,1,400000000,2026-04-26T12:18:07.181330,2026-04-26T12:18:07.181330,1
SPEEDLOTTO_500_STORE_00767,74860026,미니스톱 평산점,,미상,,,,speedlotto_500,40,first,1,400000000,2026-04-26T12:18:07.181330,2026-04-26T12:18:07.181330,1
SPEEDLOTTO_500_STORE_00768,72760607,대백마트,,미상,,,,speedlotto_500,40,first,1,200000000,2026-04-26T12:18:07.181330,2026-04-26T12:18:07.181330,1
SPEEDLOTTO_500_STORE_00769,71161288,세븐일레븐,,미상,,,,speedlotto_500,40,first,1,200000000,2026-04-26T12:18:07.181330,2026-04-26T12:18:07.181330,1
SPEEDLOTTO_500_STORE_00770,74163134,CU 구운선경점,,미상,,,,speedlotto_500,40,first,1,200000000,2026-04-26T12:18:07.181330,2026-04-26T12:18:07.181330,1
SPEEDLOTTO_500_STORE_00771,74163861,ANY로또,,미상,,,,speedlotto_500,40,first,1,200000000,2026-04-26T12:18:07.181330,2026-04-26T12:18:07.181330,1
SPEEDLOTTO_500_STORE_00772,71163684,스포츠베팅샵,,미상,,,,speedlotto_500,40,first,1,200000000,2026-04-26T12:18:07.181330,2026-04-26T12:18:07.181330,1
SPEEDLOTTO_500_STORE_00773,74260737,복권뱅크,,미상,,,,speedlotto_500,40,first,1,200000000,2026-04-26T12:18:07.181330,2026-04-26T12:18:07.181330,1
SPEEDLOTTO_500_STORE_00774,74860113,창원25시슈퍼(24시로또복권),,미상,,,,speedlotto_500,40,first,1,200000000,2026-04-26T12:18:07.181330,2026-04-26T12:18:07.181330,1
SPEEDLOTTO_500_STORE_00775,71160248,복마니복권방,,미상,,,,speedlotto_500,40,first,1,200000000,2026-04-26T12:18:07.181330,2026-04-26T12:18:07.181330,1
SPEEDLOTTO_500_STORE_00776,74860442,운동장마트,,미상,,,,speedlotto_500,40,first,1,200000000,2026-04-26T12:18:07.181330,2026-04-26T12:18:07.181330,1
SPEEDLOTTO_500_STORE_00777,71160111,복권나라,,미상,,,,speedlotto_500,40,first,1,200000000,2026-04-26T12:18:07.181330,2026-04-26T12:18:07.181330,1
SPEEDLOTTO_500_STORE_00778,74660663,CU목포비파점,,미상,,,,speedlotto_500,40,first,1,200000000,2026-04-26T12:18:07.181330,2026-04-26T12:18:07.181330,1
SPEEDLOTTO_500_STORE_00779,73060444,씨스페이스유성신우점,,미상,,,,speedlotto_500,40,first,1,200000000,2026-04-26T12:18:07.181330,2026-04-26T12:18:07.181330,1
SPEEDLOTTO_500_STORE_00780,74162956,세븐일레븐 안산고잔금강점,,미상,,,,speedlotto_500,40,first,1,200000000,2026-04-26T12:18:07.181330,2026-04-26T12:18:07.181330,1
SPEEDLOTTO_500_STORE_00781,74960026,하나슈퍼,,미상,,,,speedlotto_500,40,first,1,200000000,2026-04-26T12:18:07.181330,2026-04-26T12:18:07.181330,1
SPEEDLOTTO_500_STORE_00782,71161818,CU,,미상,,,,speedlotto_500,40,first,1,200000000,2026-04-26T12:18:07.181330,2026-04-26T12:18:07.181330,1
SPEEDLOTTO_500_STORE_00783,74163317,명진슈퍼,,미상,,,,speedlotto_500,40,first,1,200000000,2026-04-26T12:18:07.181330,2026-04-26T12:18:07.181330,1
SPEEDLOTTO_500_STORE_00784,71164520,양천24,,미상,,,,speedlotto_500,40,first,1,200000000,2026-04-26T12:18:07.181330,2026-04-26T12:18:07.181330,1
SPEEDLOTTO_500_STORE_00785,74163911,복권방,,미상,,,,speedlotto_500,40,first,1,200000000,2026-04-26T12:18:07.181330,2026-04-26T12:18:07.181330,1
SPEEDLOTTO_500_STORE_00786,71160627,세븐일레븐,,미상,,,,speedlotto_500,40,first,1,200000000,2026-04-26T12:18:07.181330,2026-04-26T12:18:07.181330,1
SPEEDLOTTO_500_STORE_00787,74260514,편의점,,미상,,,,speedlotto_500,40,first,1,200000000,2026-04-26T12:18:07.181330,2026-04-26T12:18:07.181330,1
SPEEDLOTTO_500_STORE_00788,74860121,복권방,,미상,,,,speedlotto_500,40,first,1,200000000,2026-04-26T12:18:07.181330,2026-04-26T12:18:07.181330,1
SPEEDLOTTO_500_STORE_00789,72660480,복권천국 복권방,,미상,,,,speedlotto_500,40,first,1,200000000,2026-04-26T12:18:07.181330,2026-04-26T12:18:07.181330,1
SPEEDLOTTO_500_STORE_00790,74460132,편의점,,미상,,,,speedlotto_500,40,first,1,200000000,2026-04-26T12:18:07.181330,2026-04-26T12:18:07.181330,1
SPEEDLOTTO_500_STORE_00791,71162726,가판대,,미상,,,,speedlotto_500,40,first,1,200000000,2026-04-26T12:18:07.181330,2026-04-26T12:18:07.181330,1
SPEEDLOTTO_500_STORE_00792,71162617,편의점,,미상,,,,speedlotto_500,40,first,1,200000000,2026-04-26T12:18:07.181330,2026-04-26T12:18:07.181330,1
SPEEDLOTTO_500_STORE_00793,71161756,복권방,,미상,,,,speedlotto_500,40,first,1,200000000,2026-04-26T12:18:07.181330,2026-04-26T12:18:07.181330,1
SPEEDLOTTO_500_STORE_00794,73160068,우리들 편의점 서부점,,미상,,,,speedlotto_500,40,first,1,200000000,2026-04-26T12:18:07.181330,2026-04-26T12:18:07.181330,1
SPEEDLOTTO_500_STORE_00795,74860224,슈퍼마켓,,미상,,,,speedlotto_500,40,first,1,200000000,2026-04-26T12:18:07.181330,2026-04-26T12:18:07.181330,1
SPEEDLOTTO_500_STORE_00796,74162739,복권방,,미상,,,,speedlotto_500,40,first,1,200000000,2026-04-26T12:18:07.181330,2026-04-26T12:18:07.181330,1
SPEEDLOTTO_500_STORE_00797,74162534,편의점,,미상,,,,speedlotto_500,40,first,1,200000000,2026-04-26T12:18:07.181330,2026-04-26T12:18:07.181330,1
SPEEDLOTTO_500_STORE_00798,74260488,제일복권,,미상,,,,speedlotto_500,40,first,1,200000000,2026-04-26T12:18:07.181330,2026-04-26T12:18:07.181330,1
SPEEDLOTTO_500_STORE_00799,74260444,복권방,,미상,,,,speedlotto_500,40,first,1,200000000,2026-04-26T12:18:07.181330,2026-04-26T12:18:07.181330,1
SPEEDLOTTO_500_STORE_00800,72863021,수퍼마켓,,미상,,,,speedlotto_500,40,first,1,200000000,2026-04-26T12:18:07.181330,2026-04-26T12:18:07.181330,1
SPEEDLOTTO_500_STORE_00801,74160427,만물복권방,,미상,,,,speedlotto_500,40,first,1,200000000,2026-04-26T12:18:07.181330,2026-04-26T12:18:07.181330,1
SPEEDLOTTO_500_STORE_00802,74861125,편의점,,미상,,,,speedlotto_500,40,first,1,200000000,2026-04-26T12:18:07.181330,2026-04-26T12:18:07.181330,1
SPEEDLOTTO_500_STORE_00803,71160697,가판,,미상,,,,speedlotto_500,40,first,1,200000000,2026-04-26T12:18:07.181330,2026-04-26T12:18:07.181330,1
SPEEDLOTTO_500_STORE_00804,74861027,수퍼마켓,,미상,,,,speedlotto_500,40,first,1,200000000,2026-04-26T12:18:07.181330,2026-04-26T12:18:07.181330,1
SPEEDLOTTO_500_STORE_00805,74460594,수퍼마켓,,미상,,,,speedlotto_500,40,first,1,200000000,2026-04-26T12:18:07.181330,2026-04-26T12:18:07.181330,1
SPEEDLOTTO_500_STORE_00806,74560222,편의점,,미상,,,,speedlotto_500,40,first,1,200000000,2026-04-26T12:18:07.181330,2026-04-26T12:18:07.181330,1
SPEEDLOTTO_500_STORE_00807,74860491,편의점,,미상,,,,speedlotto_500,40,first,1,200000000,2026-04-26T12:18:07.181330,2026-04-26T12:18:07.181330,1
SPEEDLOTTO_500_STORE_00808,74164096,복권방,,미상,,,,speedlotto_500,40,first,1,200000000,2026-04-26T12:18:07.181330,2026-04-26T12:18:07.181330,1
SPEEDLOTTO_500_STORE_00809,73060537,원마트 편의점,,미상,,,,speedlotto_500,40,first,1,200000000,2026-04-26T12:18:07.181330,2026-04-26T12:18:07.181330,1
SPEEDLOTTO_500_STORE_00810,74660195,복권방,,미상,,,,speedlotto_500,40,first,1,200000000,2026-04-26T12:18:07.181330,2026-04-26T12:18:07.181330,1
SPEEDLOTTO_500_STORE_00811,74860751,미니스톱,,미상,,,,speedlotto_500,40,first,1,200000000,2026-04-26T12:18:07.181330,2026-04-26T12:18:07.181330,1
SPEEDLOTTO_500_STORE_00812,72660051,편의점,,미상,,,,speedlotto_500,40,first,1,200000000,2026-04-26T12:18:07.181330,2026-04-26T12:18:07.181330,1
SPEEDLOTTO_500_STORE_00813,71163551,슈퍼,,미상,,,,speedlotto_500,40,first,1,200000000,2026-04-26T12:18:07.181330,2026-04-26T12:18:07.181330,1
SPEEDLOTTO_500_STORE_00814,71161183,가판,,미상,,,,speedlotto_500,40,first,1,200000000,2026-04-26T12:18:07.181330,2026-04-26T12:18:07.181330,1
SPEEDLOTTO_500_STORE_00815,71164341,복권방,,미상,,,,speedlotto_500,40,first,1,200000000,2026-04-26T12:18:07.181330,2026-04-26T12:18:07.181330,1
SPEEDLOTTO_500_STORE_00816,73160111,우리들 편의점 서부점,,미상,,,,speedlotto_500,40,first,1,200000000,2026-04-26T12:18:07.181330,2026-04-26T12:18:07.181330,1
SPEEDLOTTO_500_STORE_00817,72960822,편의점,,미상,,,,speedlotto_500,40,first,1,200000000,2026-04-26T12:18:07.181330,2026-04-26T12:18:07.181330,1
SPEEDLOTTO_500_STORE_00818,74162947,편의점,,미상,,,,speedlotto_500,40,first,1,200000000,2026-04-26T12:18:07.181330,2026-04-26T12:18:07.181330,1
SPEEDLOTTO_500_STORE_00819,72660156,복권방,,미상,,,,speedlotto_500,40,first,1,200000000,2026-04-26T12:18:07.181330,2026-04-26T12:18:07.181330,1
SPEEDLOTTO_500_STORE_00820,74160347,토토마트 (구 편의점사랑),,미상,,,,speedlotto_500,39,first,1,200000000,2026-04-26T12:18:09.042922,2026-04-26T12:18:09.042922,1
SPEEDLOTTO_500_STORE_00821,74760625,CSPACE구미옥계점,,미상,,,,speedlotto_500,39,first,1,200000000,2026-04-26T12:18:09.042922,2026-04-26T12:18:09.042922,1
SPEEDLOTTO_500_STORE_00822,74163706,다우토토샵,,미상,,,,speedlotto_500,39,first,1,200000000,2026-04-26T12:18:09.042922,2026-04-26T12:18:09.042922,1
SPEEDLOTTO_500_STORE_00823,74261788,일등당첨,,미상,,,,speedlotto_500,39,first,1,200000000,2026-04-26T12:18:09.042922,2026-04-26T12:18:09.042922,1
SPEEDLOTTO_500_STORE_00824,72662656,황금복권방,,미상,,,,speedlotto_500,39,first,1,200000000,2026-04-26T12:18:09.042922,2026-04-26T12:18:09.042922,1
SPEEDLOTTO_500_STORE_00825,74660464,드림복권(2호광장),,미상,,,,speedlotto_500,39,first,1,200000000,2026-04-26T12:18:09.042922,2026-04-26T12:18:09.042922,1
SPEEDLOTTO_500_STORE_00826,73160721,또로또,,미상,,,,speedlotto_500,39,first,1,200000000,2026-04-26T12:18:09.042922,2026-04-26T12:18:09.042922,1
SPEEDLOTTO_500_STORE_00827,74166759,GS25이동센터점,,미상,,,,speedlotto_500,39,first,1,200000000,2026-04-26T12:18:09.042922,2026-04-26T12:18:09.042922,1
SPEEDLOTTO_500_STORE_00828,74162803,보물섬복권방,,미상,,,,speedlotto_500,39,first,1,200000000,2026-04-26T12:18:09.042922,2026-04-26T12:18:09.042922,1
SPEEDLOTTO_500_STORE_00829,71162035,천하명당복권방,,미상,,,,speedlotto_500,39,first,1,200000000,2026-04-26T12:18:09.042922,2026-04-26T12:18:09.042922,1
SPEEDLOTTO_500_STORE_00830,73061011,금화로또마트,,미상,,,,speedlotto_500,39,first,1,200000000,2026-04-26T12:18:09.042922,2026-04-26T12:18:09.042922,1
SPEEDLOTTO_500_STORE_00831,72960747,오천억복권방,,미상,,,,speedlotto_500,39,first,1,200000000,2026-04-26T12:18:09.042922,2026-04-26T12:18:09.042922,1
SPEEDLOTTO_500_STORE_00832,74163177,명당골복권방,,미상,,,,speedlotto_500,39,first,1,200000000,2026-04-26T12:18:09.042922,2026-04-26T12:18:09.042922,1
SPEEDLOTTO_500_STORE_00833,72661445,CU사상서부,,미상,,,,speedlotto_500,39,first,1,200000000,2026-04-26T12:18:09.042922,2026-04-26T12:18:09.042922,2
SPEEDLOTTO_500_STORE_00834,74661194,스타복권,,미상,,,,speedlotto_500,39,first,1,200000000,2026-04-26T12:18:09.042922,2026-04-26T12:18:09.042922,1
SPEEDLOTTO_500_STORE_00835,74761757,SE왜관희망점,,미상,,,,speedlotto_500,39,first,1,200000000,2026-04-26T12:18:09.042922,2026-04-26T12:18:09.042922,1
SPEEDLOTTO_500_STORE_00836,74661178,제철로또대리점,,미상,,,,speedlotto_500,39,first,1,200000000,2026-04-26T12:18:09.042922,2026-04-26T12:18:09.042922,1
SPEEDLOTTO_500_STORE_00837,74161285,차부상회,,미상,,,,speedlotto_500,39,first,1,200000000,2026-04-26T12:18:09.042922,2026-04-26T12:18:09.042922,1
SPEEDLOTTO_500_STORE_00838,74360035,복덩어리,,미상,,,,speedlotto_500,39,first,1,200000000,2026-04-26T12:18:09.042922,2026-04-26T12:18:09.042922,1
SPEEDLOTTO_500_STORE_00839,72960008,도울복권,,미상,,,,speedlotto_500,39,first,1,200000000,2026-04-26T12:18:09.042922,2026-04-26T12:18:09.042922,1
SPEEDLOTTO_500_STORE_00840,72860361,프리마트,,미상,,,,speedlotto_500,39,first,1,200000000,2026-04-26T12:18:09.042922,2026-04-26T12:18:09.042922,1
SPEEDLOTTO_500_STORE_00841,73160635,삼우슈퍼,,미상,,,,speedlotto_500,39,first,1,200000000,2026-04-26T12:18:09.042922,2026-04-26T12:18:09.042922,1
SPEEDLOTTO_500_STORE_00842,72860822,복권왕국,,미상,,,,speedlotto_500,39,first,1,200000000,2026-04-26T12:18:09.042922,2026-04-26T12:18:09.042922,1
SPEEDLOTTO_500_STORE_00843,73160368,이마트24삼산본동,,미상,,,,speedlotto_500,39,first,1,200000000,2026-04-26T12:18:09.042922,2026-04-26T12:18:09.042922,1
SPEEDLOTTO_500_STORE_00844,74160255,CU 포천가산점,,미상,,,,speedlotto_500,39,first,1,200000000,2026-04-26T12:18:09.042922,2026-04-26T12:18:09.042922,1
SPEEDLOTTO_500_STORE_00845,72960924,진곡산단로또,,미상,,,,speedlotto_500,39,first,1,200000000,2026-04-26T12:18:09.042922,2026-04-26T12:18:09.042922,1
SPEEDLOTTO_500_STORE_00846,74760798,빙그레마트,,미상,,,,speedlotto_500,39,first,1,200000000,2026-04-26T12:18:09.042922,2026-04-26T12:18:09.042922,1
SPEEDLOTTO_500_STORE_00847,74360026,굿모닝복권방,,미상,,,,speedlotto_500,39,first,1,200000000,2026-04-26T12:18:09.042922,2026-04-26T12:18:09.042922,1
SPEEDLOTTO_500_STORE_00848,74760164,옹천왕대박슈퍼,,미상,,,,speedlotto_500,39,first,1,200000000,2026-04-26T12:18:09.042922,2026-04-26T12:18:09.042922,1
SPEEDLOTTO_500_STORE_00849,72861215,노다지복권방(학익),,미상,,,,speedlotto_500,39,first,1,200000000,2026-04-26T12:18:09.042922,2026-04-26T12:18:09.042922,1
SPEEDLOTTO_500_STORE_00850,71163495,CU 송파한화2호점,,미상,,,,speedlotto_500,39,first,1,200000000,2026-04-26T12:18:09.042922,2026-04-26T12:18:09.042922,1
SPEEDLOTTO_500_STORE_00851,74160110,GS 양주신산점,,미상,,,,speedlotto_500,39,first,1,200000000,2026-04-26T12:18:09.042922,2026-04-26T12:18:09.042922,1
SPEEDLOTTO_500_STORE_00852,74761012,로또훼미리마트왜관점,,미상,,,,speedlotto_500,39,first,1,200000000,2026-04-26T12:18:09.042922,2026-04-26T12:18:09.042922,1
SPEEDLOTTO_500_STORE_00853,99999990,미확인 판매점 ,,미상,,,,speedlotto_500,39,first,1,200000000,2026-04-26T12:18:09.042922,2026-04-26T12:18:09.042922,1
SPEEDLOTTO_500_STORE_00854,74460619,GS25봉명희망점,,미상,,,,speedlotto_500,39,first,1,200000000,2026-04-26T12:18:09.042922,2026-04-26T12:18:09.042922,1
SPEEDLOTTO_500_STORE_00855,72960633,채널Q24시로또주월점,,미상,,,,speedlotto_500,39,first,1,200000000,2026-04-26T12:18:09.042922,2026-04-26T12:18:09.042922,1
SPEEDLOTTO_500_STORE_00856,74162879,CU 안산이동제일점,,미상,,,,speedlotto_500,39,first,1,200000000,2026-04-26T12:18:09.042922,2026-04-26T12:18:09.042922,1
SPEEDLOTTO_500_STORE_00857,74861498,채널큐,,미상,,,,speedlotto_500,39,first,1,400000000,2026-04-26T12:18:09.042922,2026-04-26T12:18:09.042922,1
SPEEDLOTTO_500_STORE_00858,74860026,미니스톱 평산점,,미상,,,,speedlotto_500,39,first,1,400000000,2026-04-26T12:18:09.042922,2026-04-26T12:18:09.042922,1
SPEEDLOTTO_500_STORE_00859,72760607,대백마트,,미상,,,,speedlotto_500,39,first,1,200000000,2026-04-26T12:18:09.042922,2026-04-26T12:18:09.042922,1
SPEEDLOTTO_500_STORE_00860,71161288,세븐일레븐,,미상,,,,speedlotto_500,39,first,1,200000000,2026-04-26T12:18:09.042922,2026-04-26T12:18:09.042922,1
SPEEDLOTTO_500_STORE_00861,74163134,CU 구운선경점,,미상,,,,speedlotto_500,39,first,1,200000000,2026-04-26T12:18:09.042922,2026-04-26T12:18:09.042922,1
SPEEDLOTTO_500_STORE_00862,74163861,ANY로또,,미상,,,,speedlotto_500,39,first,1,200000000,2026-04-26T12:18:09.042922,2026-04-26T12:18:09.042922,1
SPEEDLOTTO_500_STORE_00863,71163684,스포츠베팅샵,,미상,,,,speedlotto_500,39,first,1,200000000,2026-04-26T12:18:09.042922,2026-04-26T12:18:09.042922,1
SPEEDLOTTO_500_STORE_00864,74260737,복권뱅크,,미상,,,,speedlotto_500,39,first,1,200000000,2026-04-26T12:18:09.042922,2026-04-26T12:18:09.042922,1
SPEEDLOTTO_500_STORE_00865,74860113,창원25시슈퍼(24시로또복권),,미상,,,,speedlotto_500,39,first,1,200000000,2026-04-26T12:18:09.042922,2026-04-26T12:18:09.042922,1
SPEEDLOTTO_500_STORE_00866,71160248,복마니복권방,,미상,,,,speedlotto_500,39,first,1,200000000,2026-04-26T12:18:09.042922,2026-04-26T12:18:09.042922,1
SPEEDLOTTO_500_STORE_00867,74860442,운동장마트,,미상,,,,speedlotto_500,39,first,1,200000000,2026-04-26T12:18:09.042922,2026-04-26T12:18:09.042922,1
SPEEDLOTTO_500_STORE_00868,71160111,복권나라,,미상,,,,speedlotto_500,39,first,1,200000000,2026-04-26T12:18:09.042922,2026-04-26T12:18:09.042922,1
SPEEDLOTTO_500_STORE_00869,74660663,CU목포비파점,,미상,,,,speedlotto_500,39,first,1,200000000,2026-04-26T12:18:09.042922,2026-04-26T12:18:09.042922,1
SPEEDLOTTO_500_STORE_00870,73060444,씨스페이스유성신우점,,미상,,,,speedlotto_500,39,first,1,200000000,2026-04-26T12:18:09.042922,2026-04-26T12:18:09.042922,1
SPEEDLOTTO_500_STORE_00871,74162956,세븐일레븐 안산고잔금강점,,미상,,,,speedlotto_500,39,first,1,200000000,2026-04-26T12:18:09.042922,2026-04-26T12:18:09.042922,1
SPEEDLOTTO_500_STORE_00872,74960026,하나슈퍼,,미상,,,,speedlotto_500,39,first,1,200000000,2026-04-26T12:18:09.042922,2026-04-26T12:18:09.042922,1
SPEEDLOTTO_500_STORE_00873,71161818,CU,,미상,,,,speedlotto_500,39,first,1,200000000,2026-04-26T12:18:09.042922,2026-04-26T12:18:09.042922,1
SPEEDLOTTO_500_STORE_00874,74163317,명진슈퍼,,미상,,,,speedlotto_500,39,first,1,200000000,2026-04-26T12:18:09.042922,2026-04-26T12:18:09.042922,1
SPEEDLOTTO_500_STORE_00875,71164520,양천24,,미상,,,,speedlotto_500,39,first,1,200000000,2026-04-26T12:18:09.042922,2026-04-26T12:18:09.042922,1
SPEEDLOTTO_500_STORE_00876,74163911,복권방,,미상,,,,speedlotto_500,39,first,1,200000000,2026-04-26T12:18:09.042922,2026-04-26T12:18:09.042922,1
SPEEDLOTTO_500_STORE_00877,71160627,세븐일레븐,,미상,,,,speedlotto_500,39,first,1,200000000,2026-04-26T12:18:09.042922,2026-04-26T12:18:09.042922,1
SPEEDLOTTO_500_STORE_00878,74260514,편의점,,미상,,,,speedlotto_500,39,first,1,200000000,2026-04-26T12:18:09.042922,2026-04-26T12:18:09.042922,1
SPEEDLOTTO_500_STORE_00879,74860121,복권방,,미상,,,,speedlotto_500,39,first,1,200000000,2026-04-26T12:18:09.042922,2026-04-26T12:18:09.042922,1
SPEEDLOTTO_500_STORE_00880,72660480,복권천국 복권방,,미상,,,,speedlotto_500,39,first,1,200000000,2026-04-26T12:18:09.042922,2026-04-26T12:18:09.042922,1
SPEEDLOTTO_500_STORE_00881,74460132,편의점,,미상,,,,speedlotto_500,39,first,1,200000000,2026-04-26T12:18:09.042922,2026-04-26T12:18:09.042922,1
SPEEDLOTTO_500_STORE_00882,71162726,가판대,,미상,,,,speedlotto_500,39,first,1,200000000,2026-04-26T12:18:09.042922,2026-04-26T12:18:09.042922,1
SPEEDLOTTO_500_STORE_00883,71162617,편의점,,미상,,,,speedlotto_500,39,first,1,200000000,2026-04-26T12:18:09.042922,2026-04-26T12:18:09.042922,1
SPEEDLOTTO_500_STORE_00884,71161756,복권방,,미상,,,,speedlotto_500,39,first,1,200000000,2026-04-26T12:18:09.042922,2026-04-26T12:18:09.042922,1
SPEEDLOTTO_500_STORE_00885,73160068,우리들 편의점 서부점,,미상,,,,speedlotto_500,39,first,1,200000000,2026-04-26T12:18:09.042922,2026-04-26T12:18:09.042922,1
SPEEDLOTTO_500_STORE_00886,74860224,슈퍼마켓,,미상,,,,speedlotto_500,39,first,1,200000000,2026-04-26T12:18:09.042922,2026-04-26T12:18:09.042922,1
SPEEDLOTTO_500_STORE_00887,74162739,복권방,,미상,,,,speedlotto_500,39,first,1,200000000,2026-04-26T12:18:09.042922,2026-04-26T12:18:09.042922,1
SPEEDLOTTO_500_STORE_00888,74162534,편의점,,미상,,,,speedlotto_500,39,first,1,200000000,2026-04-26T12:18:09.042922,2026-04-26T12:18:09.042922,1
SPEEDLOTTO_500_STORE_00889,74260488,제일복권,,미상,,,,speedlotto_500,39,first,1,200000000,2026-04-26T12:18:09.042922,2026-04-26T12:18:09.042922,1
SPEEDLOTTO_500_STORE_00890,74260444,복권방,,미상,,,,speedlotto_500,39,first,1,200000000,2026-04-26T12:18:09.042922,2026-04-26T12:18:09.042922,1
SPEEDLOTTO_500_STORE_00891,72863021,수퍼마켓,,미상,,,,speedlotto_500,39,first,1,200000000,2026-04-26T12:18:09.042922,2026-04-26T12:18:09.042922,1
SPEEDLOTTO_500_STORE_00892,74160427,만물복권방,,미상,,,,speedlotto_500,39,first,1,200000000,2026-04-26T12:18:09.042922,2026-04-26T12:18:09.042922,1
SPEEDLOTTO_500_STORE_00893,74861125,편의점,,미상,,,,speedlotto_500,39,first,1,200000000,2026-04-26T12:18:09.042922,2026-04-26T12:18:09.042922,1
SPEEDLOTTO_500_STORE_00894,71160697,가판,,미상,,,,speedlotto_500,39,first,1,200000000,2026-04-26T12:18:09.042922,2026-04-26T12:18:09.042922,1
SPEEDLOTTO_500_STORE_00895,74861027,수퍼마켓,,미상,,,,speedlotto_500,39,first,1,200000000,2026-04-26T12:18:09.042922,2026-04-26T12:18:09.042922,1
SPEEDLOTTO_500_STORE_00896,74460594,수퍼마켓,,미상,,,,speedlotto_500,39,first,1,200000000,2026-04-26T12:18:09.042922,2026-04-26T12:18:09.042922,1
SPEEDLOTTO_500_STORE_00897,74560222,편의점,,미상,,,,speedlotto_500,39,first,1,200000000,2026-04-26T12:18:09.042922,2026-04-26T12:18:09.042922,1
SPEEDLOTTO_500_STORE_00898,74860491,편의점,,미상,,,,speedlotto_500,39,first,1,200000000,2026-04-26T12:18:09.042922,2026-04-26T12:18:09.042922,1
SPEEDLOTTO_500_STORE_00899,74164096,복권방,,미상,,,,speedlotto_500,39,first,1,200000000,2026-04-26T12:18:09.042922,2026-04-26T12:18:09.042922,1
SPEEDLOTTO_500_STORE_00900,73060537,원마트 편의점,,미상,,,,speedlotto_500,39,first,1,200000000,2026-04-26T12:18:09.042922,2026-04-26T12:18:09.042922,1
SPEEDLOTTO_500_STORE_00901,74660195,복권방,,미상,,,,speedlotto_500,39,first,1,200000000,2026-04-26T12:18:09.042922,2026-04-26T12:18:09.042922,1
SPEEDLOTTO_500_STORE_00902,74860751,미니스톱,,미상,,,,speedlotto_500,39,first,1,200000000,2026-04-26T12:18:09.042922,2026-04-26T12:18:09.042922,1
SPEEDLOTTO_500_STORE_00903,72660051,편의점,,미상,,,,speedlotto_500,39,first,1,200000000,2026-04-26T12:18:09.042922,2026-04-26T12:18:09.042922,1
SPEEDLOTTO_500_STORE_00904,71163551,슈퍼,,미상,,,,speedlotto_500,39,first,1,200000000,2026-04-26T12:18:09.042922,2026-04-26T12:18:09.042922,1
SPEEDLOTTO_500_STORE_00905,71161183,가판,,미상,,,,speedlotto_500,39,first,1,200000000,2026-04-26T12:18:09.042922,2026-04-26T12:18:09.042922,1
SPEEDLOTTO_500_STORE_00906,71164341,복권방,,미상,,,,speedlotto_500,39,first,1,200000000,2026-04-26T12:18:09.042922,2026-04-26T12:18:09.042922,1
SPEEDLOTTO_500_STORE_00907,73160111,우리들 편의점 서부점,,미상,,,,speedlotto_500,39,first,1,200000000,2026-04-26T12:18:09.042922,2026-04-26T12:18:09.042922,1
SPEEDLOTTO_500_STORE_00908,72960822,편의점,,미상,,,,speedlotto_500,39,first,1,200000000,2026-04-26T12:18:09.042922,2026-04-26T12:18:09.042922,1
SPEEDLOTTO_500_STORE_00909,74162947,편의점,,미상,,,,speedlotto_500,39,first,1,200000000,2026-04-26T12:18:09.042922,2026-04-26T12:18:09.042922,1
SPEEDLOTTO_500_STORE_00910,72660156,복권방,,미상,,,,speedlotto_500,39,first,1,200000000,2026-04-26T12:18:09.042922,2026-04-26T12:18:09.042922,1
SPEEDLOTTO_500_STORE_00911,74160347,토토마트 (구 편의점사랑),,미상,,,,speedlotto_500,38,first,1,200000000,2026-04-26T12:18:10.906549,2026-04-26T12:18:10.906549,1
SPEEDLOTTO_500_STORE_00912,74760625,CSPACE구미옥계점,,미상,,,,speedlotto_500,38,first,1,200000000,2026-04-26T12:18:10.906549,2026-04-26T12:18:10.906549,1
SPEEDLOTTO_500_STORE_00913,74163706,다우토토샵,,미상,,,,speedlotto_500,38,first,1,200000000,2026-04-26T12:18:10.906549,2026-04-26T12:18:10.906549,1
SPEEDLOTTO_500_STORE_00914,74261788,일등당첨,,미상,,,,speedlotto_500,38,first,1,200000000,2026-04-26T12:18:10.906549,2026-04-26T12:18:10.906549,1
SPEEDLOTTO_500_STORE_00915,72662656,황금복권방,,미상,,,,speedlotto_500,38,first,1,200000000,2026-04-26T12:18:10.906549,2026-04-26T12:18:10.906549,1
SPEEDLOTTO_500_STORE_00916,74660464,드림복권(2호광장),,미상,,,,speedlotto_500,38,first,1,200000000,2026-04-26T12:18:10.906549,2026-04-26T12:18:10.906549,1
SPEEDLOTTO_500_STORE_00917,73160721,또로또,,미상,,,,speedlotto_500,38,first,1,200000000,2026-04-26T12:18:10.906549,2026-04-26T12:18:10.906549,1
SPEEDLOTTO_500_STORE_00918,74166759,GS25이동센터점,,미상,,,,speedlotto_500,38,first,1,200000000,2026-04-26T12:18:10.906549,2026-04-26T12:18:10.906549,1
SPEEDLOTTO_500_STORE_00919,74162803,보물섬복권방,,미상,,,,speedlotto_500,38,first,1,200000000,2026-04-26T12:18:10.906549,2026-04-26T12:18:10.906549,1
SPEEDLOTTO_500_STORE_00920,71162035,천하명당복권방,,미상,,,,speedlotto_500,38,first,1,200000000,2026-04-26T12:18:10.906549,2026-04-26T12:18:10.906549,1
SPEEDLOTTO_500_STORE_00921,73061011,금화로또마트,,미상,,,,speedlotto_500,38,first,1,200000000,2026-04-26T12:18:10.906549,2026-04-26T12:18:10.906549,1
SPEEDLOTTO_500_STORE_00922,72960747,오천억복권방,,미상,,,,speedlotto_500,38,first,1,200000000,2026-04-26T12:18:10.906549,2026-04-26T12:18:10.906549,1
SPEEDLOTTO_500_STORE_00923,74163177,명당골복권방,,미상,,,,speedlotto_500,38,first,1,200000000,2026-04-26T12:18:10.906549,2026-04-26T12:18:10.906549,1
SPEEDLOTTO_500_STORE_00924,72661445,CU사상서부,,미상,,,,speedlotto_500,38,first,1,200000000,2026-04-26T12:18:10.906549,2026-04-26T12:18:10.906549,2
SPEEDLOTTO_500_STORE_00925,74661194,스타복권,,미상,,,,speedlotto_500,38,first,1,200000000,2026-04-26T12:18:10.906549,2026-04-26T12:18:10.906549,1
SPEEDLOTTO_500_STORE_00926,74761757,SE왜관희망점,,미상,,,,speedlotto_500,38,first,1,200000000,2026-04-26T12:18:10.906549,2026-04-26T12:18:10.906549,1
SPEEDLOTTO_500_STORE_00927,74661178,제철로또대리점,,미상,,,,speedlotto_500,38,first,1,200000000,2026-04-26T12:18:10.906549,2026-04-26T12:18:10.906549,1
SPEEDLOTTO_500_STORE_00928,74161285,차부상회,,미상,,,,speedlotto_500,38,first,1,200000000,2026-04-26T12:18:10.906549,2026-04-26T12:18:10.906549,1
SPEEDLOTTO_500_STORE_00929,74360035,복덩어리,,미상,,,,speedlotto_500,38,first,1,200000000,2026-04-26T12:18:10.906549,2026-04-26T12:18:10.906549,1
SPEEDLOTTO_500_STORE_00930,72960008,도울복권,,미상,,,,speedlotto_500,38,first,1,200000000,2026-04-26T12:18:10.906549,2026-04-26T12:18:10.906549,1
SPEEDLOTTO_500_STORE_00931,72860361,프리마트,,미상,,,,speedlotto_500,38,first,1,200000000,2026-04-26T12:18:10.906549,2026-04-26T12:18:10.906549,1
SPEEDLOTTO_500_STORE_00932,73160635,삼우슈퍼,,미상,,,,speedlotto_500,38,first,1,200000000,2026-04-26T12:18:10.906549,2026-04-26T12:18:10.906549,1
SPEEDLOTTO_500_STORE_00933,72860822,복권왕국,,미상,,,,speedlotto_500,38,first,1,200000000,2026-04-26T12:18:10.906549,2026-04-26T12:18:10.906549,1
SPEEDLOTTO_500_STORE_00934,73160368,이마트24삼산본동,,미상,,,,speedlotto_500,38,first,1,200000000,2026-04-26T12:18:10.906549,2026-04-26T12:18:10.906549,1
SPEEDLOTTO_500_STORE_00935,74160255,CU 포천가산점,,미상,,,,speedlotto_500,38,first,1,200000000,2026-04-26T12:18:10.906549,2026-04-26T12:18:10.906549,1
SPEEDLOTTO_500_STORE_00936,72960924,진곡산단로또,,미상,,,,speedlotto_500,38,first,1,200000000,2026-04-26T12:18:10.906549,2026-04-26T12:18:10.906549,1
SPEEDLOTTO_500_STORE_00937,74760798,빙그레마트,,미상,,,,speedlotto_500,38,first,1,200000000,2026-04-26T12:18:10.906549,2026-04-26T12:18:10.906549,1
SPEEDLOTTO_500_STORE_00938,74360026,굿모닝복권방,,미상,,,,speedlotto_500,38,first,1,200000000,2026-04-26T12:18:10.906549,2026-04-26T12:18:10.906549,1
SPEEDLOTTO_500_STORE_00939,74760164,옹천왕대박슈퍼,,미상,,,,speedlotto_500,38,first,1,200000000,2026-04-26T12:18:10.906549,2026-04-26T12:18:10.906549,1
SPEEDLOTTO_500_STORE_00940,72861215,노다지복권방(학익),,미상,,,,speedlotto_500,38,first,1,200000000,2026-04-26T12:18:10.906549,2026-04-26T12:18:10.906549,1
SPEEDLOTTO_500_STORE_00941,71163495,CU 송파한화2호점,,미상,,,,speedlotto_500,38,first,1,200000000,2026-04-26T12:18:10.906549,2026-04-26T12:18:10.906549,1
SPEEDLOTTO_500_STORE_00942,74160110,GS 양주신산점,,미상,,,,speedlotto_500,38,first,1,200000000,2026-04-26T12:18:10.906549,2026-04-26T12:18:10.906549,1
SPEEDLOTTO_500_STORE_00943,74761012,로또훼미리마트왜관점,,미상,,,,speedlotto_500,38,first,1,200000000,2026-04-26T12:18:10.906549,2026-04-26T12:18:10.906549,1
SPEEDLOTTO_500_STORE_00944,99999990,미확인 판매점 ,,미상,,,,speedlotto_500,38,first,1,200000000,2026-04-26T12:18:10.906549,2026-04-26T12:18:10.906549,1
SPEEDLOTTO_500_STORE_00945,74460619,GS25봉명희망점,,미상,,,,speedlotto_500,38,first,1,200000000,2026-04-26T12:18:10.906549,2026-04-26T12:18:10.906549,1
SPEEDLOTTO_500_STORE_00946,72960633,채널Q24시로또주월점,,미상,,,,speedlotto_500,38,first,1,200000000,2026-04-26T12:18:10.906549,2026-04-26T12:18:10.906549,1
SPEEDLOTTO_500_STORE_00947,74162879,CU 안산이동제일점,,미상,,,,speedlotto_500,38,first,1,200000000,2026-04-26T12:18:10.906549,2026-04-26T12:18:10.906549,1
SPEEDLOTTO_500_STORE_00948,74861498,채널큐,,미상,,,,speedlotto_500,38,first,1,400000000,2026-04-26T12:18:10.906549,2026-04-26T12:18:10.906549,1
SPEEDLOTTO_500_STORE_00949,74860026,미니스톱 평산점,,미상,,,,speedlotto_500,38,first,1,400000000,2026-04-26T12:18:10.906549,2026-04-26T12:18:10.906549,1
SPEEDLOTTO_500_STORE_00950,72760607,대백마트,,미상,,,,speedlotto_500,38,first,1,200000000,2026-04-26T12:18:10.906549,2026-04-26T12:18:10.906549,1
SPEEDLOTTO_500_STORE_00951,71161288,세븐일레븐,,미상,,,,speedlotto_500,38,first,1,200000000,2026-04-26T12:18:10.906549,2026-04-26T12:18:10.906549,1
SPEEDLOTTO_500_STORE_00952,74163134,CU 구운선경점,,미상,,,,speedlotto_500,38,first,1,200000000,2026-04-26T12:18:10.906549,2026-04-26T12:18:10.906549,1
SPEEDLOTTO_500_STORE_00953,74163861,ANY로또,,미상,,,,speedlotto_500,38,first,1,200000000,2026-04-26T12:18:10.906549,2026-04-26T12:18:10.906549,1
SPEEDLOTTO_500_STORE_00954,71163684,스포츠베팅샵,,미상,,,,speedlotto_500,38,first,1,200000000,2026-04-26T12:18:10.906549,2026-04-26T12:18:10.906549,1
SPEEDLOTTO_500_STORE_00955,74260737,복권뱅크,,미상,,,,speedlotto_500,38,first,1,200000000,2026-04-26T12:18:10.906549,2026-04-26T12:18:10.906549,1
SPEEDLOTTO_500_STORE_00956,74860113,창원25시슈퍼(24시로또복권),,미상,,,,speedlotto_500,38,first,1,200000000,2026-04-26T12:18:10.906549,2026-04-26T12:18:10.906549,1
SPEEDLOTTO_500_STORE_00957,71160248,복마니복권방,,미상,,,,speedlotto_500,38,first,1,200000000,2026-04-26T12:18:10.906549,2026-04-26T12:18:10.906549,1
SPEEDLOTTO_500_STORE_00958,74860442,운동장마트,,미상,,,,speedlotto_500,38,first,1,200000000,2026-04-26T12:18:10.906549,2026-04-26T12:18:10.906549,1
SPEEDLOTTO_500_STORE_00959,71160111,복권나라,,미상,,,,speedlotto_500,38,first,1,200000000,2026-04-26T12:18:10.906549,2026-04-26T12:18:10.906549,1
SPEEDLOTTO_500_STORE_00960,74660663,CU목포비파점,,미상,,,,speedlotto_500,38,first,1,200000000,2026-04-26T12:18:10.906549,2026-04-26T12:18:10.906549,1
SPEEDLOTTO_500_STORE_00961,73060444,씨스페이스유성신우점,,미상,,,,speedlotto_500,38,first,1,200000000,2026-04-26T12:18:10.906549,2026-04-26T12:18:10.906549,1
SPEEDLOTTO_500_STORE_00962,74162956,세븐일레븐 안산고잔금강점,,미상,,,,speedlotto_500,38,first,1,200000000,2026-04-26T12:18:10.906549,2026-04-26T12:18:10.906549,1
SPEEDLOTTO_500_STORE_00963,74960026,하나슈퍼,,미상,,,,speedlotto_500,38,first,1,200000000,2026-04-26T12:18:10.906549,2026-04-26T12:18:10.906549,1
SPEEDLOTTO_500_STORE_00964,71161818,CU,,미상,,,,speedlotto_500,38,first,1,200000000,2026-04-26T12:18:10.906549,2026-04-26T12:18:10.906549,1
SPEEDLOTTO_500_STORE_00965,74163317,명진슈퍼,,미상,,,,speedlotto_500,38,first,1,200000000,2026-04-26T12:18:10.906549,2026-04-26T12:18:10.906549,1
SPEEDLOTTO_500_STORE_00966,71164520,양천24,,미상,,,,speedlotto_500,38,first,1,200000000,2026-04-26T12:18:10.906549,2026-04-26T12:18:10.906549,1
SPEEDLOTTO_500_STORE_00967,74163911,복권방,,미상,,,,speedlotto_500,38,first,1,200000000,2026-04-26T12:18:10.906549,2026-04-26T12:18:10.906549,1
SPEEDLOTTO_500_STORE_00968,71160627,세븐일레븐,,미상,,,,speedlotto_500,38,first,1,200000000,2026-04-26T12:18:10.906549,2026-04-26T12:18:10.906549,1
SPEEDLOTTO_500_STORE_00969,74260514,편의점,,미상,,,,speedlotto_500,38,first,1,200000000,2026-04-26T12:18:10.906549,2026-04-26T12:18:10.906549,1
SPEEDLOTTO_500_STORE_00970,74860121,복권방,,미상,,,,speedlotto_500,38,first,1,200000000,2026-04-26T12:18:10.906549,2026-04-26T12:18:10.906549,1
SPEEDLOTTO_500_STORE_00971,72660480,복권천국 복권방,,미상,,,,speedlotto_500,38,first,1,200000000,2026-04-26T12:18:10.906549,2026-04-26T12:18:10.906549,1
SPEEDLOTTO_500_STORE_00972,74460132,편의점,,미상,,,,speedlotto_500,38,first,1,200000000,2026-04-26T12:18:10.906549,2026-04-26T12:18:10.906549,1
SPEEDLOTTO_500_STORE_00973,71162726,가판대,,미상,,,,speedlotto_500,38,first,1,200000000,2026-04-26T12:18:10.906549,2026-04-26T12:18:10.906549,1
SPEEDLOTTO_500_STORE_00974,71162617,편의점,,미상,,,,speedlotto_500,38,first,1,200000000,2026-04-26T12:18:10.906549,2026-04-26T12:18:10.906549,1
SPEEDLOTTO_500_STORE_00975,71161756,복권방,,미상,,,,speedlotto_500,38,first,1,200000000,2026-04-26T12:18:10.906549,2026-04-26T12:18:10.906549,1
SPEEDLOTTO_500_STORE_00976,73160068,우리들 편의점 서부점,,미상,,,,speedlotto_500,38,first,1,200000000,2026-04-26T12:18:10.906549,2026-04-26T12:18:10.906549,1
SPEEDLOTTO_500_STORE_00977,74860224,슈퍼마켓,,미상,,,,speedlotto_500,38,first,1,200000000,2026-04-26T12:18:10.906549,2026-04-26T12:18:10.906549,1
SPEEDLOTTO_500_STORE_00978,74162739,복권방,,미상,,,,speedlotto_500,38,first,1,200000000,2026-04-26T12:18:10.906549,2026-04-26T12:18:10.906549,1
SPEEDLOTTO_500_STORE_00979,74162534,편의점,,미상,,,,speedlotto_500,38,first,1,200000000,2026-04-26T12:18:10.906549,2026-04-26T12:18:10.906549,1
SPEEDLOTTO_500_STORE_00980,74260488,제일복권,,미상,,,,speedlotto_500,38,first,1,200000000,2026-04-26T12:18:10.906549,2026-04-26T12:18:10.906549,1
SPEEDLOTTO_500_STORE_00981,74260444,복권방,,미상,,,,speedlotto_500,38,first,1,200000000,2026-04-26T12:18:10.906549,2026-04-26T12:18:10.906549,1
SPEEDLOTTO_500_STORE_00982,72863021,수퍼마켓,,미상,,,,speedlotto_500,38,first,1,200000000,2026-04-26T12:18:10.906549,2026-04-26T12:18:10.906549,1
SPEEDLOTTO_500_STORE_00983,74160427,만물복권방,,미상,,,,speedlotto_500,38,first,1,200000000,2026-04-26T12:18:10.906549,2026-04-26T12:18:10.906549,1
SPEEDLOTTO_500_STORE_00984,74861125,편의점,,미상,,,,speedlotto_500,38,first,1,200000000,2026-04-26T12:18:10.906549,2026-04-26T12:18:10.906549,1
SPEEDLOTTO_500_STORE_00985,71160697,가판,,미상,,,,speedlotto_500,38,first,1,200000000,2026-04-26T12:18:10.906549,2026-04-26T12:18:10.906549,1
SPEEDLOTTO_500_STORE_00986,74861027,수퍼마켓,,미상,,,,speedlotto_500,38,first,1,200000000,2026-04-26T12:18:10.906549,2026-04-26T12:18:10.906549,1
SPEEDLOTTO_500_STORE_00987,74460594,수퍼마켓,,미상,,,,speedlotto_500,38,first,1,200000000,2026-04-26T12:18:10.906549,2026-04-26T12:18:10.906549,1
SPEEDLOTTO_500_STORE_00988,74560222,편의점,,미상,,,,speedlotto_500,38,first,1,200000000,2026-04-26T12:18:10.906549,2026-04-26T12:18:10.906549,1
SPEEDLOTTO_500_STORE_00989,74860491,편의점,,미상,,,,speedlotto_500,38,first,1,200000000,2026-04-26T12:18:10.906549,2026-04-26T12:18:10.906549,1
SPEEDLOTTO_500_STORE_00990,74164096,복권방,,미상,,,,speedlotto_500,38,first,1,200000000,2026-04-26T12:18:10.906549,2026-04-26T12:18:10.906549,1
SPEEDLOTTO_500_STORE_00991,73060537,원마트 편의점,,미상,,,,speedlotto_500,38,first,1,200000000,2026-04-26T12:18:10.906549,2026-04-26T12:18:10.906549,1
SPEEDLOTTO_500_STORE_00992,74660195,복권방,,미상,,,,speedlotto_500,38,first,1,200000000,2026-04-26T12:18:10.906549,2026-04-26T12:18:10.906549,1
SPEEDLOTTO_500_STORE_00993,74860751,미니스톱,,미상,,,,speedlotto_500,38,first,1,200000000,2026-04-26T12:18:10.906549,2026-04-26T12:18:10.906549,1
SPEEDLOTTO_500_STORE_00994,72660051,편의점,,미상,,,,speedlotto_500,38,first,1,200000000,2026-04-26T12:18:10.906549,2026-04-26T12:18:10.906549,1
SPEEDLOTTO_500_STORE_00995,71163551,슈퍼,,미상,,,,speedlotto_500,38,first,1,200000000,2026-04-26T12:18:10.906549,2026-04-26T12:18:10.906549,1
SPEEDLOTTO_500_STORE_00996,71161183,가판,,미상,,,,speedlotto_500,38,first,1,200000000,2026-04-26T12:18:10.906549,2026-04-26T12:18:10.906549,1
SPEEDLOTTO_500_STORE_00997,71164341,복권방,,미상,,,,speedlotto_500,38,first,1,200000000,2026-04-26T12:18:10.906549,2026-04-26T12:18:10.906549,1
SPEEDLOTTO_500_STORE_00998,73160111,우리들 편의점 서부점,,미상,,,,speedlotto_500,38,first,1,200000000,2026-04-26T12:18:10.906549,2026-04-26T12:18:10.906549,1
SPEEDLOTTO_500_STORE_00999,72960822,편의점,,미상,,,,speedlotto_500,38,first,1,200000000,2026-04-26T12:18:10.906549,2026-04-26T12:18:10.906549,1
SPEEDLOTTO_500_STORE_01000,74162947,편의점,,미상,,,,speedlotto_500,38,first,1,200000000,2026-04-26T12:18:10.906549,2026-04-26T12:18:10.906549,1
SPEEDLOTTO_500_STORE_01001,72660156,복권방,,미상,,,,speedlotto_500,38,first,1,200000000,2026-04-26T12:18:10.906549,2026-04-26T12:18:10.906549,1
SPEEDLOTTO_500_STORE_01002,74160347,토토마트 (구 편의점사랑),,미상,,,,speedlotto_500,37,first,1,200000000,2026-04-26T12:18:12.765256,2026-04-26T12:18:12.765256,1
SPEEDLOTTO_500_STORE_01003,74760625,CSPACE구미옥계점,,미상,,,,speedlotto_500,37,first,1,200000000,2026-04-26T12:18:12.765256,2026-04-26T12:18:12.765256,1
SPEEDLOTTO_500_STORE_01004,74163706,다우토토샵,,미상,,,,speedlotto_500,37,first,1,200000000,2026-04-26T12:18:12.765256,2026-04-26T12:18:12.765256,1
SPEEDLOTTO_500_STORE_01005,74261788,일등당첨,,미상,,,,speedlotto_500,37,first,1,200000000,2026-04-26T12:18:12.765256,2026-04-26T12:18:12.765256,1
SPEEDLOTTO_500_STORE_01006,72662656,황금복권방,,미상,,,,speedlotto_500,37,first,1,200000000,2026-04-26T12:18:12.766256,2026-04-26T12:18:12.766256,1
SPEEDLOTTO_500_STORE_01007,74660464,드림복권(2호광장),,미상,,,,speedlotto_500,37,first,1,200000000,2026-04-26T12:18:12.766256,2026-04-26T12:18:12.766256,1
SPEEDLOTTO_500_STORE_01008,73160721,또로또,,미상,,,,speedlotto_500,37,first,1,200000000,2026-04-26T12:18:12.766256,2026-04-26T12:18:12.766256,1
SPEEDLOTTO_500_STORE_01009,74166759,GS25이동센터점,,미상,,,,speedlotto_500,37,first,1,200000000,2026-04-26T12:18:12.766256,2026-04-26T12:18:12.766256,1
SPEEDLOTTO_500_STORE_01010,74162803,보물섬복권방,,미상,,,,speedlotto_500,37,first,1,200000000,2026-04-26T12:18:12.766256,2026-04-26T12:18:12.766256,1
SPEEDLOTTO_500_STORE_01011,71162035,천하명당복권방,,미상,,,,speedlotto_500,37,first,1,200000000,2026-04-26T12:18:12.766256,2026-04-26T12:18:12.766256,1
SPEEDLOTTO_500_STORE_01012,73061011,금화로또마트,,미상,,,,speedlotto_500,37,first,1,200000000,2026-04-26T12:18:12.766256,2026-04-26T12:18:12.766256,1
SPEEDLOTTO_500_STORE_01013,72960747,오천억복권방,,미상,,,,speedlotto_500,37,first,1,200000000,2026-04-26T12:18:12.766256,2026-04-26T12:18:12.766256,1
SPEEDLOTTO_500_STORE_01014,74163177,명당골복권방,,미상,,,,speedlotto_500,37,first,1,200000000,2026-04-26T12:18:12.766256,2026-04-26T12:18:12.766256,1
SPEEDLOTTO_500_STORE_01015,72661445,CU사상서부,,미상,,,,speedlotto_500,37,first,1,200000000,2026-04-26T12:18:12.766256,2026-04-26T12:18:12.766256,2
SPEEDLOTTO_500_STORE_01016,74661194,스타복권,,미상,,,,speedlotto_500,37,first,1,200000000,2026-04-26T12:18:12.766256,2026-04-26T12:18:12.766256,1
SPEEDLOTTO_500_STORE_01017,74761757,SE왜관희망점,,미상,,,,speedlotto_500,37,first,1,200000000,2026-04-26T12:18:12.766256,2026-04-26T12:18:12.766256,1
SPEEDLOTTO_500_STORE_01018,74661178,제철로또대리점,,미상,,,,speedlotto_500,37,first,1,200000000,2026-04-26T12:18:12.766256,2026-04-26T12:18:12.766256,1
SPEEDLOTTO_500_STORE_01019,74161285,차부상회,,미상,,,,speedlotto_500,37,first,1,200000000,2026-04-26T12:18:12.766256,2026-04-26T12:18:12.766256,1
SPEEDLOTTO_500_STORE_01020,74360035,복덩어리,,미상,,,,speedlotto_500,37,first,1,200000000,2026-04-26T12:18:12.766256,2026-04-26T12:18:12.766256,1
SPEEDLOTTO_500_STORE_01021,72960008,도울복권,,미상,,,,speedlotto_500,37,first,1,200000000,2026-04-26T12:18:12.766256,2026-04-26T12:18:12.766256,1
SPEEDLOTTO_500_STORE_01022,72860361,프리마트,,미상,,,,speedlotto_500,37,first,1,200000000,2026-04-26T12:18:12.766256,2026-04-26T12:18:12.766256,1
SPEEDLOTTO_500_STORE_01023,73160635,삼우슈퍼,,미상,,,,speedlotto_500,37,first,1,200000000,2026-04-26T12:18:12.766256,2026-04-26T12:18:12.766256,1
SPEEDLOTTO_500_STORE_01024,72860822,복권왕국,,미상,,,,speedlotto_500,37,first,1,200000000,2026-04-26T12:18:12.766256,2026-04-26T12:18:12.766256,1
SPEEDLOTTO_500_STORE_01025,73160368,이마트24삼산본동,,미상,,,,speedlotto_500,37,first,1,200000000,2026-04-26T12:18:12.766256,2026-04-26T12:18:12.766256,1
SPEEDLOTTO_500_STORE_01026,74160255,CU 포천가산점,,미상,,,,speedlotto_500,37,first,1,200000000,2026-04-26T12:18:12.766256,2026-04-26T12:18:12.766256,1
SPEEDLOTTO_500_STORE_01027,72960924,진곡산단로또,,미상,,,,speedlotto_500,37,first,1,200000000,2026-04-26T12:18:12.766256,2026-04-26T12:18:12.766256,1
SPEEDLOTTO_500_STORE_01028,74760798,빙그레마트,,미상,,,,speedlotto_500,37,first,1,200000000,2026-04-26T12:18:12.766256,2026-04-26T12:18:12.766256,1
SPEEDLOTTO_500_STORE_01029,74360026,굿모닝복권방,,미상,,,,speedlotto_500,37,first,1,200000000,2026-04-26T12:18:12.766256,2026-04-26T12:18:12.766256,1
SPEEDLOTTO_500_STORE_01030,74760164,옹천왕대박슈퍼,,미상,,,,speedlotto_500,37,first,1,200000000,2026-04-26T12:18:12.766256,2026-04-26T12:18:12.766256,1
SPEEDLOTTO_500_STORE_01031,72861215,노다지복권방(학익),,미상,,,,speedlotto_500,37,first,1,200000000,2026-04-26T12:18:12.766256,2026-04-26T12:18:12.766256,1
SPEEDLOTTO_500_STORE_01032,71163495,CU 송파한화2호점,,미상,,,,speedlotto_500,37,first,1,200000000,2026-04-26T12:18:12.766256,2026-04-26T12:18:12.766256,1
SPEEDLOTTO_500_STORE_01033,74160110,GS 양주신산점,,미상,,,,speedlotto_500,37,first,1,200000000,2026-04-26T12:18:12.766256,2026-04-26T12:18:12.766256,1
SPEEDLOTTO_500_STORE_01034,74761012,로또훼미리마트왜관점,,미상,,,,speedlotto_500,37,first,1,200000000,2026-04-26T12:18:12.766256,2026-04-26T12:18:12.766256,1
SPEEDLOTTO_500_STORE_01035,99999990,미확인 판매점 ,,미상,,,,speedlotto_500,37,first,1,200000000,2026-04-26T12:18:12.766256,2026-04-26T12:18:12.766256,1
SPEEDLOTTO_500_STORE_01036,74460619,GS25봉명희망점,,미상,,,,speedlotto_500,37,first,1,200000000,2026-04-26T12:18:12.766256,2026-04-26T12:18:12.766256,1
SPEEDLOTTO_500_STORE_01037,72960633,채널Q24시로또주월점,,미상,,,,speedlotto_500,37,first,1,200000000,2026-04-26T12:18:12.766256,2026-04-26T12:18:12.766256,1
SPEEDLOTTO_500_STORE_01038,74162879,CU 안산이동제일점,,미상,,,,speedlotto_500,37,first,1,200000000,2026-04-26T12:18:12.766256,2026-04-26T12:18:12.766256,1
SPEEDLOTTO_500_STORE_01039,74861498,채널큐,,미상,,,,speedlotto_500,37,first,1,400000000,2026-04-26T12:18:12.766256,2026-04-26T12:18:12.766256,1
SPEEDLOTTO_500_STORE_01040,74860026,미니스톱 평산점,,미상,,,,speedlotto_500,37,first,1,400000000,2026-04-26T12:18:12.766256,2026-04-26T12:18:12.766256,1
SPEEDLOTTO_500_STORE_01041,72760607,대백마트,,미상,,,,speedlotto_500,37,first,1,200000000,2026-04-26T12:18:12.766256,2026-04-26T12:18:12.766256,1
SPEEDLOTTO_500_STORE_01042,71161288,세븐일레븐,,미상,,,,speedlotto_500,37,first,1,200000000,2026-04-26T12:18:12.766256,2026-04-26T12:18:12.766256,1
SPEEDLOTTO_500_STORE_01043,74163134,CU 구운선경점,,미상,,,,speedlotto_500,37,first,1,200000000,2026-04-26T12:18:12.766256,2026-04-26T12:18:12.766256,1
SPEEDLOTTO_500_STORE_01044,74163861,ANY로또,,미상,,,,speedlotto_500,37,first,1,200000000,2026-04-26T12:18:12.766256,2026-04-26T12:18:12.766256,1
SPEEDLOTTO_500_STORE_01045,71163684,스포츠베팅샵,,미상,,,,speedlotto_500,37,first,1,200000000,2026-04-26T12:18:12.766256,2026-04-26T12:18:12.766256,1
SPEEDLOTTO_500_STORE_01046,74260737,복권뱅크,,미상,,,,speedlotto_500,37,first,1,200000000,2026-04-26T12:18:12.766256,2026-04-26T12:18:12.766256,1
SPEEDLOTTO_500_STORE_01047,74860113,창원25시슈퍼(24시로또복권),,미상,,,,speedlotto_500,37,first,1,200000000,2026-04-26T12:18:12.766256,2026-04-26T12:18:12.766256,1
SPEEDLOTTO_500_STORE_01048,71160248,복마니복권방,,미상,,,,speedlotto_500,37,first,1,200000000,2026-04-26T12:18:12.766256,2026-04-26T12:18:12.766256,1
SPEEDLOTTO_500_STORE_01049,74860442,운동장마트,,미상,,,,speedlotto_500,37,first,1,200000000,2026-04-26T12:18:12.766256,2026-04-26T12:18:12.766256,1
SPEEDLOTTO_500_STORE_01050,71160111,복권나라,,미상,,,,speedlotto_500,37,first,1,200000000,2026-04-26T12:18:12.766256,2026-04-26T12:18:12.766256,1
SPEEDLOTTO_500_STORE_01051,74660663,CU목포비파점,,미상,,,,speedlotto_500,37,first,1,200000000,2026-04-26T12:18:12.766256,2026-04-26T12:18:12.766256,1
SPEEDLOTTO_500_STORE_01052,73060444,씨스페이스유성신우점,,미상,,,,speedlotto_500,37,first,1,200000000,2026-04-26T12:18:12.766256,2026-04-26T12:18:12.766256,1
SPEEDLOTTO_500_STORE_01053,74162956,세븐일레븐 안산고잔금강점,,미상,,,,speedlotto_500,37,first,1,200000000,2026-04-26T12:18:12.766256,2026-04-26T12:18:12.766256,1
SPEEDLOTTO_500_STORE_01054,74960026,하나슈퍼,,미상,,,,speedlotto_500,37,first,1,200000000,2026-04-26T12:18:12.766256,2026-04-26T12:18:12.766256,1
SPEEDLOTTO_500_STORE_01055,71161818,CU,,미상,,,,speedlotto_500,37,first,1,200000000,2026-04-26T12:18:12.766256,2026-04-26T12:18:12.766256,1
SPEEDLOTTO_500_STORE_01056,74163317,명진슈퍼,,미상,,,,speedlotto_500,37,first,1,200000000,2026-04-26T12:18:12.766256,2026-04-26T12:18:12.766256,1
SPEEDLOTTO_500_STORE_01057,71164520,양천24,,미상,,,,speedlotto_500,37,first,1,200000000,2026-04-26T12:18:12.766256,2026-04-26T12:18:12.766256,1
SPEEDLOTTO_500_STORE_01058,74163911,복권방,,미상,,,,speedlotto_500,37,first,1,200000000,2026-04-26T12:18:12.766256,2026-04-26T12:18:12.766256,1
SPEEDLOTTO_500_STORE_01059,71160627,세븐일레븐,,미상,,,,speedlotto_500,37,first,1,200000000,2026-04-26T12:18:12.766256,2026-04-26T12:18:12.766256,1
SPEEDLOTTO_500_STORE_01060,74260514,편의점,,미상,,,,speedlotto_500,37,first,1,200000000,2026-04-26T12:18:12.766256,2026-04-26T12:18:12.766256,1
SPEEDLOTTO_500_STORE_01061,74860121,복권방,,미상,,,,speedlotto_500,37,first,1,200000000,2026-04-26T12:18:12.766256,2026-04-26T12:18:12.766256,1
SPEEDLOTTO_500_STORE_01062,72660480,복권천국 복권방,,미상,,,,speedlotto_500,37,first,1,200000000,2026-04-26T12:18:12.766256,2026-04-26T12:18:12.766256,1
SPEEDLOTTO_500_STORE_01063,74460132,편의점,,미상,,,,speedlotto_500,37,first,1,200000000,2026-04-26T12:18:12.766256,2026-04-26T12:18:12.766256,1
SPEEDLOTTO_500_STORE_01064,71162726,가판대,,미상,,,,speedlotto_500,37,first,1,200000000,2026-04-26T12:18:12.766256,2026-04-26T12:18:12.766256,1
SPEEDLOTTO_500_STORE_01065,71162617,편의점,,미상,,,,speedlotto_500,37,first,1,200000000,2026-04-26T12:18:12.766256,2026-04-26T12:18:12.766256,1
SPEEDLOTTO_500_STORE_01066,71161756,복권방,,미상,,,,speedlotto_500,37,first,1,200000000,2026-04-26T12:18:12.766256,2026-04-26T12:18:12.766256,1
SPEEDLOTTO_500_STORE_01067,73160068,우리들 편의점 서부점,,미상,,,,speedlotto_500,37,first,1,200000000,2026-04-26T12:18:12.766256,2026-04-26T12:18:12.766256,1
SPEEDLOTTO_500_STORE_01068,74860224,슈퍼마켓,,미상,,,,speedlotto_500,37,first,1,200000000,2026-04-26T12:18:12.766256,2026-04-26T12:18:12.766256,1
SPEEDLOTTO_500_STORE_01069,74162739,복권방,,미상,,,,speedlotto_500,37,first,1,200000000,2026-04-26T12:18:12.766256,2026-04-26T12:18:12.766256,1
SPEEDLOTTO_500_STORE_01070,74162534,편의점,,미상,,,,speedlotto_500,37,first,1,200000000,2026-04-26T12:18:12.766256,2026-04-26T12:18:12.766256,1
SPEEDLOTTO_500_STORE_01071,74260488,제일복권,,미상,,,,speedlotto_500,37,first,1,200000000,2026-04-26T12:18:12.766256,2026-04-26T12:18:12.766256,1
SPEEDLOTTO_500_STORE_01072,74260444,복권방,,미상,,,,speedlotto_500,37,first,1,200000000,2026-04-26T12:18:12.766256,2026-04-26T12:18:12.766256,1
SPEEDLOTTO_500_STORE_01073,72863021,수퍼마켓,,미상,,,,speedlotto_500,37,first,1,200000000,2026-04-26T12:18:12.766256,2026-04-26T12:18:12.766256,1
SPEEDLOTTO_500_STORE_01074,74160427,만물복권방,,미상,,,,speedlotto_500,37,first,1,200000000,2026-04-26T12:18:12.766256,2026-04-26T12:18:12.766256,1
SPEEDLOTTO_500_STORE_01075,74861125,편의점,,미상,,,,speedlotto_500,37,first,1,200000000,2026-04-26T12:18:12.766256,2026-04-26T12:18:12.766256,1
SPEEDLOTTO_500_STORE_01076,71160697,가판,,미상,,,,speedlotto_500,37,first,1,200000000,2026-04-26T12:18:12.766256,2026-04-26T12:18:12.766256,1
SPEEDLOTTO_500_STORE_01077,74861027,수퍼마켓,,미상,,,,speedlotto_500,37,first,1,200000000,2026-04-26T12:18:12.766256,2026-04-26T12:18:12.766256,1
SPEEDLOTTO_500_STORE_01078,74460594,수퍼마켓,,미상,,,,speedlotto_500,37,first,1,200000000,2026-04-26T12:18:12.766256,2026-04-26T12:18:12.766256,1
SPEEDLOTTO_500_STORE_01079,74560222,편의점,,미상,,,,speedlotto_500,37,first,1,200000000,2026-04-26T12:18:12.766256,2026-04-26T12:18:12.766256,1
SPEEDLOTTO_500_STORE_01080,74860491,편의점,,미상,,,,speedlotto_500,37,first,1,200000000,2026-04-26T12:18:12.766256,2026-04-26T12:18:12.766256,1
SPEEDLOTTO_500_STORE_01081,74164096,복권방,,미상,,,,speedlotto_500,37,first,1,200000000,2026-04-26T12:18:12.766256,2026-04-26T12:18:12.766256,1
SPEEDLOTTO_500_STORE_01082,73060537,원마트 편의점,,미상,,,,speedlotto_500,37,first,1,200000000,2026-04-26T12:18:12.766256,2026-04-26T12:18:12.766256,1
SPEEDLOTTO_500_STORE_01083,74660195,복권방,,미상,,,,speedlotto_500,37,first,1,200000000,2026-04-26T12:18:12.766256,2026-04-26T12:18:12.766256,1
SPEEDLOTTO_500_STORE_01084,74860751,미니스톱,,미상,,,,speedlotto_500,37,first,1,200000000,2026-04-26T12:18:12.766256,2026-04-26T12:18:12.766256,1
SPEEDLOTTO_500_STORE_01085,72660051,편의점,,미상,,,,speedlotto_500,37,first,1,200000000,2026-04-26T12:18:12.766256,2026-04-26T12:18:12.766256,1
SPEEDLOTTO_500_STORE_01086,71163551,슈퍼,,미상,,,,speedlotto_500,37,first,1,200000000,2026-04-26T12:18:12.766256,2026-04-26T12:18:12.766256,1
SPEEDLOTTO_500_STORE_01087,71161183,가판,,미상,,,,speedlotto_500,37,first,1,200000000,2026-04-26T12:18:12.766256,2026-04-26T12:18:12.766256,1
SPEEDLOTTO_500_STORE_01088,71164341,복권방,,미상,,,,speedlotto_500,37,first,1,200000000,2026-04-26T12:18:12.766256,2026-04-26T12:18:12.766256,1
SPEEDLOTTO_500_STORE_01089,73160111,우리들 편의점 서부점,,미상,,,,speedlotto_500,37,first,1,200000000,2026-04-26T12:18:12.766256,2026-04-26T12:18:12.766256,1
SPEEDLOTTO_500_STORE_01090,72960822,편의점,,미상,,,,speedlotto_500,37,first,1,200000000,2026-04-26T12:18:12.766256,2026-04-26T12:18:12.766256,1
SPEEDLOTTO_500_STORE_01091,74162947,편의점,,미상,,,,speedlotto_500,37,first,1,200000000,2026-04-26T12:18:12.766256,2026-04-26T12:18:12.766256,1
SPEEDLOTTO_500_STORE_01092,72660156,복권방,,미상,,,,speedlotto_500,37,first,1,200000000,2026-04-26T12:18:12.766256,2026-04-26T12:18:12.766256,1
SPEEDLOTTO_500_STORE_01093,74160347,토토마트 (구 편의점사랑),,미상,,,,speedlotto_500,36,first,1,200000000,2026-04-26T12:18:14.630743,2026-04-26T12:18:14.630743,1
SPEEDLOTTO_500_STORE_01094,74760625,CSPACE구미옥계점,,미상,,,,speedlotto_500,36,first,1,200000000,2026-04-26T12:18:14.630743,2026-04-26T12:18:14.630743,1
SPEEDLOTTO_500_STORE_01095,74163706,다우토토샵,,미상,,,,speedlotto_500,36,first,1,200000000,2026-04-26T12:18:14.630743,2026-04-26T12:18:14.630743,1
SPEEDLOTTO_500_STORE_01096,74261788,일등당첨,,미상,,,,speedlotto_500,36,first,1,200000000,2026-04-26T12:18:14.630743,2026-04-26T12:18:14.630743,1
SPEEDLOTTO_500_STORE_01097,72662656,황금복권방,,미상,,,,speedlotto_500,36,first,1,200000000,2026-04-26T12:18:14.630743,2026-04-26T12:18:14.630743,1
SPEEDLOTTO_500_STORE_01098,74660464,드림복권(2호광장),,미상,,,,speedlotto_500,36,first,1,200000000,2026-04-26T12:18:14.630743,2026-04-26T12:18:14.630743,1
SPEEDLOTTO_500_STORE_01099,73160721,또로또,,미상,,,,speedlotto_500,36,first,1,200000000,2026-04-26T12:18:14.630743,2026-04-26T12:18:14.630743,1
SPEEDLOTTO_500_STORE_01100,74166759,GS25이동센터점,,미상,,,,speedlotto_500,36,first,1,200000000,2026-04-26T12:18:14.630743,2026-04-26T12:18:14.630743,1
SPEEDLOTTO_500_STORE_01101,74162803,보물섬복권방,,미상,,,,speedlotto_500,36,first,1,200000000,2026-04-26T12:18:14.630743,2026-04-26T12:18:14.630743,1
SPEEDLOTTO_500_STORE_01102,71162035,천하명당복권방,,미상,,,,speedlotto_500,36,first,1,200000000,2026-04-26T12:18:14.630743,2026-04-26T12:18:14.630743,1
SPEEDLOTTO_500_STORE_01103,73061011,금화로또마트,,미상,,,,speedlotto_500,36,first,1,200000000,2026-04-26T12:18:14.630743,2026-04-26T12:18:14.630743,1
SPEEDLOTTO_500_STORE_01104,72960747,오천억복권방,,미상,,,,speedlotto_500,36,first,1,200000000,2026-04-26T12:18:14.630743,2026-04-26T12:18:14.630743,1
SPEEDLOTTO_500_STORE_01105,74163177,명당골복권방,,미상,,,,speedlotto_500,36,first,1,200000000,2026-04-26T12:18:14.630743,2026-04-26T12:18:14.630743,1
SPEEDLOTTO_500_STORE_01106,72661445,CU사상서부,,미상,,,,speedlotto_500,36,first,1,200000000,2026-04-26T12:18:14.630743,2026-04-26T12:18:14.630743,2
SPEEDLOTTO_500_STORE_01107,74661194,스타복권,,미상,,,,speedlotto_500,36,first,1,200000000,2026-04-26T12:18:14.630743,2026-04-26T12:18:14.630743,1
SPEEDLOTTO_500_STORE_01108,74761757,SE왜관희망점,,미상,,,,speedlotto_500,36,first,1,200000000,2026-04-26T12:18:14.631744,2026-04-26T12:18:14.631744,1
SPEEDLOTTO_500_STORE_01109,74661178,제철로또대리점,,미상,,,,speedlotto_500,36,first,1,200000000,2026-04-26T12:18:14.631744,2026-04-26T12:18:14.631744,1
SPEEDLOTTO_500_STORE_01110,74161285,차부상회,,미상,,,,speedlotto_500,36,first,1,200000000,2026-04-26T12:18:14.631744,2026-04-26T12:18:14.631744,1
SPEEDLOTTO_500_STORE_01111,74360035,복덩어리,,미상,,,,speedlotto_500,36,first,1,200000000,2026-04-26T12:18:14.631744,2026-04-26T12:18:14.631744,1
SPEEDLOTTO_500_STORE_01112,72960008,도울복권,,미상,,,,speedlotto_500,36,first,1,200000000,2026-04-26T12:18:14.631744,2026-04-26T12:18:14.631744,1
SPEEDLOTTO_500_STORE_01113,72860361,프리마트,,미상,,,,speedlotto_500,36,first,1,200000000,2026-04-26T12:18:14.631744,2026-04-26T12:18:14.631744,1
SPEEDLOTTO_500_STORE_01114,73160635,삼우슈퍼,,미상,,,,speedlotto_500,36,first,1,200000000,2026-04-26T12:18:14.631744,2026-04-26T12:18:14.631744,1
SPEEDLOTTO_500_STORE_01115,72860822,복권왕국,,미상,,,,speedlotto_500,36,first,1,200000000,2026-04-26T12:18:14.631744,2026-04-26T12:18:14.631744,1
SPEEDLOTTO_500_STORE_01116,73160368,이마트24삼산본동,,미상,,,,speedlotto_500,36,first,1,200000000,2026-04-26T12:18:14.631744,2026-04-26T12:18:14.631744,1
SPEEDLOTTO_500_STORE_01117,74160255,CU 포천가산점,,미상,,,,speedlotto_500,36,first,1,200000000,2026-04-26T12:18:14.631744,2026-04-26T12:18:14.631744,1
SPEEDLOTTO_500_STORE_01118,72960924,진곡산단로또,,미상,,,,speedlotto_500,36,first,1,200000000,2026-04-26T12:18:14.631744,2026-04-26T12:18:14.631744,1
SPEEDLOTTO_500_STORE_01119,74760798,빙그레마트,,미상,,,,speedlotto_500,36,first,1,200000000,2026-04-26T12:18:14.631744,2026-04-26T12:18:14.631744,1
SPEEDLOTTO_500_STORE_01120,74360026,굿모닝복권방,,미상,,,,speedlotto_500,36,first,1,200000000,2026-04-26T12:18:14.631744,2026-04-26T12:18:14.631744,1
SPEEDLOTTO_500_STORE_01121,74760164,옹천왕대박슈퍼,,미상,,,,speedlotto_500,36,first,1,200000000,2026-04-26T12:18:14.631744,2026-04-26T12:18:14.631744,1
SPEEDLOTTO_500_STORE_01122,72861215,노다지복권방(학익),,미상,,,,speedlotto_500,36,first,1,200000000,2026-04-26T12:18:14.631744,2026-04-26T12:18:14.631744,1
SPEEDLOTTO_500_STORE_01123,71163495,CU 송파한화2호점,,미상,,,,speedlotto_500,36,first,1,200000000,2026-04-26T12:18:14.631744,2026-04-26T12:18:14.631744,1
SPEEDLOTTO_500_STORE_01124,74160110,GS 양주신산점,,미상,,,,speedlotto_500,36,first,1,200000000,2026-04-26T12:18:14.631744,2026-04-26T12:18:14.631744,1
SPEEDLOTTO_500_STORE_01125,74761012,로또훼미리마트왜관점,,미상,,,,speedlotto_500,36,first,1,200000000,2026-04-26T12:18:14.631744,2026-04-26T12:18:14.631744,1
SPEEDLOTTO_500_STORE_01126,99999990,미확인 판매점 ,,미상,,,,speedlotto_500,36,first,1,200000000,2026-04-26T12:18:14.631744,2026-04-26T12:18:14.631744,1
SPEEDLOTTO_500_STORE_01127,74460619,GS25봉명희망점,,미상,,,,speedlotto_500,36,first,1,200000000,2026-04-26T12:18:14.631744,2026-04-26T12:18:14.631744,1
SPEEDLOTTO_500_STORE_01128,72960633,채널Q24시로또주월점,,미상,,,,speedlotto_500,36,first,1,200000000,2026-04-26T12:18:14.631744,2026-04-26T12:18:14.631744,1
SPEEDLOTTO_500_STORE_01129,74162879,CU 안산이동제일점,,미상,,,,speedlotto_500,36,first,1,200000000,2026-04-26T12:18:14.631744,2026-04-26T12:18:14.631744,1
SPEEDLOTTO_500_STORE_01130,74861498,채널큐,,미상,,,,speedlotto_500,36,first,1,400000000,2026-04-26T12:18:14.631744,2026-04-26T12:18:14.631744,1
SPEEDLOTTO_500_STORE_01131,74860026,미니스톱 평산점,,미상,,,,speedlotto_500,36,first,1,400000000,2026-04-26T12:18:14.631744,2026-04-26T12:18:14.631744,1
SPEEDLOTTO_500_STORE_01132,72760607,대백마트,,미상,,,,speedlotto_500,36,first,1,200000000,2026-04-26T12:18:14.631744,2026-04-26T12:18:14.631744,1
SPEEDLOTTO_500_STORE_01133,71161288,세븐일레븐,,미상,,,,speedlotto_500,36,first,1,200000000,2026-04-26T12:18:14.631744,2026-04-26T12:18:14.631744,1
SPEEDLOTTO_500_STORE_01134,74163134,CU 구운선경점,,미상,,,,speedlotto_500,36,first,1,200000000,2026-04-26T12:18:14.631744,2026-04-26T12:18:14.631744,1
SPEEDLOTTO_500_STORE_01135,74163861,ANY로또,,미상,,,,speedlotto_500,36,first,1,200000000,2026-04-26T12:18:14.631744,2026-04-26T12:18:14.631744,1
SPEEDLOTTO_500_STORE_01136,71163684,스포츠베팅샵,,미상,,,,speedlotto_500,36,first,1,200000000,2026-04-26T12:18:14.631744,2026-04-26T12:18:14.631744,1
SPEEDLOTTO_500_STORE_01137,74260737,복권뱅크,,미상,,,,speedlotto_500,36,first,1,200000000,2026-04-26T12:18:14.631744,2026-04-26T12:18:14.631744,1
SPEEDLOTTO_500_STORE_01138,74860113,창원25시슈퍼(24시로또복권),,미상,,,,speedlotto_500,36,first,1,200000000,2026-04-26T12:18:14.631744,2026-04-26T12:18:14.631744,1
SPEEDLOTTO_500_STORE_01139,71160248,복마니복권방,,미상,,,,speedlotto_500,36,first,1,200000000,2026-04-26T12:18:14.631744,2026-04-26T12:18:14.631744,1
SPEEDLOTTO_500_STORE_01140,74860442,운동장마트,,미상,,,,speedlotto_500,36,first,1,200000000,2026-04-26T12:18:14.631744,2026-04-26T12:18:14.631744,1
SPEEDLOTTO_500_STORE_01141,71160111,복권나라,,미상,,,,speedlotto_500,36,first,1,200000000,2026-04-26T12:18:14.631744,2026-04-26T12:18:14.631744,1
SPEEDLOTTO_500_STORE_01142,74660663,CU목포비파점,,미상,,,,speedlotto_500,36,first,1,200000000,2026-04-26T12:18:14.631744,2026-04-26T12:18:14.631744,1
SPEEDLOTTO_500_STORE_01143,73060444,씨스페이스유성신우점,,미상,,,,speedlotto_500,36,first,1,200000000,2026-04-26T12:18:14.631744,2026-04-26T12:18:14.631744,1
SPEEDLOTTO_500_STORE_01144,74162956,세븐일레븐 안산고잔금강점,,미상,,,,speedlotto_500,36,first,1,200000000,2026-04-26T12:18:14.631744,2026-04-26T12:18:14.631744,1
SPEEDLOTTO_500_STORE_01145,74960026,하나슈퍼,,미상,,,,speedlotto_500,36,first,1,200000000,2026-04-26T12:18:14.631744,2026-04-26T12:18:14.631744,1
SPEEDLOTTO_500_STORE_01146,71161818,CU,,미상,,,,speedlotto_500,36,first,1,200000000,2026-04-26T12:18:14.631744,2026-04-26T12:18:14.631744,1
SPEEDLOTTO_500_STORE_01147,74163317,명진슈퍼,,미상,,,,speedlotto_500,36,first,1,200000000,2026-04-26T12:18:14.631744,2026-04-26T12:18:14.631744,1
SPEEDLOTTO_500_STORE_01148,71164520,양천24,,미상,,,,speedlotto_500,36,first,1,200000000,2026-04-26T12:18:14.631744,2026-04-26T12:18:14.631744,1
SPEEDLOTTO_500_STORE_01149,74163911,복권방,,미상,,,,speedlotto_500,36,first,1,200000000,2026-04-26T12:18:14.631744,2026-04-26T12:18:14.631744,1
SPEEDLOTTO_500_STORE_01150,71160627,세븐일레븐,,미상,,,,speedlotto_500,36,first,1,200000000,2026-04-26T12:18:14.631744,2026-04-26T12:18:14.631744,1
SPEEDLOTTO_500_STORE_01151,74260514,편의점,,미상,,,,speedlotto_500,36,first,1,200000000,2026-04-26T12:18:14.631744,2026-04-26T12:18:14.631744,1
SPEEDLOTTO_500_STORE_01152,74860121,복권방,,미상,,,,speedlotto_500,36,first,1,200000000,2026-04-26T12:18:14.631744,2026-04-26T12:18:14.631744,1
SPEEDLOTTO_500_STORE_01153,72660480,복권천국 복권방,,미상,,,,speedlotto_500,36,first,1,200000000,2026-04-26T12:18:14.631744,2026-04-26T12:18:14.631744,1
SPEEDLOTTO_500_STORE_01154,74460132,편의점,,미상,,,,speedlotto_500,36,first,1,200000000,2026-04-26T12:18:14.631744,2026-04-26T12:18:14.631744,1
SPEEDLOTTO_500_STORE_01155,71162726,가판대,,미상,,,,speedlotto_500,36,first,1,200000000,2026-04-26T12:18:14.631744,2026-04-26T12:18:14.631744,1
SPEEDLOTTO_500_STORE_01156,71162617,편의점,,미상,,,,speedlotto_500,36,first,1,200000000,2026-04-26T12:18:14.631744,2026-04-26T12:18:14.631744,1
SPEEDLOTTO_500_STORE_01157,71161756,복권방,,미상,,,,speedlotto_500,36,first,1,200000000,2026-04-26T12:18:14.631744,2026-04-26T12:18:14.631744,1
SPEEDLOTTO_500_STORE_01158,73160068,우리들 편의점 서부점,,미상,,,,speedlotto_500,36,first,1,200000000,2026-04-26T12:18:14.631744,2026-04-26T12:18:14.631744,1
SPEEDLOTTO_500_STORE_01159,74860224,슈퍼마켓,,미상,,,,speedlotto_500,36,first,1,200000000,2026-04-26T12:18:14.631744,2026-04-26T12:18:14.631744,1
SPEEDLOTTO_500_STORE_01160,74162739,복권방,,미상,,,,speedlotto_500,36,first,1,200000000,2026-04-26T12:18:14.631744,2026-04-26T12:18:14.631744,1
SPEEDLOTTO_500_STORE_01161,74162534,편의점,,미상,,,,speedlotto_500,36,first,1,200000000,2026-04-26T12:18:14.631744,2026-04-26T12:18:14.631744,1
SPEEDLOTTO_500_STORE_01162,74260488,제일복권,,미상,,,,speedlotto_500,36,first,1,200000000,2026-04-26T12:18:14.631744,2026-04-26T12:18:14.631744,1
SPEEDLOTTO_500_STORE_01163,74260444,복권방,,미상,,,,speedlotto_500,36,first,1,200000000,2026-04-26T12:18:14.631744,2026-04-26T12:18:14.631744,1
SPEEDLOTTO_500_STORE_01164,72863021,수퍼마켓,,미상,,,,speedlotto_500,36,first,1,200000000,2026-04-26T12:18:14.631744,2026-04-26T12:18:14.631744,1
SPEEDLOTTO_500_STORE_01165,74160427,만물복권방,,미상,,,,speedlotto_500,36,first,1,200000000,2026-04-26T12:18:14.631744,2026-04-26T12:18:14.631744,1
SPEEDLOTTO_500_STORE_01166,74861125,편의점,,미상,,,,speedlotto_500,36,first,1,200000000,2026-04-26T12:18:14.631744,2026-04-26T12:18:14.631744,1
SPEEDLOTTO_500_STORE_01167,71160697,가판,,미상,,,,speedlotto_500,36,first,1,200000000,2026-04-26T12:18:14.631744,2026-04-26T12:18:14.631744,1
SPEEDLOTTO_500_STORE_01168,74861027,수퍼마켓,,미상,,,,speedlotto_500,36,first,1,200000000,2026-04-26T12:18:14.631744,2026-04-26T12:18:14.631744,1
SPEEDLOTTO_500_STORE_01169,74460594,수퍼마켓,,미상,,,,speedlotto_500,36,first,1,200000000,2026-04-26T12:18:14.631744,2026-04-26T12:18:14.631744,1
SPEEDLOTTO_500_STORE_01170,74560222,편의점,,미상,,,,speedlotto_500,36,first,1,200000000,2026-04-26T12:18:14.631744,2026-04-26T12:18:14.631744,1
SPEEDLOTTO_500_STORE_01171,74860491,편의점,,미상,,,,speedlotto_500,36,first,1,200000000,2026-04-26T12:18:14.631744,2026-04-26T12:18:14.631744,1
SPEEDLOTTO_500_STORE_01172,74164096,복권방,,미상,,,,speedlotto_500,36,first,1,200000000,2026-04-26T12:18:14.631744,2026-04-26T12:18:14.631744,1
SPEEDLOTTO_500_STORE_01173,73060537,원마트 편의점,,미상,,,,speedlotto_500,36,first,1,200000000,2026-04-26T12:18:14.631744,2026-04-26T12:18:14.631744,1
SPEEDLOTTO_500_STORE_01174,74660195,복권방,,미상,,,,speedlotto_500,36,first,1,200000000,2026-04-26T12:18:14.631744,2026-04-26T12:18:14.631744,1
SPEEDLOTTO_500_STORE_01175,74860751,미니스톱,,미상,,,,speedlotto_500,36,first,1,200000000,2026-04-26T12:18:14.631744,2026-04-26T12:18:14.631744,1
SPEEDLOTTO_500_STORE_01176,72660051,편의점,,미상,,,,speedlotto_500,36,first,1,200000000,2026-04-26T12:18:14.631744,2026-04-26T12:18:14.631744,1
SPEEDLOTTO_500_STORE_01177,71163551,슈퍼,,미상,,,,speedlotto_500,36,first,1,200000000,2026-04-26T12:18:14.631744,2026-04-26T12:18:14.631744,1
SPEEDLOTTO_500_STORE_01178,71161183,가판,,미상,,,,speedlotto_500,36,first,1,200000000,2026-04-26T12:18:14.631744,2026-04-26T12:18:14.631744,1
SPEEDLOTTO_500_STORE_01179,71164341,복권방,,미상,,,,speedlotto_500,36,first,1,200000000,2026-04-26T12:18:14.631744,2026-04-26T12:18:14.631744,1
SPEEDLOTTO_500_STORE_01180,73160111,우리들 편의점 서부점,,미상,,,,speedlotto_500,36,first,1,200000000,2026-04-26T12:18:14.631744,2026-04-26T12:18:14.631744,1
SPEEDLOTTO_500_STORE_01181,72960822,편의점,,미상,,,,speedlotto_500,36,first,1,200000000,2026-04-26T12:18:14.631744,2026-04-26T12:18:14.631744,1
SPEEDLOTTO_500_STORE_01182,74162947,편의점,,미상,,,,speedlotto_500,36,first,1,200000000,2026-04-26T12:18:14.631744,2026-04-26T12:18:14.631744,1
SPEEDLOTTO_500_STORE_01183,72660156,복권방,,미상,,,,speedlotto_500,36,first,1,200000000,2026-04-26T12:18:14.631744,2026-04-26T12:18:14.631744,1
SPEEDLOTTO_500_STORE_01184,74160347,토토마트 (구 편의점사랑),,미상,,,,speedlotto_500,35,first,1,200000000,2026-04-26T12:18:16.482955,2026-04-26T12:18:16.482955,1
SPEEDLOTTO_500_STORE_01185,74760625,CSPACE구미옥계점,,미상,,,,speedlotto_500,35,first,1,200000000,2026-04-26T12:18:16.482955,2026-04-26T12:18:16.482955,1
SPEEDLOTTO_500_STORE_01186,74163706,다우토토샵,,미상,,,,speedlotto_500,35,first,1,200000000,2026-04-26T12:18:16.482955,2026-04-26T12:18:16.482955,1
SPEEDLOTTO_500_STORE_01187,74261788,일등당첨,,미상,,,,speedlotto_500,35,first,1,200000000,2026-04-26T12:18:16.482955,2026-04-26T12:18:16.482955,1
SPEEDLOTTO_500_STORE_01188,72662656,황금복권방,,미상,,,,speedlotto_500,35,first,1,200000000,2026-04-26T12:18:16.482955,2026-04-26T12:18:16.482955,1
SPEEDLOTTO_500_STORE_01189,74660464,드림복권(2호광장),,미상,,,,speedlotto_500,35,first,1,200000000,2026-04-26T12:18:16.482955,2026-04-26T12:18:16.482955,1
SPEEDLOTTO_500_STORE_01190,73160721,또로또,,미상,,,,speedlotto_500,35,first,1,200000000,2026-04-26T12:18:16.482955,2026-04-26T12:18:16.482955,1
SPEEDLOTTO_500_STORE_01191,74166759,GS25이동센터점,,미상,,,,speedlotto_500,35,first,1,200000000,2026-04-26T12:18:16.482955,2026-04-26T12:18:16.482955,1
SPEEDLOTTO_500_STORE_01192,74162803,보물섬복권방,,미상,,,,speedlotto_500,35,first,1,200000000,2026-04-26T12:18:16.482955,2026-04-26T12:18:16.482955,1
SPEEDLOTTO_500_STORE_01193,71162035,천하명당복권방,,미상,,,,speedlotto_500,35,first,1,200000000,2026-04-26T12:18:16.482955,2026-04-26T12:18:16.482955,1
SPEEDLOTTO_500_STORE_01194,73061011,금화로또마트,,미상,,,,speedlotto_500,35,first,1,200000000,2026-04-26T12:18:16.482955,2026-04-26T12:18:16.482955,1
SPEEDLOTTO_500_STORE_01195,72960747,오천억복권방,,미상,,,,speedlotto_500,35,first,1,200000000,2026-04-26T12:18:16.482955,2026-04-26T12:18:16.482955,1
SPEEDLOTTO_500_STORE_01196,74163177,명당골복권방,,미상,,,,speedlotto_500,35,first,1,200000000,2026-04-26T12:18:16.482955,2026-04-26T12:18:16.482955,1
SPEEDLOTTO_500_STORE_01197,72661445,CU사상서부,,미상,,,,speedlotto_500,35,first,1,200000000,2026-04-26T12:18:16.482955,2026-04-26T12:18:16.482955,2
SPEEDLOTTO_500_STORE_01198,74661194,스타복권,,미상,,,,speedlotto_500,35,first,1,200000000,2026-04-26T12:18:16.482955,2026-04-26T12:18:16.482955,1
SPEEDLOTTO_500_STORE_01199,74761757,SE왜관희망점,,미상,,,,speedlotto_500,35,first,1,200000000,2026-04-26T12:18:16.482955,2026-04-26T12:18:16.482955,1
SPEEDLOTTO_500_STORE_01200,74661178,제철로또대리점,,미상,,,,speedlotto_500,35,first,1,200000000,2026-04-26T12:18:16.482955,2026-04-26T12:18:16.482955,1
SPEEDLOTTO_500_STORE_01201,74161285,차부상회,,미상,,,,speedlotto_500,35,first,1,200000000,2026-04-26T12:18:16.482955,2026-04-26T12:18:16.482955,1
SPEEDLOTTO_500_STORE_01202,74360035,복덩어리,,미상,,,,speedlotto_500,35,first,1,200000000,2026-04-26T12:18:16.482955,2026-04-26T12:18:16.482955,1
SPEEDLOTTO_500_STORE_01203,72960008,도울복권,,미상,,,,speedlotto_500,35,first,1,200000000,2026-04-26T12:18:16.482955,2026-04-26T12:18:16.482955,1
SPEEDLOTTO_500_STORE_01204,72860361,프리마트,,미상,,,,speedlotto_500,35,first,1,200000000,2026-04-26T12:18:16.482955,2026-04-26T12:18:16.482955,1
SPEEDLOTTO_500_STORE_01205,73160635,삼우슈퍼,,미상,,,,speedlotto_500,35,first,1,200000000,2026-04-26T12:18:16.482955,2026-04-26T12:18:16.482955,1
SPEEDLOTTO_500_STORE_01206,72860822,복권왕국,,미상,,,,speedlotto_500,35,first,1,200000000,2026-04-26T12:18:16.482955,2026-04-26T12:18:16.482955,1
SPEEDLOTTO_500_STORE_01207,73160368,이마트24삼산본동,,미상,,,,speedlotto_500,35,first,1,200000000,2026-04-26T12:18:16.482955,2026-04-26T12:18:16.482955,1
SPEEDLOTTO_500_STORE_01208,74160255,CU 포천가산점,,미상,,,,speedlotto_500,35,first,1,200000000,2026-04-26T12:18:16.482955,2026-04-26T12:18:16.482955,1
SPEEDLOTTO_500_STORE_01209,72960924,진곡산단로또,,미상,,,,speedlotto_500,35,first,1,200000000,2026-04-26T12:18:16.482955,2026-04-26T12:18:16.482955,1
SPEEDLOTTO_500_STORE_01210,74760798,빙그레마트,,미상,,,,speedlotto_500,35,first,1,200000000,2026-04-26T12:18:16.482955,2026-04-26T12:18:16.482955,1
SPEEDLOTTO_500_STORE_01211,74360026,굿모닝복권방,,미상,,,,speedlotto_500,35,first,1,200000000,2026-04-26T12:18:16.482955,2026-04-26T12:18:16.482955,1
SPEEDLOTTO_500_STORE_01212,74760164,옹천왕대박슈퍼,,미상,,,,speedlotto_500,35,first,1,200000000,2026-04-26T12:18:16.482955,2026-04-26T12:18:16.482955,1
SPEEDLOTTO_500_STORE_01213,72861215,노다지복권방(학익),,미상,,,,speedlotto_500,35,first,1,200000000,2026-04-26T12:18:16.482955,2026-04-26T12:18:16.482955,1
SPEEDLOTTO_500_STORE_01214,71163495,CU 송파한화2호점,,미상,,,,speedlotto_500,35,first,1,200000000,2026-04-26T12:18:16.482955,2026-04-26T12:18:16.482955,1
SPEEDLOTTO_500_STORE_01215,74160110,GS 양주신산점,,미상,,,,speedlotto_500,35,first,1,200000000,2026-04-26T12:18:16.482955,2026-04-26T12:18:16.482955,1
SPEEDLOTTO_500_STORE_01216,74761012,로또훼미리마트왜관점,,미상,,,,speedlotto_500,35,first,1,200000000,2026-04-26T12:18:16.482955,2026-04-26T12:18:16.482955,1
SPEEDLOTTO_500_STORE_01217,99999990,미확인 판매점 ,,미상,,,,speedlotto_500,35,first,1,200000000,2026-04-26T12:18:16.482955,2026-04-26T12:18:16.482955,1
SPEEDLOTTO_500_STORE_01218,74460619,GS25봉명희망점,,미상,,,,speedlotto_500,35,first,1,200000000,2026-04-26T12:18:16.482955,2026-04-26T12:18:16.482955,1
SPEEDLOTTO_500_STORE_01219,72960633,채널Q24시로또주월점,,미상,,,,speedlotto_500,35,first,1,200000000,2026-04-26T12:18:16.482955,2026-04-26T12:18:16.482955,1
SPEEDLOTTO_500_STORE_01220,74162879,CU 안산이동제일점,,미상,,,,speedlotto_500,35,first,1,200000000,2026-04-26T12:18:16.482955,2026-04-26T12:18:16.482955,1
SPEEDLOTTO_500_STORE_01221,74861498,채널큐,,미상,,,,speedlotto_500,35,first,1,400000000,2026-04-26T12:18:16.482955,2026-04-26T12:18:16.482955,1
SPEEDLOTTO_500_STORE_01222,74860026,미니스톱 평산점,,미상,,,,speedlotto_500,35,first,1,400000000,2026-04-26T12:18:16.482955,2026-04-26T12:18:16.482955,1
SPEEDLOTTO_500_STORE_01223,72760607,대백마트,,미상,,,,speedlotto_500,35,first,1,200000000,2026-04-26T12:18:16.482955,2026-04-26T12:18:16.482955,1
SPEEDLOTTO_500_STORE_01224,71161288,세븐일레븐,,미상,,,,speedlotto_500,35,first,1,200000000,2026-04-26T12:18:16.482955,2026-04-26T12:18:16.482955,1
SPEEDLOTTO_500_STORE_01225,74163134,CU 구운선경점,,미상,,,,speedlotto_500,35,first,1,200000000,2026-04-26T12:18:16.482955,2026-04-26T12:18:16.482955,1
SPEEDLOTTO_500_STORE_01226,74163861,ANY로또,,미상,,,,speedlotto_500,35,first,1,200000000,2026-04-26T12:18:16.482955,2026-04-26T12:18:16.482955,1
SPEEDLOTTO_500_STORE_01227,71163684,스포츠베팅샵,,미상,,,,speedlotto_500,35,first,1,200000000,2026-04-26T12:18:16.482955,2026-04-26T12:18:16.482955,1
SPEEDLOTTO_500_STORE_01228,74260737,복권뱅크,,미상,,,,speedlotto_500,35,first,1,200000000,2026-04-26T12:18:16.482955,2026-04-26T12:18:16.482955,1
SPEEDLOTTO_500_STORE_01229,74860113,창원25시슈퍼(24시로또복권),,미상,,,,speedlotto_500,35,first,1,200000000,2026-04-26T12:18:16.482955,2026-04-26T12:18:16.482955,1
SPEEDLOTTO_500_STORE_01230,71160248,복마니복권방,,미상,,,,speedlotto_500,35,first,1,200000000,2026-04-26T12:18:16.482955,2026-04-26T12:18:16.482955,1
SPEEDLOTTO_500_STORE_01231,74860442,운동장마트,,미상,,,,speedlotto_500,35,first,1,200000000,2026-04-26T12:18:16.482955,2026-04-26T12:18:16.482955,1
SPEEDLOTTO_500_STORE_01232,71160111,복권나라,,미상,,,,speedlotto_500,35,first,1,200000000,2026-04-26T12:18:16.482955,2026-04-26T12:18:16.482955,1
SPEEDLOTTO_500_STORE_01233,74660663,CU목포비파점,,미상,,,,speedlotto_500,35,first,1,200000000,2026-04-26T12:18:16.482955,2026-04-26T12:18:16.482955,1
SPEEDLOTTO_500_STORE_01234,73060444,씨스페이스유성신우점,,미상,,,,speedlotto_500,35,first,1,200000000,2026-04-26T12:18:16.482955,2026-04-26T12:18:16.482955,1
SPEEDLOTTO_500_STORE_01235,74162956,세븐일레븐 안산고잔금강점,,미상,,,,speedlotto_500,35,first,1,200000000,2026-04-26T12:18:16.482955,2026-04-26T12:18:16.482955,1
SPEEDLOTTO_500_STORE_01236,74960026,하나슈퍼,,미상,,,,speedlotto_500,35,first,1,200000000,2026-04-26T12:18:16.482955,2026-04-26T12:18:16.482955,1
SPEEDLOTTO_500_STORE_01237,71161818,CU,,미상,,,,speedlotto_500,35,first,1,200000000,2026-04-26T12:18:16.482955,2026-04-26T12:18:16.482955,1
SPEEDLOTTO_500_STORE_01238,74163317,명진슈퍼,,미상,,,,speedlotto_500,35,first,1,200000000,2026-04-26T12:18:16.482955,2026-04-26T12:18:16.482955,1
SPEEDLOTTO_500_STORE_01239,71164520,양천24,,미상,,,,speedlotto_500,35,first,1,200000000,2026-04-26T12:18:16.482955,2026-04-26T12:18:16.482955,1
SPEEDLOTTO_500_STORE_01240,74163911,복권방,,미상,,,,speedlotto_500,35,first,1,200000000,2026-04-26T12:18:16.482955,2026-04-26T12:18:16.482955,1
SPEEDLOTTO_500_STORE_01241,71160627,세븐일레븐,,미상,,,,speedlotto_500,35,first,1,200000000,2026-04-26T12:18:16.482955,2026-04-26T12:18:16.482955,1
SPEEDLOTTO_500_STORE_01242,74260514,편의점,,미상,,,,speedlotto_500,35,first,1,200000000,2026-04-26T12:18:16.482955,2026-04-26T12:18:16.482955,1
SPEEDLOTTO_500_STORE_01243,74860121,복권방,,미상,,,,speedlotto_500,35,first,1,200000000,2026-04-26T12:18:16.482955,2026-04-26T12:18:16.482955,1
SPEEDLOTTO_500_STORE_01244,72660480,복권천국 복권방,,미상,,,,speedlotto_500,35,first,1,200000000,2026-04-26T12:18:16.482955,2026-04-26T12:18:16.482955,1
SPEEDLOTTO_500_STORE_01245,74460132,편의점,,미상,,,,speedlotto_500,35,first,1,200000000,2026-04-26T12:18:16.482955,2026-04-26T12:18:16.482955,1
SPEEDLOTTO_500_STORE_01246,71162726,가판대,,미상,,,,speedlotto_500,35,first,1,200000000,2026-04-26T12:18:16.482955,2026-04-26T12:18:16.482955,1
SPEEDLOTTO_500_STORE_01247,71162617,편의점,,미상,,,,speedlotto_500,35,first,1,200000000,2026-04-26T12:18:16.482955,2026-04-26T12:18:16.482955,1
SPEEDLOTTO_500_STORE_01248,71161756,복권방,,미상,,,,speedlotto_500,35,first,1,200000000,2026-04-26T12:18:16.482955,2026-04-26T12:18:16.482955,1
SPEEDLOTTO_500_STORE_01249,73160068,우리들 편의점 서부점,,미상,,,,speedlotto_500,35,first,1,200000000,2026-04-26T12:18:16.482955,2026-04-26T12:18:16.482955,1
SPEEDLOTTO_500_STORE_01250,74860224,슈퍼마켓,,미상,,,,speedlotto_500,35,first,1,200000000,2026-04-26T12:18:16.482955,2026-04-26T12:18:16.482955,1
SPEEDLOTTO_500_STORE_01251,74162739,복권방,,미상,,,,speedlotto_500,35,first,1,200000000,2026-04-26T12:18:16.482955,2026-04-26T12:18:16.482955,1
SPEEDLOTTO_500_STORE_01252,74162534,편의점,,미상,,,,speedlotto_500,35,first,1,200000000,2026-04-26T12:18:16.482955,2026-04-26T12:18:16.482955,1
SPEEDLOTTO_500_STORE_01253,74260488,제일복권,,미상,,,,speedlotto_500,35,first,1,200000000,2026-04-26T12:18:16.482955,2026-04-26T12:18:16.482955,1
SPEEDLOTTO_500_STORE_01254,74260444,복권방,,미상,,,,speedlotto_500,35,first,1,200000000,2026-04-26T12:18:16.482955,2026-04-26T12:18:16.482955,1
SPEEDLOTTO_500_STORE_01255,72863021,수퍼마켓,,미상,,,,speedlotto_500,35,first,1,200000000,2026-04-26T12:18:16.482955,2026-04-26T12:18:16.482955,1
SPEEDLOTTO_500_STORE_01256,74160427,만물복권방,,미상,,,,speedlotto_500,35,first,1,200000000,2026-04-26T12:18:16.482955,2026-04-26T12:18:16.482955,1
SPEEDLOTTO_500_STORE_01257,74861125,편의점,,미상,,,,speedlotto_500,35,first,1,200000000,2026-04-26T12:18:16.482955,2026-04-26T12:18:16.482955,1
SPEEDLOTTO_500_STORE_01258,71160697,가판,,미상,,,,speedlotto_500,35,first,1,200000000,2026-04-26T12:18:16.482955,2026-04-26T12:18:16.482955,1
SPEEDLOTTO_500_STORE_01259,74861027,수퍼마켓,,미상,,,,speedlotto_500,35,first,1,200000000,2026-04-26T12:18:16.482955,2026-04-26T12:18:16.482955,1
SPEEDLOTTO_500_STORE_01260,74460594,수퍼마켓,,미상,,,,speedlotto_500,35,first,1,200000000,2026-04-26T12:18:16.482955,2026-04-26T12:18:16.482955,1
SPEEDLOTTO_500_STORE_01261,74560222,편의점,,미상,,,,speedlotto_500,35,first,1,200000000,2026-04-26T12:18:16.482955,2026-04-26T12:18:16.482955,1
SPEEDLOTTO_500_STORE_01262,74860491,편의점,,미상,,,,speedlotto_500,35,first,1,200000000,2026-04-26T12:18:16.482955,2026-04-26T12:18:16.482955,1
SPEEDLOTTO_500_STORE_01263,74164096,복권방,,미상,,,,speedlotto_500,35,first,1,200000000,2026-04-26T12:18:16.482955,2026-04-26T12:18:16.482955,1
SPEEDLOTTO_500_STORE_01264,73060537,원마트 편의점,,미상,,,,speedlotto_500,35,first,1,200000000,2026-04-26T12:18:16.482955,2026-04-26T12:18:16.482955,1
SPEEDLOTTO_500_STORE_01265,74660195,복권방,,미상,,,,speedlotto_500,35,first,1,200000000,2026-04-26T12:18:16.483955,2026-04-26T12:18:16.483955,1
SPEEDLOTTO_500_STORE_01266,74860751,미니스톱,,미상,,,,speedlotto_500,35,first,1,200000000,2026-04-26T12:18:16.483955,2026-04-26T12:18:16.483955,1
SPEEDLOTTO_500_STORE_01267,72660051,편의점,,미상,,,,speedlotto_500,35,first,1,200000000,2026-04-26T12:18:16.483955,2026-04-26T12:18:16.483955,1
SPEEDLOTTO_500_STORE_01268,71163551,슈퍼,,미상,,,,speedlotto_500,35,first,1,200000000,2026-04-26T12:18:16.483955,2026-04-26T12:18:16.483955,1
SPEEDLOTTO_500_STORE_01269,71161183,가판,,미상,,,,speedlotto_500,35,first,1,200000000,2026-04-26T12:18:16.483955,2026-04-26T12:18:16.483955,1
SPEEDLOTTO_500_STORE_01270,71164341,복권방,,미상,,,,speedlotto_500,35,first,1,200000000,2026-04-26T12:18:16.483955,2026-04-26T12:18:16.483955,1
SPEEDLOTTO_500_STORE_01271,73160111,우리들 편의점 서부점,,미상,,,,speedlotto_500,35,first,1,200000000,2026-04-26T12:18:16.483955,2026-04-26T12:18:16.483955,1
SPEEDLOTTO_500_STORE_01272,72960822,편의점,,미상,,,,speedlotto_500,35,first,1,200000000,2026-04-26T12:18:16.483955,2026-04-26T12:18:16.483955,1
SPEEDLOTTO_500_STORE_01273,74162947,편의점,,미상,,,,speedlotto_500,35,first,1,200000000,2026-04-26T12:18:16.483955,2026-04-26T12:18:16.483955,1
SPEEDLOTTO_500_STORE_01274,72660156,복권방,,미상,,,,speedlotto_500,35,first,1,200000000,2026-04-26T12:18:16.483955,2026-04-26T12:18:16.483955,1
SPEEDLOTTO_500_STORE_01275,74160347,토토마트 (구 편의점사랑),,미상,,,,speedlotto_500,34,first,1,200000000,2026-04-26T12:18:18.347629,2026-04-26T12:18:18.347629,1
SPEEDLOTTO_500_STORE_01276,74760625,CSPACE구미옥계점,,미상,,,,speedlotto_500,34,first,1,200000000,2026-04-26T12:18:18.347629,2026-04-26T12:18:18.347629,1
SPEEDLOTTO_500_STORE_01277,74163706,다우토토샵,,미상,,,,speedlotto_500,34,first,1,200000000,2026-04-26T12:18:18.347629,2026-04-26T12:18:18.347629,1
SPEEDLOTTO_500_STORE_01278,74261788,일등당첨,,미상,,,,speedlotto_500,34,first,1,200000000,2026-04-26T12:18:18.347629,2026-04-26T12:18:18.347629,1
SPEEDLOTTO_500_STORE_01279,72662656,황금복권방,,미상,,,,speedlotto_500,34,first,1,200000000,2026-04-26T12:18:18.347629,2026-04-26T12:18:18.347629,1
SPEEDLOTTO_500_STORE_01280,74660464,드림복권(2호광장),,미상,,,,speedlotto_500,34,first,1,200000000,2026-04-26T12:18:18.347629,2026-04-26T12:18:18.347629,1
SPEEDLOTTO_500_STORE_01281,73160721,또로또,,미상,,,,speedlotto_500,34,first,1,200000000,2026-04-26T12:18:18.347629,2026-04-26T12:18:18.347629,1
SPEEDLOTTO_500_STORE_01282,74166759,GS25이동센터점,,미상,,,,speedlotto_500,34,first,1,200000000,2026-04-26T12:18:18.347629,2026-04-26T12:18:18.347629,1
SPEEDLOTTO_500_STORE_01283,74162803,보물섬복권방,,미상,,,,speedlotto_500,34,first,1,200000000,2026-04-26T12:18:18.347629,2026-04-26T12:18:18.347629,1
SPEEDLOTTO_500_STORE_01284,71162035,천하명당복권방,,미상,,,,speedlotto_500,34,first,1,200000000,2026-04-26T12:18:18.347629,2026-04-26T12:18:18.347629,1
SPEEDLOTTO_500_STORE_01285,73061011,금화로또마트,,미상,,,,speedlotto_500,34,first,1,200000000,2026-04-26T12:18:18.347629,2026-04-26T12:18:18.347629,1
SPEEDLOTTO_500_STORE_01286,72960747,오천억복권방,,미상,,,,speedlotto_500,34,first,1,200000000,2026-04-26T12:18:18.347629,2026-04-26T12:18:18.347629,1
SPEEDLOTTO_500_STORE_01287,74163177,명당골복권방,,미상,,,,speedlotto_500,34,first,1,200000000,2026-04-26T12:18:18.347629,2026-04-26T12:18:18.347629,1
SPEEDLOTTO_500_STORE_01288,72661445,CU사상서부,,미상,,,,speedlotto_500,34,first,1,200000000,2026-04-26T12:18:18.347629,2026-04-26T12:18:18.347629,2
SPEEDLOTTO_500_STORE_01289,74661194,스타복권,,미상,,,,speedlotto_500,34,first,1,200000000,2026-04-26T12:18:18.347629,2026-04-26T12:18:18.347629,1
SPEEDLOTTO_500_STORE_01290,74761757,SE왜관희망점,,미상,,,,speedlotto_500,34,first,1,200000000,2026-04-26T12:18:18.347629,2026-04-26T12:18:18.347629,1
SPEEDLOTTO_500_STORE_01291,74661178,제철로또대리점,,미상,,,,speedlotto_500,34,first,1,200000000,2026-04-26T12:18:18.347629,2026-04-26T12:18:18.347629,1
SPEEDLOTTO_500_STORE_01292,74161285,차부상회,,미상,,,,speedlotto_500,34,first,1,200000000,2026-04-26T12:18:18.347629,2026-04-26T12:18:18.347629,1
SPEEDLOTTO_500_STORE_01293,74360035,복덩어리,,미상,,,,speedlotto_500,34,first,1,200000000,2026-04-26T12:18:18.347629,2026-04-26T12:18:18.347629,1
SPEEDLOTTO_500_STORE_01294,72960008,도울복권,,미상,,,,speedlotto_500,34,first,1,200000000,2026-04-26T12:18:18.347629,2026-04-26T12:18:18.347629,1
SPEEDLOTTO_500_STORE_01295,72860361,프리마트,,미상,,,,speedlotto_500,34,first,1,200000000,2026-04-26T12:18:18.347629,2026-04-26T12:18:18.347629,1
SPEEDLOTTO_500_STORE_01296,73160635,삼우슈퍼,,미상,,,,speedlotto_500,34,first,1,200000000,2026-04-26T12:18:18.347629,2026-04-26T12:18:18.347629,1
SPEEDLOTTO_500_STORE_01297,72860822,복권왕국,,미상,,,,speedlotto_500,34,first,1,200000000,2026-04-26T12:18:18.347629,2026-04-26T12:18:18.347629,1
SPEEDLOTTO_500_STORE_01298,73160368,이마트24삼산본동,,미상,,,,speedlotto_500,34,first,1,200000000,2026-04-26T12:18:18.347629,2026-04-26T12:18:18.347629,1
SPEEDLOTTO_500_STORE_01299,74160255,CU 포천가산점,,미상,,,,speedlotto_500,34,first,1,200000000,2026-04-26T12:18:18.347629,2026-04-26T12:18:18.347629,1
SPEEDLOTTO_500_STORE_01300,72960924,진곡산단로또,,미상,,,,speedlotto_500,34,first,1,200000000,2026-04-26T12:18:18.347629,2026-04-26T12:18:18.347629,1
SPEEDLOTTO_500_STORE_01301,74760798,빙그레마트,,미상,,,,speedlotto_500,34,first,1,200000000,2026-04-26T12:18:18.347629,2026-04-26T12:18:18.347629,1
SPEEDLOTTO_500_STORE_01302,74360026,굿모닝복권방,,미상,,,,speedlotto_500,34,first,1,200000000,2026-04-26T12:18:18.347629,2026-04-26T12:18:18.347629,1
SPEEDLOTTO_500_STORE_01303,74760164,옹천왕대박슈퍼,,미상,,,,speedlotto_500,34,first,1,200000000,2026-04-26T12:18:18.347629,2026-04-26T12:18:18.347629,1
SPEEDLOTTO_500_STORE_01304,72861215,노다지복권방(학익),,미상,,,,speedlotto_500,34,first,1,200000000,2026-04-26T12:18:18.347629,2026-04-26T12:18:18.347629,1
SPEEDLOTTO_500_STORE_01305,71163495,CU 송파한화2호점,,미상,,,,speedlotto_500,34,first,1,200000000,2026-04-26T12:18:18.347629,2026-04-26T12:18:18.347629,1
SPEEDLOTTO_500_STORE_01306,74160110,GS 양주신산점,,미상,,,,speedlotto_500,34,first,1,200000000,2026-04-26T12:18:18.347629,2026-04-26T12:18:18.347629,1
SPEEDLOTTO_500_STORE_01307,74761012,로또훼미리마트왜관점,,미상,,,,speedlotto_500,34,first,1,200000000,2026-04-26T12:18:18.347629,2026-04-26T12:18:18.347629,1
SPEEDLOTTO_500_STORE_01308,99999990,미확인 판매점 ,,미상,,,,speedlotto_500,34,first,1,200000000,2026-04-26T12:18:18.347629,2026-04-26T12:18:18.347629,1
SPEEDLOTTO_500_STORE_01309,74460619,GS25봉명희망점,,미상,,,,speedlotto_500,34,first,1,200000000,2026-04-26T12:18:18.347629,2026-04-26T12:18:18.347629,1
SPEEDLOTTO_500_STORE_01310,72960633,채널Q24시로또주월점,,미상,,,,speedlotto_500,34,first,1,200000000,2026-04-26T12:18:18.347629,2026-04-26T12:18:18.347629,1
SPEEDLOTTO_500_STORE_01311,74162879,CU 안산이동제일점,,미상,,,,speedlotto_500,34,first,1,200000000,2026-04-26T12:18:18.347629,2026-04-26T12:18:18.347629,1
SPEEDLOTTO_500_STORE_01312,74861498,채널큐,,미상,,,,speedlotto_500,34,first,1,400000000,2026-04-26T12:18:18.348634,2026-04-26T12:18:18.348634,1
SPEEDLOTTO_500_STORE_01313,74860026,미니스톱 평산점,,미상,,,,speedlotto_500,34,first,1,400000000,2026-04-26T12:18:18.348634,2026-04-26T12:18:18.348634,1
SPEEDLOTTO_500_STORE_01314,72760607,대백마트,,미상,,,,speedlotto_500,34,first,1,200000000,2026-04-26T12:18:18.348634,2026-04-26T12:18:18.348634,1
SPEEDLOTTO_500_STORE_01315,71161288,세븐일레븐,,미상,,,,speedlotto_500,34,first,1,200000000,2026-04-26T12:18:18.348634,2026-04-26T12:18:18.348634,1
SPEEDLOTTO_500_STORE_01316,74163134,CU 구운선경점,,미상,,,,speedlotto_500,34,first,1,200000000,2026-04-26T12:18:18.348634,2026-04-26T12:18:18.348634,1
SPEEDLOTTO_500_STORE_01317,74163861,ANY로또,,미상,,,,speedlotto_500,34,first,1,200000000,2026-04-26T12:18:18.348634,2026-04-26T12:18:18.348634,1
SPEEDLOTTO_500_STORE_01318,71163684,스포츠베팅샵,,미상,,,,speedlotto_500,34,first,1,200000000,2026-04-26T12:18:18.348634,2026-04-26T12:18:18.348634,1
SPEEDLOTTO_500_STORE_01319,74260737,복권뱅크,,미상,,,,speedlotto_500,34,first,1,200000000,2026-04-26T12:18:18.348634,2026-04-26T12:18:18.348634,1
SPEEDLOTTO_500_STORE_01320,74860113,창원25시슈퍼(24시로또복권),,미상,,,,speedlotto_500,34,first,1,200000000,2026-04-26T12:18:18.348634,2026-04-26T12:18:18.348634,1
SPEEDLOTTO_500_STORE_01321,71160248,복마니복권방,,미상,,,,speedlotto_500,34,first,1,200000000,2026-04-26T12:18:18.348634,2026-04-26T12:18:18.348634,1
SPEEDLOTTO_500_STORE_01322,74860442,운동장마트,,미상,,,,speedlotto_500,34,first,1,200000000,2026-04-26T12:18:18.348634,2026-04-26T12:18:18.348634,1
SPEEDLOTTO_500_STORE_01323,71160111,복권나라,,미상,,,,speedlotto_500,34,first,1,200000000,2026-04-26T12:18:18.348634,2026-04-26T12:18:18.348634,1
SPEEDLOTTO_500_STORE_01324,74660663,CU목포비파점,,미상,,,,speedlotto_500,34,first,1,200000000,2026-04-26T12:18:18.348634,2026-04-26T12:18:18.348634,1
SPEEDLOTTO_500_STORE_01325,73060444,씨스페이스유성신우점,,미상,,,,speedlotto_500,34,first,1,200000000,2026-04-26T12:18:18.348634,2026-04-26T12:18:18.348634,1
SPEEDLOTTO_500_STORE_01326,74162956,세븐일레븐 안산고잔금강점,,미상,,,,speedlotto_500,34,first,1,200000000,2026-04-26T12:18:18.348634,2026-04-26T12:18:18.348634,1
SPEEDLOTTO_500_STORE_01327,74960026,하나슈퍼,,미상,,,,speedlotto_500,34,first,1,200000000,2026-04-26T12:18:18.348634,2026-04-26T12:18:18.348634,1
SPEEDLOTTO_500_STORE_01328,71161818,CU,,미상,,,,speedlotto_500,34,first,1,200000000,2026-04-26T12:18:18.348634,2026-04-26T12:18:18.348634,1
SPEEDLOTTO_500_STORE_01329,74163317,명진슈퍼,,미상,,,,speedlotto_500,34,first,1,200000000,2026-04-26T12:18:18.348634,2026-04-26T12:18:18.348634,1
SPEEDLOTTO_500_STORE_01330,71164520,양천24,,미상,,,,speedlotto_500,34,first,1,200000000,2026-04-26T12:18:18.348634,2026-04-26T12:18:18.348634,1
SPEEDLOTTO_500_STORE_01331,74163911,복권방,,미상,,,,speedlotto_500,34,first,1,200000000,2026-04-26T12:18:18.348634,2026-04-26T12:18:18.348634,1
SPEEDLOTTO_500_STORE_01332,71160627,세븐일레븐,,미상,,,,speedlotto_500,34,first,1,200000000,2026-04-26T12:18:18.348634,2026-04-26T12:18:18.348634,1
SPEEDLOTTO_500_STORE_01333,74260514,편의점,,미상,,,,speedlotto_500,34,first,1,200000000,2026-04-26T12:18:18.348634,2026-04-26T12:18:18.348634,1
SPEEDLOTTO_500_STORE_01334,74860121,복권방,,미상,,,,speedlotto_500,34,first,1,200000000,2026-04-26T12:18:18.348634,2026-04-26T12:18:18.348634,1
SPEEDLOTTO_500_STORE_01335,72660480,복권천국 복권방,,미상,,,,speedlotto_500,34,first,1,200000000,2026-04-26T12:18:18.348634,2026-04-26T12:18:18.348634,1
SPEEDLOTTO_500_STORE_01336,74460132,편의점,,미상,,,,speedlotto_500,34,first,1,200000000,2026-04-26T12:18:18.348634,2026-04-26T12:18:18.348634,1
SPEEDLOTTO_500_STORE_01337,71162726,가판대,,미상,,,,speedlotto_500,34,first,1,200000000,2026-04-26T12:18:18.348634,2026-04-26T12:18:18.348634,1
SPEEDLOTTO_500_STORE_01338,71162617,편의점,,미상,,,,speedlotto_500,34,first,1,200000000,2026-04-26T12:18:18.348634,2026-04-26T12:18:18.348634,1
SPEEDLOTTO_500_STORE_01339,71161756,복권방,,미상,,,,speedlotto_500,34,first,1,200000000,2026-04-26T12:18:18.348634,2026-04-26T12:18:18.348634,1
SPEEDLOTTO_500_STORE_01340,73160068,우리들 편의점 서부점,,미상,,,,speedlotto_500,34,first,1,200000000,2026-04-26T12:18:18.348634,2026-04-26T12:18:18.348634,1
SPEEDLOTTO_500_STORE_01341,74860224,슈퍼마켓,,미상,,,,speedlotto_500,34,first,1,200000000,2026-04-26T12:18:18.348634,2026-04-26T12:18:18.348634,1
SPEEDLOTTO_500_STORE_01342,74162739,복권방,,미상,,,,speedlotto_500,34,first,1,200000000,2026-04-26T12:18:18.348634,2026-04-26T12:18:18.348634,1
SPEEDLOTTO_500_STORE_01343,74162534,편의점,,미상,,,,speedlotto_500,34,first,1,200000000,2026-04-26T12:18:18.348634,2026-04-26T12:18:18.348634,1
SPEEDLOTTO_500_STORE_01344,74260488,제일복권,,미상,,,,speedlotto_500,34,first,1,200000000,2026-04-26T12:18:18.348634,2026-04-26T12:18:18.348634,1
SPEEDLOTTO_500_STORE_01345,74260444,복권방,,미상,,,,speedlotto_500,34,first,1,200000000,2026-04-26T12:18:18.348634,2026-04-26T12:18:18.348634,1
SPEEDLOTTO_500_STORE_01346,72863021,수퍼마켓,,미상,,,,speedlotto_500,34,first,1,200000000,2026-04-26T12:18:18.348634,2026-04-26T12:18:18.348634,1
SPEEDLOTTO_500_STORE_01347,74160427,만물복권방,,미상,,,,speedlotto_500,34,first,1,200000000,2026-04-26T12:18:18.348634,2026-04-26T12:18:18.348634,1
SPEEDLOTTO_500_STORE_01348,74861125,편의점,,미상,,,,speedlotto_500,34,first,1,200000000,2026-04-26T12:18:18.348634,2026-04-26T12:18:18.348634,1
SPEEDLOTTO_500_STORE_01349,71160697,가판,,미상,,,,speedlotto_500,34,first,1,200000000,2026-04-26T12:18:18.348634,2026-04-26T12:18:18.348634,1
SPEEDLOTTO_500_STORE_01350,74861027,수퍼마켓,,미상,,,,speedlotto_500,34,first,1,200000000,2026-04-26T12:18:18.348634,2026-04-26T12:18:18.348634,1
SPEEDLOTTO_500_STORE_01351,74460594,수퍼마켓,,미상,,,,speedlotto_500,34,first,1,200000000,2026-04-26T12:18:18.348634,2026-04-26T12:18:18.348634,1
SPEEDLOTTO_500_STORE_01352,74560222,편의점,,미상,,,,speedlotto_500,34,first,1,200000000,2026-04-26T12:18:18.348634,2026-04-26T12:18:18.348634,1
SPEEDLOTTO_500_STORE_01353,74860491,편의점,,미상,,,,speedlotto_500,34,first,1,200000000,2026-04-26T12:18:18.348634,2026-04-26T12:18:18.348634,1
SPEEDLOTTO_500_STORE_01354,74164096,복권방,,미상,,,,speedlotto_500,34,first,1,200000000,2026-04-26T12:18:18.348634,2026-04-26T12:18:18.348634,1
SPEEDLOTTO_500_STORE_01355,73060537,원마트 편의점,,미상,,,,speedlotto_500,34,first,1,200000000,2026-04-26T12:18:18.348634,2026-04-26T12:18:18.348634,1
SPEEDLOTTO_500_STORE_01356,74660195,복권방,,미상,,,,speedlotto_500,34,first,1,200000000,2026-04-26T12:18:18.348634,2026-04-26T12:18:18.348634,1
SPEEDLOTTO_500_STORE_01357,74860751,미니스톱,,미상,,,,speedlotto_500,34,first,1,200000000,2026-04-26T12:18:18.348634,2026-04-26T12:18:18.348634,1
SPEEDLOTTO_500_STORE_01358,72660051,편의점,,미상,,,,speedlotto_500,34,first,1,200000000,2026-04-26T12:18:18.348634,2026-04-26T12:18:18.348634,1
SPEEDLOTTO_500_STORE_01359,71163551,슈퍼,,미상,,,,speedlotto_500,34,first,1,200000000,2026-04-26T12:18:18.348634,2026-04-26T12:18:18.348634,1
SPEEDLOTTO_500_STORE_01360,71161183,가판,,미상,,,,speedlotto_500,34,first,1,200000000,2026-04-26T12:18:18.348634,2026-04-26T12:18:18.348634,1
SPEEDLOTTO_500_STORE_01361,71164341,복권방,,미상,,,,speedlotto_500,34,first,1,200000000,2026-04-26T12:18:18.348634,2026-04-26T12:18:18.348634,1
SPEEDLOTTO_500_STORE_01362,73160111,우리들 편의점 서부점,,미상,,,,speedlotto_500,34,first,1,200000000,2026-04-26T12:18:18.348634,2026-04-26T12:18:18.348634,1
SPEEDLOTTO_500_STORE_01363,72960822,편의점,,미상,,,,speedlotto_500,34,first,1,200000000,2026-04-26T12:18:18.348634,2026-04-26T12:18:18.348634,1
SPEEDLOTTO_500_STORE_01364,74162947,편의점,,미상,,,,speedlotto_500,34,first,1,200000000,2026-04-26T12:18:18.348634,2026-04-26T12:18:18.348634,1
SPEEDLOTTO_500_STORE_01365,72660156,복권방,,미상,,,,speedlotto_500,34,first,1,200000000,2026-04-26T12:18:18.348634,2026-04-26T12:18:18.348634,1
SPEEDLOTTO_500_STORE_01366,74160347,토토마트 (구 편의점사랑),,미상,,,,speedlotto_500,33,first,1,200000000,2026-04-26T12:18:20.210275,2026-04-26T12:18:20.210275,1
SPEEDLOTTO_500_STORE_01367,74760625,CSPACE구미옥계점,,미상,,,,speedlotto_500,33,first,1,200000000,2026-04-26T12:18:20.210275,2026-04-26T12:18:20.210275,1
SPEEDLOTTO_500_STORE_01368,74163706,다우토토샵,,미상,,,,speedlotto_500,33,first,1,200000000,2026-04-26T12:18:20.210275,2026-04-26T12:18:20.210275,1
SPEEDLOTTO_500_STORE_01369,74261788,일등당첨,,미상,,,,speedlotto_500,33,first,1,200000000,2026-04-26T12:18:20.210275,2026-04-26T12:18:20.210275,1
SPEEDLOTTO_500_STORE_01370,72662656,황금복권방,,미상,,,,speedlotto_500,33,first,1,200000000,2026-04-26T12:18:20.210275,2026-04-26T12:18:20.210275,1
SPEEDLOTTO_500_STORE_01371,74660464,드림복권(2호광장),,미상,,,,speedlotto_500,33,first,1,200000000,2026-04-26T12:18:20.210275,2026-04-26T12:18:20.210275,1
SPEEDLOTTO_500_STORE_01372,73160721,또로또,,미상,,,,speedlotto_500,33,first,1,200000000,2026-04-26T12:18:20.210275,2026-04-26T12:18:20.210275,1
SPEEDLOTTO_500_STORE_01373,74166759,GS25이동센터점,,미상,,,,speedlotto_500,33,first,1,200000000,2026-04-26T12:18:20.210275,2026-04-26T12:18:20.210275,1
SPEEDLOTTO_500_STORE_01374,74162803,보물섬복권방,,미상,,,,speedlotto_500,33,first,1,200000000,2026-04-26T12:18:20.210275,2026-04-26T12:18:20.210275,1
SPEEDLOTTO_500_STORE_01375,71162035,천하명당복권방,,미상,,,,speedlotto_500,33,first,1,200000000,2026-04-26T12:18:20.210275,2026-04-26T12:18:20.210275,1
SPEEDLOTTO_500_STORE_01376,73061011,금화로또마트,,미상,,,,speedlotto_500,33,first,1,200000000,2026-04-26T12:18:20.210275,2026-04-26T12:18:20.210275,1
SPEEDLOTTO_500_STORE_01377,72960747,오천억복권방,,미상,,,,speedlotto_500,33,first,1,200000000,2026-04-26T12:18:20.210275,2026-04-26T12:18:20.210275,1
SPEEDLOTTO_500_STORE_01378,74163177,명당골복권방,,미상,,,,speedlotto_500,33,first,1,200000000,2026-04-26T12:18:20.210275,2026-04-26T12:18:20.210275,1
SPEEDLOTTO_500_STORE_01379,72661445,CU사상서부,,미상,,,,speedlotto_500,33,first,1,200000000,2026-04-26T12:18:20.210275,2026-04-26T12:18:20.210275,2
SPEEDLOTTO_500_STORE_01380,74661194,스타복권,,미상,,,,speedlotto_500,33,first,1,200000000,2026-04-26T12:18:20.210275,2026-04-26T12:18:20.210275,1
SPEEDLOTTO_500_STORE_01381,74761757,SE왜관희망점,,미상,,,,speedlotto_500,33,first,1,200000000,2026-04-26T12:18:20.210275,2026-04-26T12:18:20.210275,1
SPEEDLOTTO_500_STORE_01382,74661178,제철로또대리점,,미상,,,,speedlotto_500,33,first,1,200000000,2026-04-26T12:18:20.210275,2026-04-26T12:18:20.210275,1
SPEEDLOTTO_500_STORE_01383,74161285,차부상회,,미상,,,,speedlotto_500,33,first,1,200000000,2026-04-26T12:18:20.210275,2026-04-26T12:18:20.210275,1
SPEEDLOTTO_500_STORE_01384,74360035,복덩어리,,미상,,,,speedlotto_500,33,first,1,200000000,2026-04-26T12:18:20.210275,2026-04-26T12:18:20.210275,1
SPEEDLOTTO_500_STORE_01385,72960008,도울복권,,미상,,,,speedlotto_500,33,first,1,200000000,2026-04-26T12:18:20.210275,2026-04-26T12:18:20.210275,1
SPEEDLOTTO_500_STORE_01386,72860361,프리마트,,미상,,,,speedlotto_500,33,first,1,200000000,2026-04-26T12:18:20.210275,2026-04-26T12:18:20.210275,1
SPEEDLOTTO_500_STORE_01387,73160635,삼우슈퍼,,미상,,,,speedlotto_500,33,first,1,200000000,2026-04-26T12:18:20.210275,2026-04-26T12:18:20.210275,1
SPEEDLOTTO_500_STORE_01388,72860822,복권왕국,,미상,,,,speedlotto_500,33,first,1,200000000,2026-04-26T12:18:20.210275,2026-04-26T12:18:20.210275,1
SPEEDLOTTO_500_STORE_01389,73160368,이마트24삼산본동,,미상,,,,speedlotto_500,33,first,1,200000000,2026-04-26T12:18:20.210275,2026-04-26T12:18:20.210275,1
SPEEDLOTTO_500_STORE_01390,74160255,CU 포천가산점,,미상,,,,speedlotto_500,33,first,1,200000000,2026-04-26T12:18:20.210275,2026-04-26T12:18:20.210275,1
SPEEDLOTTO_500_STORE_01391,72960924,진곡산단로또,,미상,,,,speedlotto_500,33,first,1,200000000,2026-04-26T12:18:20.210275,2026-04-26T12:18:20.210275,1
SPEEDLOTTO_500_STORE_01392,74760798,빙그레마트,,미상,,,,speedlotto_500,33,first,1,200000000,2026-04-26T12:18:20.210275,2026-04-26T12:18:20.210275,1
SPEEDLOTTO_500_STORE_01393,74360026,굿모닝복권방,,미상,,,,speedlotto_500,33,first,1,200000000,2026-04-26T12:18:20.210275,2026-04-26T12:18:20.210275,1
SPEEDLOTTO_500_STORE_01394,74760164,옹천왕대박슈퍼,,미상,,,,speedlotto_500,33,first,1,200000000,2026-04-26T12:18:20.210275,2026-04-26T12:18:20.210275,1
SPEEDLOTTO_500_STORE_01395,72861215,노다지복권방(학익),,미상,,,,speedlotto_500,33,first,1,200000000,2026-04-26T12:18:20.210275,2026-04-26T12:18:20.210275,1
SPEEDLOTTO_500_STORE_01396,71163495,CU 송파한화2호점,,미상,,,,speedlotto_500,33,first,1,200000000,2026-04-26T12:18:20.210275,2026-04-26T12:18:20.210275,1
SPEEDLOTTO_500_STORE_01397,74160110,GS 양주신산점,,미상,,,,speedlotto_500,33,first,1,200000000,2026-04-26T12:18:20.210275,2026-04-26T12:18:20.210275,1
SPEEDLOTTO_500_STORE_01398,74761012,로또훼미리마트왜관점,,미상,,,,speedlotto_500,33,first,1,200000000,2026-04-26T12:18:20.210275,2026-04-26T12:18:20.210275,1
SPEEDLOTTO_500_STORE_01399,99999990,미확인 판매점 ,,미상,,,,speedlotto_500,33,first,1,200000000,2026-04-26T12:18:20.210275,2026-04-26T12:18:20.210275,1
SPEEDLOTTO_500_STORE_01400,74460619,GS25봉명희망점,,미상,,,,speedlotto_500,33,first,1,200000000,2026-04-26T12:18:20.210275,2026-04-26T12:18:20.210275,1
SPEEDLOTTO_500_STORE_01401,72960633,채널Q24시로또주월점,,미상,,,,speedlotto_500,33,first,1,200000000,2026-04-26T12:18:20.210275,2026-04-26T12:18:20.210275,1
SPEEDLOTTO_500_STORE_01402,74162879,CU 안산이동제일점,,미상,,,,speedlotto_500,33,first,1,200000000,2026-04-26T12:18:20.210275,2026-04-26T12:18:20.210275,1
SPEEDLOTTO_500_STORE_01403,74861498,채널큐,,미상,,,,speedlotto_500,33,first,1,400000000,2026-04-26T12:18:20.210275,2026-04-26T12:18:20.210275,1
SPEEDLOTTO_500_STORE_01404,74860026,미니스톱 평산점,,미상,,,,speedlotto_500,33,first,1,400000000,2026-04-26T12:18:20.210275,2026-04-26T12:18:20.210275,1
SPEEDLOTTO_500_STORE_01405,72760607,대백마트,,미상,,,,speedlotto_500,33,first,1,200000000,2026-04-26T12:18:20.210275,2026-04-26T12:18:20.210275,1
SPEEDLOTTO_500_STORE_01406,71161288,세븐일레븐,,미상,,,,speedlotto_500,33,first,1,200000000,2026-04-26T12:18:20.210275,2026-04-26T12:18:20.210275,1
SPEEDLOTTO_500_STORE_01407,74163134,CU 구운선경점,,미상,,,,speedlotto_500,33,first,1,200000000,2026-04-26T12:18:20.210275,2026-04-26T12:18:20.210275,1
SPEEDLOTTO_500_STORE_01408,74163861,ANY로또,,미상,,,,speedlotto_500,33,first,1,200000000,2026-04-26T12:18:20.210275,2026-04-26T12:18:20.210275,1
SPEEDLOTTO_500_STORE_01409,71163684,스포츠베팅샵,,미상,,,,speedlotto_500,33,first,1,200000000,2026-04-26T12:18:20.210275,2026-04-26T12:18:20.210275,1
SPEEDLOTTO_500_STORE_01410,74260737,복권뱅크,,미상,,,,speedlotto_500,33,first,1,200000000,2026-04-26T12:18:20.210275,2026-04-26T12:18:20.210275,1
SPEEDLOTTO_500_STORE_01411,74860113,창원25시슈퍼(24시로또복권),,미상,,,,speedlotto_500,33,first,1,200000000,2026-04-26T12:18:20.210275,2026-04-26T12:18:20.210275,1
SPEEDLOTTO_500_STORE_01412,71160248,복마니복권방,,미상,,,,speedlotto_500,33,first,1,200000000,2026-04-26T12:18:20.210275,2026-04-26T12:18:20.210275,1
SPEEDLOTTO_500_STORE_01413,74860442,운동장마트,,미상,,,,speedlotto_500,33,first,1,200000000,2026-04-26T12:18:20.210275,2026-04-26T12:18:20.210275,1
SPEEDLOTTO_500_STORE_01414,71160111,복권나라,,미상,,,,speedlotto_500,33,first,1,200000000,2026-04-26T12:18:20.210275,2026-04-26T12:18:20.210275,1
SPEEDLOTTO_500_STORE_01415,74660663,CU목포비파점,,미상,,,,speedlotto_500,33,first,1,200000000,2026-04-26T12:18:20.210275,2026-04-26T12:18:20.210275,1
SPEEDLOTTO_500_STORE_01416,73060444,씨스페이스유성신우점,,미상,,,,speedlotto_500,33,first,1,200000000,2026-04-26T12:18:20.210275,2026-04-26T12:18:20.210275,1
SPEEDLOTTO_500_STORE_01417,74162956,세븐일레븐 안산고잔금강점,,미상,,,,speedlotto_500,33,first,1,200000000,2026-04-26T12:18:20.210275,2026-04-26T12:18:20.210275,1
SPEEDLOTTO_500_STORE_01418,74960026,하나슈퍼,,미상,,,,speedlotto_500,33,first,1,200000000,2026-04-26T12:18:20.210275,2026-04-26T12:18:20.210275,1
SPEEDLOTTO_500_STORE_01419,71161818,CU,,미상,,,,speedlotto_500,33,first,1,200000000,2026-04-26T12:18:20.210275,2026-04-26T12:18:20.210275,1
SPEEDLOTTO_500_STORE_01420,74163317,명진슈퍼,,미상,,,,speedlotto_500,33,first,1,200000000,2026-04-26T12:18:20.210275,2026-04-26T12:18:20.210275,1
SPEEDLOTTO_500_STORE_01421,71164520,양천24,,미상,,,,speedlotto_500,33,first,1,200000000,2026-04-26T12:18:20.210275,2026-04-26T12:18:20.210275,1
SPEEDLOTTO_500_STORE_01422,74163911,복권방,,미상,,,,speedlotto_500,33,first,1,200000000,2026-04-26T12:18:20.210275,2026-04-26T12:18:20.210275,1
SPEEDLOTTO_500_STORE_01423,71160627,세븐일레븐,,미상,,,,speedlotto_500,33,first,1,200000000,2026-04-26T12:18:20.210275,2026-04-26T12:18:20.210275,1
SPEEDLOTTO_500_STORE_01424,74260514,편의점,,미상,,,,speedlotto_500,33,first,1,200000000,2026-04-26T12:18:20.210275,2026-04-26T12:18:20.210275,1
SPEEDLOTTO_500_STORE_01425,74860121,복권방,,미상,,,,speedlotto_500,33,first,1,200000000,2026-04-26T12:18:20.210275,2026-04-26T12:18:20.210275,1
SPEEDLOTTO_500_STORE_01426,72660480,복권천국 복권방,,미상,,,,speedlotto_500,33,first,1,200000000,2026-04-26T12:18:20.210275,2026-04-26T12:18:20.210275,1
SPEEDLOTTO_500_STORE_01427,74460132,편의점,,미상,,,,speedlotto_500,33,first,1,200000000,2026-04-26T12:18:20.210275,2026-04-26T12:18:20.210275,1
SPEEDLOTTO_500_STORE_01428,71162726,가판대,,미상,,,,speedlotto_500,33,first,1,200000000,2026-04-26T12:18:20.210275,2026-04-26T12:18:20.210275,1
SPEEDLOTTO_500_STORE_01429,71162617,편의점,,미상,,,,speedlotto_500,33,first,1,200000000,2026-04-26T12:18:20.210275,2026-04-26T12:18:20.210275,1
SPEEDLOTTO_500_STORE_01430,71161756,복권방,,미상,,,,speedlotto_500,33,first,1,200000000,2026-04-26T12:18:20.210275,2026-04-26T12:18:20.210275,1
SPEEDLOTTO_500_STORE_01431,73160068,우리들 편의점 서부점,,미상,,,,speedlotto_500,33,first,1,200000000,2026-04-26T12:18:20.210275,2026-04-26T12:18:20.210275,1
SPEEDLOTTO_500_STORE_01432,74860224,슈퍼마켓,,미상,,,,speedlotto_500,33,first,1,200000000,2026-04-26T12:18:20.210275,2026-04-26T12:18:20.210275,1
SPEEDLOTTO_500_STORE_01433,74162739,복권방,,미상,,,,speedlotto_500,33,first,1,200000000,2026-04-26T12:18:20.210275,2026-04-26T12:18:20.210275,1
SPEEDLOTTO_500_STORE_01434,74162534,편의점,,미상,,,,speedlotto_500,33,first,1,200000000,2026-04-26T12:18:20.210275,2026-04-26T12:18:20.210275,1
SPEEDLOTTO_500_STORE_01435,74260488,제일복권,,미상,,,,speedlotto_500,33,first,1,200000000,2026-04-26T12:18:20.210275,2026-04-26T12:18:20.210275,1
SPEEDLOTTO_500_STORE_01436,74260444,복권방,,미상,,,,speedlotto_500,33,first,1,200000000,2026-04-26T12:18:20.210275,2026-04-26T12:18:20.210275,1
SPEEDLOTTO_500_STORE_01437,72863021,수퍼마켓,,미상,,,,speedlotto_500,33,first,1,200000000,2026-04-26T12:18:20.210275,2026-04-26T12:18:20.210275,1
SPEEDLOTTO_500_STORE_01438,74160427,만물복권방,,미상,,,,speedlotto_500,33,first,1,200000000,2026-04-26T12:18:20.210275,2026-04-26T12:18:20.210275,1
SPEEDLOTTO_500_STORE_01439,74861125,편의점,,미상,,,,speedlotto_500,33,first,1,200000000,2026-04-26T12:18:20.210275,2026-04-26T12:18:20.210275,1
SPEEDLOTTO_500_STORE_01440,71160697,가판,,미상,,,,speedlotto_500,33,first,1,200000000,2026-04-26T12:18:20.210275,2026-04-26T12:18:20.210275,1
SPEEDLOTTO_500_STORE_01441,74861027,수퍼마켓,,미상,,,,speedlotto_500,33,first,1,200000000,2026-04-26T12:18:20.210275,2026-04-26T12:18:20.210275,1
SPEEDLOTTO_500_STORE_01442,74460594,수퍼마켓,,미상,,,,speedlotto_500,33,first,1,200000000,2026-04-26T12:18:20.210275,2026-04-26T12:18:20.210275,1
SPEEDLOTTO_500_STORE_01443,74560222,편의점,,미상,,,,speedlotto_500,33,first,1,200000000,2026-04-26T12:18:20.210275,2026-04-26T12:18:20.210275,1
SPEEDLOTTO_500_STORE_01444,74860491,편의점,,미상,,,,speedlotto_500,33,first,1,200000000,2026-04-26T12:18:20.210275,2026-04-26T12:18:20.210275,1
SPEEDLOTTO_500_STORE_01445,74164096,복권방,,미상,,,,speedlotto_500,33,first,1,200000000,2026-04-26T12:18:20.210275,2026-04-26T12:18:20.210275,1
SPEEDLOTTO_500_STORE_01446,73060537,원마트 편의점,,미상,,,,speedlotto_500,33,first,1,200000000,2026-04-26T12:18:20.210275,2026-04-26T12:18:20.210275,1
SPEEDLOTTO_500_STORE_01447,74660195,복권방,,미상,,,,speedlotto_500,33,first,1,200000000,2026-04-26T12:18:20.210275,2026-04-26T12:18:20.210275,1
SPEEDLOTTO_500_STORE_01448,74860751,미니스톱,,미상,,,,speedlotto_500,33,first,1,200000000,2026-04-26T12:18:20.210275,2026-04-26T12:18:20.210275,1
SPEEDLOTTO_500_STORE_01449,72660051,편의점,,미상,,,,speedlotto_500,33,first,1,200000000,2026-04-26T12:18:20.210275,2026-04-26T12:18:20.210275,1
SPEEDLOTTO_500_STORE_01450,71163551,슈퍼,,미상,,,,speedlotto_500,33,first,1,200000000,2026-04-26T12:18:20.210275,2026-04-26T12:18:20.210275,1
SPEEDLOTTO_500_STORE_01451,71161183,가판,,미상,,,,speedlotto_500,33,first,1,200000000,2026-04-26T12:18:20.210275,2026-04-26T12:18:20.210275,1
SPEEDLOTTO_500_STORE_01452,71164341,복권방,,미상,,,,speedlotto_500,33,first,1,200000000,2026-04-26T12:18:20.210275,2026-04-26T12:18:20.210275,1
SPEEDLOTTO_500_STORE_01453,73160111,우리들 편의점 서부점,,미상,,,,speedlotto_500,33,first,1,200000000,2026-04-26T12:18:20.210275,2026-04-26T12:18:20.210275,1
SPEEDLOTTO_500_STORE_01454,72960822,편의점,,미상,,,,speedlotto_500,33,first,1,200000000,2026-04-26T12:18:20.210275,2026-04-26T12:18:20.210275,1
SPEEDLOTTO_500_STORE_01455,74162947,편의점,,미상,,,,speedlotto_500,33,first,1,200000000,2026-04-26T12:18:20.210275,2026-04-26T12:18:20.210275,1
SPEEDLOTTO_500_STORE_01456,72660156,복권방,,미상,,,,speedlotto_500,33,first,1,200000000,2026-04-26T12:18:20.210275,2026-04-26T12:18:20.210275,1
SPEEDLOTTO_500_STORE_01457,74160347,토토마트 (구 편의점사랑),,미상,,,,speedlotto_500,32,first,1,200000000,2026-04-26T12:18:22.087650,2026-04-26T12:18:22.087650,1
SPEEDLOTTO_500_STORE_01458,74760625,CSPACE구미옥계점,,미상,,,,speedlotto_500,32,first,1,200000000,2026-04-26T12:18:22.087650,2026-04-26T12:18:22.087650,1
SPEEDLOTTO_500_STORE_01459,74163706,다우토토샵,,미상,,,,speedlotto_500,32,first,1,200000000,2026-04-26T12:18:22.087650,2026-04-26T12:18:22.087650,1
SPEEDLOTTO_500_STORE_01460,74261788,일등당첨,,미상,,,,speedlotto_500,32,first,1,200000000,2026-04-26T12:18:22.087650,2026-04-26T12:18:22.087650,1
SPEEDLOTTO_500_STORE_01461,72662656,황금복권방,,미상,,,,speedlotto_500,32,first,1,200000000,2026-04-26T12:18:22.087650,2026-04-26T12:18:22.087650,1
SPEEDLOTTO_500_STORE_01462,74660464,드림복권(2호광장),,미상,,,,speedlotto_500,32,first,1,200000000,2026-04-26T12:18:22.087650,2026-04-26T12:18:22.087650,1
SPEEDLOTTO_500_STORE_01463,73160721,또로또,,미상,,,,speedlotto_500,32,first,1,200000000,2026-04-26T12:18:22.087650,2026-04-26T12:18:22.087650,1
SPEEDLOTTO_500_STORE_01464,74166759,GS25이동센터점,,미상,,,,speedlotto_500,32,first,1,200000000,2026-04-26T12:18:22.087650,2026-04-26T12:18:22.087650,1
SPEEDLOTTO_500_STORE_01465,74162803,보물섬복권방,,미상,,,,speedlotto_500,32,first,1,200000000,2026-04-26T12:18:22.087650,2026-04-26T12:18:22.087650,1
SPEEDLOTTO_500_STORE_01466,71162035,천하명당복권방,,미상,,,,speedlotto_500,32,first,1,200000000,2026-04-26T12:18:22.087650,2026-04-26T12:18:22.087650,1
SPEEDLOTTO_500_STORE_01467,73061011,금화로또마트,,미상,,,,speedlotto_500,32,first,1,200000000,2026-04-26T12:18:22.087650,2026-04-26T12:18:22.087650,1
SPEEDLOTTO_500_STORE_01468,72960747,오천억복권방,,미상,,,,speedlotto_500,32,first,1,200000000,2026-04-26T12:18:22.087650,2026-04-26T12:18:22.087650,1
SPEEDLOTTO_500_STORE_01469,74163177,명당골복권방,,미상,,,,speedlotto_500,32,first,1,200000000,2026-04-26T12:18:22.087650,2026-04-26T12:18:22.087650,1
SPEEDLOTTO_500_STORE_01470,72661445,CU사상서부,,미상,,,,speedlotto_500,32,first,1,200000000,2026-04-26T12:18:22.087650,2026-04-26T12:18:22.087650,2
SPEEDLOTTO_500_STORE_01471,74661194,스타복권,,미상,,,,speedlotto_500,32,first,1,200000000,2026-04-26T12:18:22.087650,2026-04-26T12:18:22.087650,1
SPEEDLOTTO_500_STORE_01472,74761757,SE왜관희망점,,미상,,,,speedlotto_500,32,first,1,200000000,2026-04-26T12:18:22.087650,2026-04-26T12:18:22.087650,1
SPEEDLOTTO_500_STORE_01473,74661178,제철로또대리점,,미상,,,,speedlotto_500,32,first,1,200000000,2026-04-26T12:18:22.087650,2026-04-26T12:18:22.087650,1
SPEEDLOTTO_500_STORE_01474,74161285,차부상회,,미상,,,,speedlotto_500,32,first,1,200000000,2026-04-26T12:18:22.087650,2026-04-26T12:18:22.087650,1
SPEEDLOTTO_500_STORE_01475,74360035,복덩어리,,미상,,,,speedlotto_500,32,first,1,200000000,2026-04-26T12:18:22.087650,2026-04-26T12:18:22.087650,1
SPEEDLOTTO_500_STORE_01476,72960008,도울복권,,미상,,,,speedlotto_500,32,first,1,200000000,2026-04-26T12:18:22.087650,2026-04-26T12:18:22.087650,1
SPEEDLOTTO_500_STORE_01477,72860361,프리마트,,미상,,,,speedlotto_500,32,first,1,200000000,2026-04-26T12:18:22.087650,2026-04-26T12:18:22.087650,1
SPEEDLOTTO_500_STORE_01478,73160635,삼우슈퍼,,미상,,,,speedlotto_500,32,first,1,200000000,2026-04-26T12:18:22.087650,2026-04-26T12:18:22.087650,1
SPEEDLOTTO_500_STORE_01479,72860822,복권왕국,,미상,,,,speedlotto_500,32,first,1,200000000,2026-04-26T12:18:22.087650,2026-04-26T12:18:22.087650,1
SPEEDLOTTO_500_STORE_01480,73160368,이마트24삼산본동,,미상,,,,speedlotto_500,32,first,1,200000000,2026-04-26T12:18:22.087650,2026-04-26T12:18:22.087650,1
SPEEDLOTTO_500_STORE_01481,74160255,CU 포천가산점,,미상,,,,speedlotto_500,32,first,1,200000000,2026-04-26T12:18:22.087650,2026-04-26T12:18:22.087650,1
SPEEDLOTTO_500_STORE_01482,72960924,진곡산단로또,,미상,,,,speedlotto_500,32,first,1,200000000,2026-04-26T12:18:22.087650,2026-04-26T12:18:22.087650,1
SPEEDLOTTO_500_STORE_01483,74760798,빙그레마트,,미상,,,,speedlotto_500,32,first,1,200000000,2026-04-26T12:18:22.087650,2026-04-26T12:18:22.087650,1
SPEEDLOTTO_500_STORE_01484,74360026,굿모닝복권방,,미상,,,,speedlotto_500,32,first,1,200000000,2026-04-26T12:18:22.087650,2026-04-26T12:18:22.087650,1
SPEEDLOTTO_500_STORE_01485,74760164,옹천왕대박슈퍼,,미상,,,,speedlotto_500,32,first,1,200000000,2026-04-26T12:18:22.087650,2026-04-26T12:18:22.087650,1
SPEEDLOTTO_500_STORE_01486,72861215,노다지복권방(학익),,미상,,,,speedlotto_500,32,first,1,200000000,2026-04-26T12:18:22.087650,2026-04-26T12:18:22.087650,1
SPEEDLOTTO_500_STORE_01487,71163495,CU 송파한화2호점,,미상,,,,speedlotto_500,32,first,1,200000000,2026-04-26T12:18:22.087650,2026-04-26T12:18:22.087650,1
SPEEDLOTTO_500_STORE_01488,74160110,GS 양주신산점,,미상,,,,speedlotto_500,32,first,1,200000000,2026-04-26T12:18:22.087650,2026-04-26T12:18:22.087650,1
SPEEDLOTTO_500_STORE_01489,74761012,로또훼미리마트왜관점,,미상,,,,speedlotto_500,32,first,1,200000000,2026-04-26T12:18:22.087650,2026-04-26T12:18:22.087650,1
SPEEDLOTTO_500_STORE_01490,99999990,미확인 판매점 ,,미상,,,,speedlotto_500,32,first,1,200000000,2026-04-26T12:18:22.087650,2026-04-26T12:18:22.087650,1
SPEEDLOTTO_500_STORE_01491,74460619,GS25봉명희망점,,미상,,,,speedlotto_500,32,first,1,200000000,2026-04-26T12:18:22.087650,2026-04-26T12:18:22.087650,1
SPEEDLOTTO_500_STORE_01492,72960633,채널Q24시로또주월점,,미상,,,,speedlotto_500,32,first,1,200000000,2026-04-26T12:18:22.087650,2026-04-26T12:18:22.087650,1
SPEEDLOTTO_500_STORE_01493,74162879,CU 안산이동제일점,,미상,,,,speedlotto_500,32,first,1,200000000,2026-04-26T12:18:22.087650,2026-04-26T12:18:22.087650,1
SPEEDLOTTO_500_STORE_01494,74861498,채널큐,,미상,,,,speedlotto_500,32,first,1,400000000,2026-04-26T12:18:22.087650,2026-04-26T12:18:22.087650,1
SPEEDLOTTO_500_STORE_01495,74860026,미니스톱 평산점,,미상,,,,speedlotto_500,32,first,1,400000000,2026-04-26T12:18:22.087650,2026-04-26T12:18:22.087650,1
SPEEDLOTTO_500_STORE_01496,72760607,대백마트,,미상,,,,speedlotto_500,32,first,1,200000000,2026-04-26T12:18:22.087650,2026-04-26T12:18:22.087650,1
SPEEDLOTTO_500_STORE_01497,71161288,세븐일레븐,,미상,,,,speedlotto_500,32,first,1,200000000,2026-04-26T12:18:22.087650,2026-04-26T12:18:22.087650,1
SPEEDLOTTO_500_STORE_01498,74163134,CU 구운선경점,,미상,,,,speedlotto_500,32,first,1,200000000,2026-04-26T12:18:22.087650,2026-04-26T12:18:22.087650,1
SPEEDLOTTO_500_STORE_01499,74163861,ANY로또,,미상,,,,speedlotto_500,32,first,1,200000000,2026-04-26T12:18:22.087650,2026-04-26T12:18:22.087650,1
SPEEDLOTTO_500_STORE_01500,71163684,스포츠베팅샵,,미상,,,,speedlotto_500,32,first,1,200000000,2026-04-26T12:18:22.087650,2026-04-26T12:18:22.087650,1
SPEEDLOTTO_500_STORE_01501,74260737,복권뱅크,,미상,,,,speedlotto_500,32,first,1,200000000,2026-04-26T12:18:22.087650,2026-04-26T12:18:22.087650,1
SPEEDLOTTO_500_STORE_01502,74860113,창원25시슈퍼(24시로또복권),,미상,,,,speedlotto_500,32,first,1,200000000,2026-04-26T12:18:22.087650,2026-04-26T12:18:22.087650,1
SPEEDLOTTO_500_STORE_01503,71160248,복마니복권방,,미상,,,,speedlotto_500,32,first,1,200000000,2026-04-26T12:18:22.087650,2026-04-26T12:18:22.087650,1
SPEEDLOTTO_500_STORE_01504,74860442,운동장마트,,미상,,,,speedlotto_500,32,first,1,200000000,2026-04-26T12:18:22.087650,2026-04-26T12:18:22.087650,1
SPEEDLOTTO_500_STORE_01505,71160111,복권나라,,미상,,,,speedlotto_500,32,first,1,200000000,2026-04-26T12:18:22.087650,2026-04-26T12:18:22.087650,1
SPEEDLOTTO_500_STORE_01506,74660663,CU목포비파점,,미상,,,,speedlotto_500,32,first,1,200000000,2026-04-26T12:18:22.087650,2026-04-26T12:18:22.087650,1
SPEEDLOTTO_500_STORE_01507,73060444,씨스페이스유성신우점,,미상,,,,speedlotto_500,32,first,1,200000000,2026-04-26T12:18:22.087650,2026-04-26T12:18:22.087650,1
SPEEDLOTTO_500_STORE_01508,74162956,세븐일레븐 안산고잔금강점,,미상,,,,speedlotto_500,32,first,1,200000000,2026-04-26T12:18:22.087650,2026-04-26T12:18:22.087650,1
SPEEDLOTTO_500_STORE_01509,74960026,하나슈퍼,,미상,,,,speedlotto_500,32,first,1,200000000,2026-04-26T12:18:22.087650,2026-04-26T12:18:22.087650,1
SPEEDLOTTO_500_STORE_01510,71161818,CU,,미상,,,,speedlotto_500,32,first,1,200000000,2026-04-26T12:18:22.087650,2026-04-26T12:18:22.087650,1
SPEEDLOTTO_500_STORE_01511,74163317,명진슈퍼,,미상,,,,speedlotto_500,32,first,1,200000000,2026-04-26T12:18:22.087650,2026-04-26T12:18:22.087650,1
SPEEDLOTTO_500_STORE_01512,71164520,양천24,,미상,,,,speedlotto_500,32,first,1,200000000,2026-04-26T12:18:22.087650,2026-04-26T12:18:22.087650,1
SPEEDLOTTO_500_STORE_01513,74163911,복권방,,미상,,,,speedlotto_500,32,first,1,200000000,2026-04-26T12:18:22.087650,2026-04-26T12:18:22.087650,1
SPEEDLOTTO_500_STORE_01514,71160627,세븐일레븐,,미상,,,,speedlotto_500,32,first,1,200000000,2026-04-26T12:18:22.087650,2026-04-26T12:18:22.087650,1
SPEEDLOTTO_500_STORE_01515,74260514,편의점,,미상,,,,speedlotto_500,32,first,1,200000000,2026-04-26T12:18:22.087650,2026-04-26T12:18:22.087650,1
SPEEDLOTTO_500_STORE_01516,74860121,복권방,,미상,,,,speedlotto_500,32,first,1,200000000,2026-04-26T12:18:22.087650,2026-04-26T12:18:22.087650,1
SPEEDLOTTO_500_STORE_01517,72660480,복권천국 복권방,,미상,,,,speedlotto_500,32,first,1,200000000,2026-04-26T12:18:22.087650,2026-04-26T12:18:22.087650,1
SPEEDLOTTO_500_STORE_01518,74460132,편의점,,미상,,,,speedlotto_500,32,first,1,200000000,2026-04-26T12:18:22.087650,2026-04-26T12:18:22.087650,1
SPEEDLOTTO_500_STORE_01519,71162726,가판대,,미상,,,,speedlotto_500,32,first,1,200000000,2026-04-26T12:18:22.087650,2026-04-26T12:18:22.087650,1
SPEEDLOTTO_500_STORE_01520,71162617,편의점,,미상,,,,speedlotto_500,32,first,1,200000000,2026-04-26T12:18:22.087650,2026-04-26T12:18:22.087650,1
SPEEDLOTTO_500_STORE_01521,71161756,복권방,,미상,,,,speedlotto_500,32,first,1,200000000,2026-04-26T12:18:22.087650,2026-04-26T12:18:22.087650,1
SPEEDLOTTO_500_STORE_01522,73160068,우리들 편의점 서부점,,미상,,,,speedlotto_500,32,first,1,200000000,2026-04-26T12:18:22.087650,2026-04-26T12:18:22.087650,1
SPEEDLOTTO_500_STORE_01523,74860224,슈퍼마켓,,미상,,,,speedlotto_500,32,first,1,200000000,2026-04-26T12:18:22.087650,2026-04-26T12:18:22.087650,1
SPEEDLOTTO_500_STORE_01524,74162739,복권방,,미상,,,,speedlotto_500,32,first,1,200000000,2026-04-26T12:18:22.087650,2026-04-26T12:18:22.087650,1
SPEEDLOTTO_500_STORE_01525,74162534,편의점,,미상,,,,speedlotto_500,32,first,1,200000000,2026-04-26T12:18:22.087650,2026-04-26T12:18:22.087650,1
SPEEDLOTTO_500_STORE_01526,74260488,제일복권,,미상,,,,speedlotto_500,32,first,1,200000000,2026-04-26T12:18:22.087650,2026-04-26T12:18:22.087650,1
SPEEDLOTTO_500_STORE_01527,74260444,복권방,,미상,,,,speedlotto_500,32,first,1,200000000,2026-04-26T12:18:22.087650,2026-04-26T12:18:22.087650,1
SPEEDLOTTO_500_STORE_01528,72863021,수퍼마켓,,미상,,,,speedlotto_500,32,first,1,200000000,2026-04-26T12:18:22.087650,2026-04-26T12:18:22.087650,1
SPEEDLOTTO_500_STORE_01529,74160427,만물복권방,,미상,,,,speedlotto_500,32,first,1,200000000,2026-04-26T12:18:22.087650,2026-04-26T12:18:22.087650,1
SPEEDLOTTO_500_STORE_01530,74861125,편의점,,미상,,,,speedlotto_500,32,first,1,200000000,2026-04-26T12:18:22.087650,2026-04-26T12:18:22.087650,1
SPEEDLOTTO_500_STORE_01531,71160697,가판,,미상,,,,speedlotto_500,32,first,1,200000000,2026-04-26T12:18:22.087650,2026-04-26T12:18:22.087650,1
SPEEDLOTTO_500_STORE_01532,74861027,수퍼마켓,,미상,,,,speedlotto_500,32,first,1,200000000,2026-04-26T12:18:22.087650,2026-04-26T12:18:22.087650,1
SPEEDLOTTO_500_STORE_01533,74460594,수퍼마켓,,미상,,,,speedlotto_500,32,first,1,200000000,2026-04-26T12:18:22.087650,2026-04-26T12:18:22.087650,1
SPEEDLOTTO_500_STORE_01534,74560222,편의점,,미상,,,,speedlotto_500,32,first,1,200000000,2026-04-26T12:18:22.087650,2026-04-26T12:18:22.087650,1
SPEEDLOTTO_500_STORE_01535,74860491,편의점,,미상,,,,speedlotto_500,32,first,1,200000000,2026-04-26T12:18:22.087650,2026-04-26T12:18:22.087650,1
SPEEDLOTTO_500_STORE_01536,74164096,복권방,,미상,,,,speedlotto_500,32,first,1,200000000,2026-04-26T12:18:22.087650,2026-04-26T12:18:22.087650,1
SPEEDLOTTO_500_STORE_01537,73060537,원마트 편의점,,미상,,,,speedlotto_500,32,first,1,200000000,2026-04-26T12:18:22.087650,2026-04-26T12:18:22.087650,1
SPEEDLOTTO_500_STORE_01538,74660195,복권방,,미상,,,,speedlotto_500,32,first,1,200000000,2026-04-26T12:18:22.087650,2026-04-26T12:18:22.087650,1
SPEEDLOTTO_500_STORE_01539,74860751,미니스톱,,미상,,,,speedlotto_500,32,first,1,200000000,2026-04-26T12:18:22.087650,2026-04-26T12:18:22.087650,1
SPEEDLOTTO_500_STORE_01540,72660051,편의점,,미상,,,,speedlotto_500,32,first,1,200000000,2026-04-26T12:18:22.087650,2026-04-26T12:18:22.087650,1
SPEEDLOTTO_500_STORE_01541,71163551,슈퍼,,미상,,,,speedlotto_500,32,first,1,200000000,2026-04-26T12:18:22.087650,2026-04-26T12:18:22.087650,1
SPEEDLOTTO_500_STORE_01542,71161183,가판,,미상,,,,speedlotto_500,32,first,1,200000000,2026-04-26T12:18:22.087650,2026-04-26T12:18:22.087650,1
SPEEDLOTTO_500_STORE_01543,71164341,복권방,,미상,,,,speedlotto_500,32,first,1,200000000,2026-04-26T12:18:22.087650,2026-04-26T12:18:22.087650,1
SPEEDLOTTO_500_STORE_01544,73160111,우리들 편의점 서부점,,미상,,,,speedlotto_500,32,first,1,200000000,2026-04-26T12:18:22.087650,2026-04-26T12:18:22.087650,1
SPEEDLOTTO_500_STORE_01545,72960822,편의점,,미상,,,,speedlotto_500,32,first,1,200000000,2026-04-26T12:18:22.087650,2026-04-26T12:18:22.087650,1
SPEEDLOTTO_500_STORE_01546,74162947,편의점,,미상,,,,speedlotto_500,32,first,1,200000000,2026-04-26T12:18:22.087650,2026-04-26T12:18:22.087650,1
SPEEDLOTTO_500_STORE_01547,72660156,복권방,,미상,,,,speedlotto_500,32,first,1,200000000,2026-04-26T12:18:22.087650,2026-04-26T12:18:22.087650,1
SPEEDLOTTO_500_STORE_01548,74160347,토토마트 (구 편의점사랑),,미상,,,,speedlotto_500,31,first,1,200000000,2026-04-26T12:18:23.957984,2026-04-26T12:18:23.957984,1
SPEEDLOTTO_500_STORE_01549,74760625,CSPACE구미옥계점,,미상,,,,speedlotto_500,31,first,1,200000000,2026-04-26T12:18:23.957984,2026-04-26T12:18:23.957984,1
SPEEDLOTTO_500_STORE_01550,74163706,다우토토샵,,미상,,,,speedlotto_500,31,first,1,200000000,2026-04-26T12:18:23.957984,2026-04-26T12:18:23.957984,1
SPEEDLOTTO_500_STORE_01551,74261788,일등당첨,,미상,,,,speedlotto_500,31,first,1,200000000,2026-04-26T12:18:23.957984,2026-04-26T12:18:23.957984,1
SPEEDLOTTO_500_STORE_01552,72662656,황금복권방,,미상,,,,speedlotto_500,31,first,1,200000000,2026-04-26T12:18:23.957984,2026-04-26T12:18:23.957984,1
SPEEDLOTTO_500_STORE_01553,74660464,드림복권(2호광장),,미상,,,,speedlotto_500,31,first,1,200000000,2026-04-26T12:18:23.957984,2026-04-26T12:18:23.957984,1
SPEEDLOTTO_500_STORE_01554,73160721,또로또,,미상,,,,speedlotto_500,31,first,1,200000000,2026-04-26T12:18:23.957984,2026-04-26T12:18:23.957984,1
SPEEDLOTTO_500_STORE_01555,74166759,GS25이동센터점,,미상,,,,speedlotto_500,31,first,1,200000000,2026-04-26T12:18:23.957984,2026-04-26T12:18:23.957984,1
SPEEDLOTTO_500_STORE_01556,74162803,보물섬복권방,,미상,,,,speedlotto_500,31,first,1,200000000,2026-04-26T12:18:23.957984,2026-04-26T12:18:23.957984,1
SPEEDLOTTO_500_STORE_01557,71162035,천하명당복권방,,미상,,,,speedlotto_500,31,first,1,200000000,2026-04-26T12:18:23.957984,2026-04-26T12:18:23.957984,1
SPEEDLOTTO_500_STORE_01558,73061011,금화로또마트,,미상,,,,speedlotto_500,31,first,1,200000000,2026-04-26T12:18:23.957984,2026-04-26T12:18:23.957984,1
SPEEDLOTTO_500_STORE_01559,72960747,오천억복권방,,미상,,,,speedlotto_500,31,first,1,200000000,2026-04-26T12:18:23.957984,2026-04-26T12:18:23.957984,1
SPEEDLOTTO_500_STORE_01560,74163177,명당골복권방,,미상,,,,speedlotto_500,31,first,1,200000000,2026-04-26T12:18:23.957984,2026-04-26T12:18:23.957984,1
SPEEDLOTTO_500_STORE_01561,72661445,CU사상서부,,미상,,,,speedlotto_500,31,first,1,200000000,2026-04-26T12:18:23.957984,2026-04-26T12:18:23.957984,2
SPEEDLOTTO_500_STORE_01562,74661194,스타복권,,미상,,,,speedlotto_500,31,first,1,200000000,2026-04-26T12:18:23.958984,2026-04-26T12:18:23.958984,1
SPEEDLOTTO_500_STORE_01563,74761757,SE왜관희망점,,미상,,,,speedlotto_500,31,first,1,200000000,2026-04-26T12:18:23.958984,2026-04-26T12:18:23.958984,1
SPEEDLOTTO_500_STORE_01564,74661178,제철로또대리점,,미상,,,,speedlotto_500,31,first,1,200000000,2026-04-26T12:18:23.958984,2026-04-26T12:18:23.958984,1
SPEEDLOTTO_500_STORE_01565,74161285,차부상회,,미상,,,,speedlotto_500,31,first,1,200000000,2026-04-26T12:18:23.958984,2026-04-26T12:18:23.958984,1
SPEEDLOTTO_500_STORE_01566,74360035,복덩어리,,미상,,,,speedlotto_500,31,first,1,200000000,2026-04-26T12:18:23.958984,2026-04-26T12:18:23.958984,1
SPEEDLOTTO_500_STORE_01567,72960008,도울복권,,미상,,,,speedlotto_500,31,first,1,200000000,2026-04-26T12:18:23.958984,2026-04-26T12:18:23.958984,1
SPEEDLOTTO_500_STORE_01568,72860361,프리마트,,미상,,,,speedlotto_500,31,first,1,200000000,2026-04-26T12:18:23.958984,2026-04-26T12:18:23.958984,1
SPEEDLOTTO_500_STORE_01569,73160635,삼우슈퍼,,미상,,,,speedlotto_500,31,first,1,200000000,2026-04-26T12:18:23.958984,2026-04-26T12:18:23.958984,1
SPEEDLOTTO_500_STORE_01570,72860822,복권왕국,,미상,,,,speedlotto_500,31,first,1,200000000,2026-04-26T12:18:23.958984,2026-04-26T12:18:23.958984,1
SPEEDLOTTO_500_STORE_01571,73160368,이마트24삼산본동,,미상,,,,speedlotto_500,31,first,1,200000000,2026-04-26T12:18:23.958984,2026-04-26T12:18:23.958984,1
SPEEDLOTTO_500_STORE_01572,74160255,CU 포천가산점,,미상,,,,speedlotto_500,31,first,1,200000000,2026-04-26T12:18:23.958984,2026-04-26T12:18:23.958984,1
SPEEDLOTTO_500_STORE_01573,72960924,진곡산단로또,,미상,,,,speedlotto_500,31,first,1,200000000,2026-04-26T12:18:23.958984,2026-04-26T12:18:23.958984,1
SPEEDLOTTO_500_STORE_01574,74760798,빙그레마트,,미상,,,,speedlotto_500,31,first,1,200000000,2026-04-26T12:18:23.958984,2026-04-26T12:18:23.958984,1
SPEEDLOTTO_500_STORE_01575,74360026,굿모닝복권방,,미상,,,,speedlotto_500,31,first,1,200000000,2026-04-26T12:18:23.958984,2026-04-26T12:18:23.958984,1
SPEEDLOTTO_500_STORE_01576,74760164,옹천왕대박슈퍼,,미상,,,,speedlotto_500,31,first,1,200000000,2026-04-26T12:18:23.958984,2026-04-26T12:18:23.958984,1
SPEEDLOTTO_500_STORE_01577,72861215,노다지복권방(학익),,미상,,,,speedlotto_500,31,first,1,200000000,2026-04-26T12:18:23.958984,2026-04-26T12:18:23.958984,1
SPEEDLOTTO_500_STORE_01578,71163495,CU 송파한화2호점,,미상,,,,speedlotto_500,31,first,1,200000000,2026-04-26T12:18:23.958984,2026-04-26T12:18:23.958984,1
SPEEDLOTTO_500_STORE_01579,74160110,GS 양주신산점,,미상,,,,speedlotto_500,31,first,1,200000000,2026-04-26T12:18:23.958984,2026-04-26T12:18:23.958984,1
SPEEDLOTTO_500_STORE_01580,74761012,로또훼미리마트왜관점,,미상,,,,speedlotto_500,31,first,1,200000000,2026-04-26T12:18:23.958984,2026-04-26T12:18:23.958984,1
SPEEDLOTTO_500_STORE_01581,99999990,미확인 판매점 ,,미상,,,,speedlotto_500,31,first,1,200000000,2026-04-26T12:18:23.958984,2026-04-26T12:18:23.958984,1
SPEEDLOTTO_500_STORE_01582,74460619,GS25봉명희망점,,미상,,,,speedlotto_500,31,first,1,200000000,2026-04-26T12:18:23.958984,2026-04-26T12:18:23.958984,1
SPEEDLOTTO_500_STORE_01583,72960633,채널Q24시로또주월점,,미상,,,,speedlotto_500,31,first,1,200000000,2026-04-26T12:18:23.958984,2026-04-26T12:18:23.958984,1
SPEEDLOTTO_500_STORE_01584,74162879,CU 안산이동제일점,,미상,,,,speedlotto_500,31,first,1,200000000,2026-04-26T12:18:23.958984,2026-04-26T12:18:23.958984,1
SPEEDLOTTO_500_STORE_01585,74861498,채널큐,,미상,,,,speedlotto_500,31,first,1,400000000,2026-04-26T12:18:23.958984,2026-04-26T12:18:23.958984,1
SPEEDLOTTO_500_STORE_01586,74860026,미니스톱 평산점,,미상,,,,speedlotto_500,31,first,1,400000000,2026-04-26T12:18:23.958984,2026-04-26T12:18:23.958984,1
SPEEDLOTTO_500_STORE_01587,72760607,대백마트,,미상,,,,speedlotto_500,31,first,1,200000000,2026-04-26T12:18:23.958984,2026-04-26T12:18:23.958984,1
SPEEDLOTTO_500_STORE_01588,71161288,세븐일레븐,,미상,,,,speedlotto_500,31,first,1,200000000,2026-04-26T12:18:23.958984,2026-04-26T12:18:23.958984,1
SPEEDLOTTO_500_STORE_01589,74163134,CU 구운선경점,,미상,,,,speedlotto_500,31,first,1,200000000,2026-04-26T12:18:23.958984,2026-04-26T12:18:23.958984,1
SPEEDLOTTO_500_STORE_01590,74163861,ANY로또,,미상,,,,speedlotto_500,31,first,1,200000000,2026-04-26T12:18:23.958984,2026-04-26T12:18:23.958984,1
SPEEDLOTTO_500_STORE_01591,71163684,스포츠베팅샵,,미상,,,,speedlotto_500,31,first,1,200000000,2026-04-26T12:18:23.958984,2026-04-26T12:18:23.958984,1
SPEEDLOTTO_500_STORE_01592,74260737,복권뱅크,,미상,,,,speedlotto_500,31,first,1,200000000,2026-04-26T12:18:23.958984,2026-04-26T12:18:23.958984,1
SPEEDLOTTO_500_STORE_01593,74860113,창원25시슈퍼(24시로또복권),,미상,,,,speedlotto_500,31,first,1,200000000,2026-04-26T12:18:23.958984,2026-04-26T12:18:23.958984,1
SPEEDLOTTO_500_STORE_01594,71160248,복마니복권방,,미상,,,,speedlotto_500,31,first,1,200000000,2026-04-26T12:18:23.958984,2026-04-26T12:18:23.958984,1
SPEEDLOTTO_500_STORE_01595,74860442,운동장마트,,미상,,,,speedlotto_500,31,first,1,200000000,2026-04-26T12:18:23.958984,2026-04-26T12:18:23.958984,1
SPEEDLOTTO_500_STORE_01596,71160111,복권나라,,미상,,,,speedlotto_500,31,first,1,200000000,2026-04-26T12:18:23.958984,2026-04-26T12:18:23.958984,1
SPEEDLOTTO_500_STORE_01597,74660663,CU목포비파점,,미상,,,,speedlotto_500,31,first,1,200000000,2026-04-26T12:18:23.958984,2026-04-26T12:18:23.958984,1
SPEEDLOTTO_500_STORE_01598,73060444,씨스페이스유성신우점,,미상,,,,speedlotto_500,31,first,1,200000000,2026-04-26T12:18:23.958984,2026-04-26T12:18:23.958984,1
SPEEDLOTTO_500_STORE_01599,74162956,세븐일레븐 안산고잔금강점,,미상,,,,speedlotto_500,31,first,1,200000000,2026-04-26T12:18:23.958984,2026-04-26T12:18:23.958984,1
SPEEDLOTTO_500_STORE_01600,74960026,하나슈퍼,,미상,,,,speedlotto_500,31,first,1,200000000,2026-04-26T12:18:23.958984,2026-04-26T12:18:23.958984,1
SPEEDLOTTO_500_STORE_01601,71161818,CU,,미상,,,,speedlotto_500,31,first,1,200000000,2026-04-26T12:18:23.958984,2026-04-26T12:18:23.958984,1
SPEEDLOTTO_500_STORE_01602,74163317,명진슈퍼,,미상,,,,speedlotto_500,31,first,1,200000000,2026-04-26T12:18:23.958984,2026-04-26T12:18:23.958984,1
SPEEDLOTTO_500_STORE_01603,71164520,양천24,,미상,,,,speedlotto_500,31,first,1,200000000,2026-04-26T12:18:23.958984,2026-04-26T12:18:23.958984,1
SPEEDLOTTO_500_STORE_01604,74163911,복권방,,미상,,,,speedlotto_500,31,first,1,200000000,2026-04-26T12:18:23.958984,2026-04-26T12:18:23.958984,1
SPEEDLOTTO_500_STORE_01605,71160627,세븐일레븐,,미상,,,,speedlotto_500,31,first,1,200000000,2026-04-26T12:18:23.958984,2026-04-26T12:18:23.958984,1
SPEEDLOTTO_500_STORE_01606,74260514,편의점,,미상,,,,speedlotto_500,31,first,1,200000000,2026-04-26T12:18:23.958984,2026-04-26T12:18:23.958984,1
SPEEDLOTTO_500_STORE_01607,74860121,복권방,,미상,,,,speedlotto_500,31,first,1,200000000,2026-04-26T12:18:23.958984,2026-04-26T12:18:23.958984,1
SPEEDLOTTO_500_STORE_01608,72660480,복권천국 복권방,,미상,,,,speedlotto_500,31,first,1,200000000,2026-04-26T12:18:23.958984,2026-04-26T12:18:23.958984,1
SPEEDLOTTO_500_STORE_01609,74460132,편의점,,미상,,,,speedlotto_500,31,first,1,200000000,2026-04-26T12:18:23.958984,2026-04-26T12:18:23.958984,1
SPEEDLOTTO_500_STORE_01610,71162726,가판대,,미상,,,,speedlotto_500,31,first,1,200000000,2026-04-26T12:18:23.958984,2026-04-26T12:18:23.958984,1
SPEEDLOTTO_500_STORE_01611,71162617,편의점,,미상,,,,speedlotto_500,31,first,1,200000000,2026-04-26T12:18:23.958984,2026-04-26T12:18:23.958984,1
SPEEDLOTTO_500_STORE_01612,71161756,복권방,,미상,,,,speedlotto_500,31,first,1,200000000,2026-04-26T12:18:23.958984,2026-04-26T12:18:23.958984,1
SPEEDLOTTO_500_STORE_01613,73160068,우리들 편의점 서부점,,미상,,,,speedlotto_500,31,first,1,200000000,2026-04-26T12:18:23.958984,2026-04-26T12:18:23.958984,1
SPEEDLOTTO_500_STORE_01614,74860224,슈퍼마켓,,미상,,,,speedlotto_500,31,first,1,200000000,2026-04-26T12:18:23.958984,2026-04-26T12:18:23.958984,1
SPEEDLOTTO_500_STORE_01615,74162739,복권방,,미상,,,,speedlotto_500,31,first,1,200000000,2026-04-26T12:18:23.958984,2026-04-26T12:18:23.958984,1
SPEEDLOTTO_500_STORE_01616,74162534,편의점,,미상,,,,speedlotto_500,31,first,1,200000000,2026-04-26T12:18:23.958984,2026-04-26T12:18:23.958984,1
SPEEDLOTTO_500_STORE_01617,74260488,제일복권,,미상,,,,speedlotto_500,31,first,1,200000000,2026-04-26T12:18:23.958984,2026-04-26T12:18:23.958984,1
SPEEDLOTTO_500_STORE_01618,74260444,복권방,,미상,,,,speedlotto_500,31,first,1,200000000,2026-04-26T12:18:23.958984,2026-04-26T12:18:23.958984,1
SPEEDLOTTO_500_STORE_01619,72863021,수퍼마켓,,미상,,,,speedlotto_500,31,first,1,200000000,2026-04-26T12:18:23.958984,2026-04-26T12:18:23.958984,1
SPEEDLOTTO_500_STORE_01620,74160427,만물복권방,,미상,,,,speedlotto_500,31,first,1,200000000,2026-04-26T12:18:23.958984,2026-04-26T12:18:23.958984,1
SPEEDLOTTO_500_STORE_01621,74861125,편의점,,미상,,,,speedlotto_500,31,first,1,200000000,2026-04-26T12:18:23.958984,2026-04-26T12:18:23.958984,1
SPEEDLOTTO_500_STORE_01622,71160697,가판,,미상,,,,speedlotto_500,31,first,1,200000000,2026-04-26T12:18:23.958984,2026-04-26T12:18:23.958984,1
SPEEDLOTTO_500_STORE_01623,74861027,수퍼마켓,,미상,,,,speedlotto_500,31,first,1,200000000,2026-04-26T12:18:23.958984,2026-04-26T12:18:23.958984,1
SPEEDLOTTO_500_STORE_01624,74460594,수퍼마켓,,미상,,,,speedlotto_500,31,first,1,200000000,2026-04-26T12:18:23.958984,2026-04-26T12:18:23.958984,1
SPEEDLOTTO_500_STORE_01625,74560222,편의점,,미상,,,,speedlotto_500,31,first,1,200000000,2026-04-26T12:18:23.958984,2026-04-26T12:18:23.958984,1
SPEEDLOTTO_500_STORE_01626,74860491,편의점,,미상,,,,speedlotto_500,31,first,1,200000000,2026-04-26T12:18:23.958984,2026-04-26T12:18:23.958984,1
SPEEDLOTTO_500_STORE_01627,74164096,복권방,,미상,,,,speedlotto_500,31,first,1,200000000,2026-04-26T12:18:23.958984,2026-04-26T12:18:23.958984,1
SPEEDLOTTO_500_STORE_01628,73060537,원마트 편의점,,미상,,,,speedlotto_500,31,first,1,200000000,2026-04-26T12:18:23.958984,2026-04-26T12:18:23.958984,1
SPEEDLOTTO_500_STORE_01629,74660195,복권방,,미상,,,,speedlotto_500,31,first,1,200000000,2026-04-26T12:18:23.958984,2026-04-26T12:18:23.958984,1
SPEEDLOTTO_500_STORE_01630,74860751,미니스톱,,미상,,,,speedlotto_500,31,first,1,200000000,2026-04-26T12:18:23.958984,2026-04-26T12:18:23.958984,1
SPEEDLOTTO_500_STORE_01631,72660051,편의점,,미상,,,,speedlotto_500,31,first,1,200000000,2026-04-26T12:18:23.958984,2026-04-26T12:18:23.958984,1
SPEEDLOTTO_500_STORE_01632,71163551,슈퍼,,미상,,,,speedlotto_500,31,first,1,200000000,2026-04-26T12:18:23.958984,2026-04-26T12:18:23.958984,1
SPEEDLOTTO_500_STORE_01633,71161183,가판,,미상,,,,speedlotto_500,31,first,1,200000000,2026-04-26T12:18:23.958984,2026-04-26T12:18:23.958984,1
SPEEDLOTTO_500_STORE_01634,71164341,복권방,,미상,,,,speedlotto_500,31,first,1,200000000,2026-04-26T12:18:23.958984,2026-04-26T12:18:23.958984,1
SPEEDLOTTO_500_STORE_01635,73160111,우리들 편의점 서부점,,미상,,,,speedlotto_500,31,first,1,200000000,2026-04-26T12:18:23.958984,2026-04-26T12:18:23.958984,1
SPEEDLOTTO_500_STORE_01636,72960822,편의점,,미상,,,,speedlotto_500,31,first,1,200000000,2026-04-26T12:18:23.958984,2026-04-26T12:18:23.958984,1
SPEEDLOTTO_500_STORE_01637,74162947,편의점,,미상,,,,speedlotto_500,31,first,1,200000000,2026-04-26T12:18:23.958984,2026-04-26T12:18:23.958984,1
SPEEDLOTTO_500_STORE_01638,72660156,복권방,,미상,,,,speedlotto_500,31,first,1,200000000,2026-04-26T12:18:23.958984,2026-04-26T12:18:23.958984,1
SPEEDLOTTO_500_STORE_01639,74160347,토토마트 (구 편의점사랑),,미상,,,,speedlotto_500,30,first,1,200000000,2026-04-26T12:18:25.817539,2026-04-26T12:18:25.817539,1
SPEEDLOTTO_500_STORE_01640,74760625,CSPACE구미옥계점,,미상,,,,speedlotto_500,30,first,1,200000000,2026-04-26T12:18:25.817539,2026-04-26T12:18:25.817539,1
SPEEDLOTTO_500_STORE_01641,74163706,다우토토샵,,미상,,,,speedlotto_500,30,first,1,200000000,2026-04-26T12:18:25.817539,2026-04-26T12:18:25.817539,1
SPEEDLOTTO_500_STORE_01642,74261788,일등당첨,,미상,,,,speedlotto_500,30,first,1,200000000,2026-04-26T12:18:25.817539,2026-04-26T12:18:25.817539,1
SPEEDLOTTO_500_STORE_01643,72662656,황금복권방,,미상,,,,speedlotto_500,30,first,1,200000000,2026-04-26T12:18:25.817539,2026-04-26T12:18:25.817539,1
SPEEDLOTTO_500_STORE_01644,74660464,드림복권(2호광장),,미상,,,,speedlotto_500,30,first,1,200000000,2026-04-26T12:18:25.817539,2026-04-26T12:18:25.817539,1
SPEEDLOTTO_500_STORE_01645,73160721,또로또,,미상,,,,speedlotto_500,30,first,1,200000000,2026-04-26T12:18:25.817539,2026-04-26T12:18:25.817539,1
SPEEDLOTTO_500_STORE_01646,74166759,GS25이동센터점,,미상,,,,speedlotto_500,30,first,1,200000000,2026-04-26T12:18:25.817539,2026-04-26T12:18:25.817539,1
SPEEDLOTTO_500_STORE_01647,74162803,보물섬복권방,,미상,,,,speedlotto_500,30,first,1,200000000,2026-04-26T12:18:25.817539,2026-04-26T12:18:25.817539,1
SPEEDLOTTO_500_STORE_01648,71162035,천하명당복권방,,미상,,,,speedlotto_500,30,first,1,200000000,2026-04-26T12:18:25.817539,2026-04-26T12:18:25.817539,1
SPEEDLOTTO_500_STORE_01649,73061011,금화로또마트,,미상,,,,speedlotto_500,30,first,1,200000000,2026-04-26T12:18:25.817539,2026-04-26T12:18:25.817539,1
SPEEDLOTTO_500_STORE_01650,72960747,오천억복권방,,미상,,,,speedlotto_500,30,first,1,200000000,2026-04-26T12:18:25.817539,2026-04-26T12:18:25.817539,1
SPEEDLOTTO_500_STORE_01651,74163177,명당골복권방,,미상,,,,speedlotto_500,30,first,1,200000000,2026-04-26T12:18:25.817539,2026-04-26T12:18:25.817539,1
SPEEDLOTTO_500_STORE_01652,72661445,CU사상서부,,미상,,,,speedlotto_500,30,first,1,200000000,2026-04-26T12:18:25.817539,2026-04-26T12:18:25.817539,2
SPEEDLOTTO_500_STORE_01653,74661194,스타복권,,미상,,,,speedlotto_500,30,first,1,200000000,2026-04-26T12:18:25.817539,2026-04-26T12:18:25.817539,1
SPEEDLOTTO_500_STORE_01654,74761757,SE왜관희망점,,미상,,,,speedlotto_500,30,first,1,200000000,2026-04-26T12:18:25.817539,2026-04-26T12:18:25.817539,1
SPEEDLOTTO_500_STORE_01655,74661178,제철로또대리점,,미상,,,,speedlotto_500,30,first,1,200000000,2026-04-26T12:18:25.817539,2026-04-26T12:18:25.817539,1
SPEEDLOTTO_500_STORE_01656,74161285,차부상회,,미상,,,,speedlotto_500,30,first,1,200000000,2026-04-26T12:18:25.817539,2026-04-26T12:18:25.817539,1
SPEEDLOTTO_500_STORE_01657,74360035,복덩어리,,미상,,,,speedlotto_500,30,first,1,200000000,2026-04-26T12:18:25.817539,2026-04-26T12:18:25.817539,1
SPEEDLOTTO_500_STORE_01658,72960008,도울복권,,미상,,,,speedlotto_500,30,first,1,200000000,2026-04-26T12:18:25.817539,2026-04-26T12:18:25.817539,1
SPEEDLOTTO_500_STORE_01659,72860361,프리마트,,미상,,,,speedlotto_500,30,first,1,200000000,2026-04-26T12:18:25.817539,2026-04-26T12:18:25.817539,1
SPEEDLOTTO_500_STORE_01660,73160635,삼우슈퍼,,미상,,,,speedlotto_500,30,first,1,200000000,2026-04-26T12:18:25.817539,2026-04-26T12:18:25.817539,1
SPEEDLOTTO_500_STORE_01661,72860822,복권왕국,,미상,,,,speedlotto_500,30,first,1,200000000,2026-04-26T12:18:25.818538,2026-04-26T12:18:25.818538,1
SPEEDLOTTO_500_STORE_01662,73160368,이마트24삼산본동,,미상,,,,speedlotto_500,30,first,1,200000000,2026-04-26T12:18:25.818538,2026-04-26T12:18:25.818538,1
SPEEDLOTTO_500_STORE_01663,74160255,CU 포천가산점,,미상,,,,speedlotto_500,30,first,1,200000000,2026-04-26T12:18:25.818538,2026-04-26T12:18:25.818538,1
SPEEDLOTTO_500_STORE_01664,72960924,진곡산단로또,,미상,,,,speedlotto_500,30,first,1,200000000,2026-04-26T12:18:25.818538,2026-04-26T12:18:25.818538,1
SPEEDLOTTO_500_STORE_01665,74760798,빙그레마트,,미상,,,,speedlotto_500,30,first,1,200000000,2026-04-26T12:18:25.818538,2026-04-26T12:18:25.818538,1
SPEEDLOTTO_500_STORE_01666,74360026,굿모닝복권방,,미상,,,,speedlotto_500,30,first,1,200000000,2026-04-26T12:18:25.818538,2026-04-26T12:18:25.818538,1
SPEEDLOTTO_500_STORE_01667,74760164,옹천왕대박슈퍼,,미상,,,,speedlotto_500,30,first,1,200000000,2026-04-26T12:18:25.818538,2026-04-26T12:18:25.818538,1
SPEEDLOTTO_500_STORE_01668,72861215,노다지복권방(학익),,미상,,,,speedlotto_500,30,first,1,200000000,2026-04-26T12:18:25.818538,2026-04-26T12:18:25.818538,1
SPEEDLOTTO_500_STORE_01669,71163495,CU 송파한화2호점,,미상,,,,speedlotto_500,30,first,1,200000000,2026-04-26T12:18:25.818538,2026-04-26T12:18:25.818538,1
SPEEDLOTTO_500_STORE_01670,74160110,GS 양주신산점,,미상,,,,speedlotto_500,30,first,1,200000000,2026-04-26T12:18:25.818538,2026-04-26T12:18:25.818538,1
SPEEDLOTTO_500_STORE_01671,74761012,로또훼미리마트왜관점,,미상,,,,speedlotto_500,30,first,1,200000000,2026-04-26T12:18:25.818538,2026-04-26T12:18:25.818538,1
SPEEDLOTTO_500_STORE_01672,99999990,미확인 판매점 ,,미상,,,,speedlotto_500,30,first,1,200000000,2026-04-26T12:18:25.818538,2026-04-26T12:18:25.818538,1
SPEEDLOTTO_500_STORE_01673,74460619,GS25봉명희망점,,미상,,,,speedlotto_500,30,first,1,200000000,2026-04-26T12:18:25.818538,2026-04-26T12:18:25.818538,1
SPEEDLOTTO_500_STORE_01674,72960633,채널Q24시로또주월점,,미상,,,,speedlotto_500,30,first,1,200000000,2026-04-26T12:18:25.818538,2026-04-26T12:18:25.818538,1
SPEEDLOTTO_500_STORE_01675,74162879,CU 안산이동제일점,,미상,,,,speedlotto_500,30,first,1,200000000,2026-04-26T12:18:25.818538,2026-04-26T12:18:25.818538,1
SPEEDLOTTO_500_STORE_01676,74861498,채널큐,,미상,,,,speedlotto_500,30,first,1,400000000,2026-04-26T12:18:25.818538,2026-04-26T12:18:25.818538,1
SPEEDLOTTO_500_STORE_01677,74860026,미니스톱 평산점,,미상,,,,speedlotto_500,30,first,1,400000000,2026-04-26T12:18:25.818538,2026-04-26T12:18:25.818538,1
SPEEDLOTTO_500_STORE_01678,72760607,대백마트,,미상,,,,speedlotto_500,30,first,1,200000000,2026-04-26T12:18:25.818538,2026-04-26T12:18:25.818538,1
SPEEDLOTTO_500_STORE_01679,71161288,세븐일레븐,,미상,,,,speedlotto_500,30,first,1,200000000,2026-04-26T12:18:25.818538,2026-04-26T12:18:25.818538,1
SPEEDLOTTO_500_STORE_01680,74163134,CU 구운선경점,,미상,,,,speedlotto_500,30,first,1,200000000,2026-04-26T12:18:25.818538,2026-04-26T12:18:25.818538,1
SPEEDLOTTO_500_STORE_01681,74163861,ANY로또,,미상,,,,speedlotto_500,30,first,1,200000000,2026-04-26T12:18:25.818538,2026-04-26T12:18:25.818538,1
SPEEDLOTTO_500_STORE_01682,71163684,스포츠베팅샵,,미상,,,,speedlotto_500,30,first,1,200000000,2026-04-26T12:18:25.818538,2026-04-26T12:18:25.818538,1
SPEEDLOTTO_500_STORE_01683,74260737,복권뱅크,,미상,,,,speedlotto_500,30,first,1,200000000,2026-04-26T12:18:25.818538,2026-04-26T12:18:25.818538,1
SPEEDLOTTO_500_STORE_01684,74860113,창원25시슈퍼(24시로또복권),,미상,,,,speedlotto_500,30,first,1,200000000,2026-04-26T12:18:25.818538,2026-04-26T12:18:25.818538,1
SPEEDLOTTO_500_STORE_01685,71160248,복마니복권방,,미상,,,,speedlotto_500,30,first,1,200000000,2026-04-26T12:18:25.818538,2026-04-26T12:18:25.818538,1
SPEEDLOTTO_500_STORE_01686,74860442,운동장마트,,미상,,,,speedlotto_500,30,first,1,200000000,2026-04-26T12:18:25.818538,2026-04-26T12:18:25.818538,1
SPEEDLOTTO_500_STORE_01687,71160111,복권나라,,미상,,,,speedlotto_500,30,first,1,200000000,2026-04-26T12:18:25.818538,2026-04-26T12:18:25.818538,1
SPEEDLOTTO_500_STORE_01688,74660663,CU목포비파점,,미상,,,,speedlotto_500,30,first,1,200000000,2026-04-26T12:18:25.818538,2026-04-26T12:18:25.818538,1
SPEEDLOTTO_500_STORE_01689,73060444,씨스페이스유성신우점,,미상,,,,speedlotto_500,30,first,1,200000000,2026-04-26T12:18:25.818538,2026-04-26T12:18:25.818538,1
SPEEDLOTTO_500_STORE_01690,74162956,세븐일레븐 안산고잔금강점,,미상,,,,speedlotto_500,30,first,1,200000000,2026-04-26T12:18:25.818538,2026-04-26T12:18:25.818538,1
SPEEDLOTTO_500_STORE_01691,74960026,하나슈퍼,,미상,,,,speedlotto_500,30,first,1,200000000,2026-04-26T12:18:25.818538,2026-04-26T12:18:25.818538,1
SPEEDLOTTO_500_STORE_01692,71161818,CU,,미상,,,,speedlotto_500,30,first,1,200000000,2026-04-26T12:18:25.818538,2026-04-26T12:18:25.818538,1
SPEEDLOTTO_500_STORE_01693,74163317,명진슈퍼,,미상,,,,speedlotto_500,30,first,1,200000000,2026-04-26T12:18:25.818538,2026-04-26T12:18:25.818538,1
SPEEDLOTTO_500_STORE_01694,71164520,양천24,,미상,,,,speedlotto_500,30,first,1,200000000,2026-04-26T12:18:25.818538,2026-04-26T12:18:25.818538,1
SPEEDLOTTO_500_STORE_01695,74163911,복권방,,미상,,,,speedlotto_500,30,first,1,200000000,2026-04-26T12:18:25.818538,2026-04-26T12:18:25.818538,1
SPEEDLOTTO_500_STORE_01696,71160627,세븐일레븐,,미상,,,,speedlotto_500,30,first,1,200000000,2026-04-26T12:18:25.818538,2026-04-26T12:18:25.818538,1
SPEEDLOTTO_500_STORE_01697,74260514,편의점,,미상,,,,speedlotto_500,30,first,1,200000000,2026-04-26T12:18:25.818538,2026-04-26T12:18:25.818538,1
SPEEDLOTTO_500_STORE_01698,74860121,복권방,,미상,,,,speedlotto_500,30,first,1,200000000,2026-04-26T12:18:25.818538,2026-04-26T12:18:25.818538,1
SPEEDLOTTO_500_STORE_01699,72660480,복권천국 복권방,,미상,,,,speedlotto_500,30,first,1,200000000,2026-04-26T12:18:25.818538,2026-04-26T12:18:25.818538,1
SPEEDLOTTO_500_STORE_01700,74460132,편의점,,미상,,,,speedlotto_500,30,first,1,200000000,2026-04-26T12:18:25.818538,2026-04-26T12:18:25.818538,1
SPEEDLOTTO_500_STORE_01701,71162726,가판대,,미상,,,,speedlotto_500,30,first,1,200000000,2026-04-26T12:18:25.818538,2026-04-26T12:18:25.818538,1
SPEEDLOTTO_500_STORE_01702,71162617,편의점,,미상,,,,speedlotto_500,30,first,1,200000000,2026-04-26T12:18:25.818538,2026-04-26T12:18:25.818538,1
SPEEDLOTTO_500_STORE_01703,71161756,복권방,,미상,,,,speedlotto_500,30,first,1,200000000,2026-04-26T12:18:25.818538,2026-04-26T12:18:25.818538,1
SPEEDLOTTO_500_STORE_01704,73160068,우리들 편의점 서부점,,미상,,,,speedlotto_500,30,first,1,200000000,2026-04-26T12:18:25.818538,2026-04-26T12:18:25.818538,1
SPEEDLOTTO_500_STORE_01705,74860224,슈퍼마켓,,미상,,,,speedlotto_500,30,first,1,200000000,2026-04-26T12:18:25.818538,2026-04-26T12:18:25.818538,1
SPEEDLOTTO_500_STORE_01706,74162739,복권방,,미상,,,,speedlotto_500,30,first,1,200000000,2026-04-26T12:18:25.818538,2026-04-26T12:18:25.818538,1
SPEEDLOTTO_500_STORE_01707,74162534,편의점,,미상,,,,speedlotto_500,30,first,1,200000000,2026-04-26T12:18:25.818538,2026-04-26T12:18:25.818538,1
SPEEDLOTTO_500_STORE_01708,74260488,제일복권,,미상,,,,speedlotto_500,30,first,1,200000000,2026-04-26T12:18:25.818538,2026-04-26T12:18:25.818538,1
SPEEDLOTTO_500_STORE_01709,74260444,복권방,,미상,,,,speedlotto_500,30,first,1,200000000,2026-04-26T12:18:25.818538,2026-04-26T12:18:25.818538,1
SPEEDLOTTO_500_STORE_01710,72863021,수퍼마켓,,미상,,,,speedlotto_500,30,first,1,200000000,2026-04-26T12:18:25.818538,2026-04-26T12:18:25.818538,1
SPEEDLOTTO_500_STORE_01711,74160427,만물복권방,,미상,,,,speedlotto_500,30,first,1,200000000,2026-04-26T12:18:25.818538,2026-04-26T12:18:25.818538,1
SPEEDLOTTO_500_STORE_01712,74861125,편의점,,미상,,,,speedlotto_500,30,first,1,200000000,2026-04-26T12:18:25.818538,2026-04-26T12:18:25.818538,1
SPEEDLOTTO_500_STORE_01713,71160697,가판,,미상,,,,speedlotto_500,30,first,1,200000000,2026-04-26T12:18:25.818538,2026-04-26T12:18:25.818538,1
SPEEDLOTTO_500_STORE_01714,74861027,수퍼마켓,,미상,,,,speedlotto_500,30,first,1,200000000,2026-04-26T12:18:25.818538,2026-04-26T12:18:25.818538,1
SPEEDLOTTO_500_STORE_01715,74460594,수퍼마켓,,미상,,,,speedlotto_500,30,first,1,200000000,2026-04-26T12:18:25.818538,2026-04-26T12:18:25.818538,1
SPEEDLOTTO_500_STORE_01716,74560222,편의점,,미상,,,,speedlotto_500,30,first,1,200000000,2026-04-26T12:18:25.818538,2026-04-26T12:18:25.818538,1
SPEEDLOTTO_500_STORE_01717,74860491,편의점,,미상,,,,speedlotto_500,30,first,1,200000000,2026-04-26T12:18:25.818538,2026-04-26T12:18:25.818538,1
SPEEDLOTTO_500_STORE_01718,74164096,복권방,,미상,,,,speedlotto_500,30,first,1,200000000,2026-04-26T12:18:25.818538,2026-04-26T12:18:25.818538,1
SPEEDLOTTO_500_STORE_01719,73060537,원마트 편의점,,미상,,,,speedlotto_500,30,first,1,200000000,2026-04-26T12:18:25.818538,2026-04-26T12:18:25.818538,1
SPEEDLOTTO_500_STORE_01720,74660195,복권방,,미상,,,,speedlotto_500,30,first,1,200000000,2026-04-26T12:18:25.818538,2026-04-26T12:18:25.818538,1
SPEEDLOTTO_500_STORE_01721,74860751,미니스톱,,미상,,,,speedlotto_500,30,first,1,200000000,2026-04-26T12:18:25.818538,2026-04-26T12:18:25.818538,1
SPEEDLOTTO_500_STORE_01722,72660051,편의점,,미상,,,,speedlotto_500,30,first,1,200000000,2026-04-26T12:18:25.818538,2026-04-26T12:18:25.818538,1
SPEEDLOTTO_500_STORE_01723,71163551,슈퍼,,미상,,,,speedlotto_500,30,first,1,200000000,2026-04-26T12:18:25.818538,2026-04-26T12:18:25.818538,1
SPEEDLOTTO_500_STORE_01724,71161183,가판,,미상,,,,speedlotto_500,30,first,1,200000000,2026-04-26T12:18:25.818538,2026-04-26T12:18:25.818538,1
SPEEDLOTTO_500_STORE_01725,71164341,복권방,,미상,,,,speedlotto_500,30,first,1,200000000,2026-04-26T12:18:25.818538,2026-04-26T12:18:25.818538,1
SPEEDLOTTO_500_STORE_01726,73160111,우리들 편의점 서부점,,미상,,,,speedlotto_500,30,first,1,200000000,2026-04-26T12:18:25.818538,2026-04-26T12:18:25.818538,1
SPEEDLOTTO_500_STORE_01727,72960822,편의점,,미상,,,,speedlotto_500,30,first,1,200000000,2026-04-26T12:18:25.818538,2026-04-26T12:18:25.818538,1
SPEEDLOTTO_500_STORE_01728,74162947,편의점,,미상,,,,speedlotto_500,30,first,1,200000000,2026-04-26T12:18:25.818538,2026-04-26T12:18:25.818538,1
SPEEDLOTTO_500_STORE_01729,72660156,복권방,,미상,,,,speedlotto_500,30,first,1,200000000,2026-04-26T12:18:25.818538,2026-04-26T12:18:25.818538,1
SPEEDLOTTO_500_STORE_01730,74160347,토토마트 (구 편의점사랑),,미상,,,,speedlotto_500,29,first,1,200000000,2026-04-26T12:18:27.665192,2026-04-26T12:18:27.665192,1
SPEEDLOTTO_500_STORE_01731,74760625,CSPACE구미옥계점,,미상,,,,speedlotto_500,29,first,1,200000000,2026-04-26T12:18:27.665192,2026-04-26T12:18:27.665192,1
SPEEDLOTTO_500_STORE_01732,74163706,다우토토샵,,미상,,,,speedlotto_500,29,first,1,200000000,2026-04-26T12:18:27.665192,2026-04-26T12:18:27.665192,1
SPEEDLOTTO_500_STORE_01733,74261788,일등당첨,,미상,,,,speedlotto_500,29,first,1,200000000,2026-04-26T12:18:27.665192,2026-04-26T12:18:27.665192,1
SPEEDLOTTO_500_STORE_01734,72662656,황금복권방,,미상,,,,speedlotto_500,29,first,1,200000000,2026-04-26T12:18:27.665192,2026-04-26T12:18:27.665192,1
SPEEDLOTTO_500_STORE_01735,74660464,드림복권(2호광장),,미상,,,,speedlotto_500,29,first,1,200000000,2026-04-26T12:18:27.665192,2026-04-26T12:18:27.665192,1
SPEEDLOTTO_500_STORE_01736,73160721,또로또,,미상,,,,speedlotto_500,29,first,1,200000000,2026-04-26T12:18:27.665192,2026-04-26T12:18:27.665192,1
SPEEDLOTTO_500_STORE_01737,74166759,GS25이동센터점,,미상,,,,speedlotto_500,29,first,1,200000000,2026-04-26T12:18:27.665192,2026-04-26T12:18:27.665192,1
SPEEDLOTTO_500_STORE_01738,74162803,보물섬복권방,,미상,,,,speedlotto_500,29,first,1,200000000,2026-04-26T12:18:27.665192,2026-04-26T12:18:27.665192,1
SPEEDLOTTO_500_STORE_01739,71162035,천하명당복권방,,미상,,,,speedlotto_500,29,first,1,200000000,2026-04-26T12:18:27.665192,2026-04-26T12:18:27.665192,1
SPEEDLOTTO_500_STORE_01740,73061011,금화로또마트,,미상,,,,speedlotto_500,29,first,1,200000000,2026-04-26T12:18:27.665192,2026-04-26T12:18:27.665192,1
SPEEDLOTTO_500_STORE_01741,72960747,오천억복권방,,미상,,,,speedlotto_500,29,first,1,200000000,2026-04-26T12:18:27.665192,2026-04-26T12:18:27.665192,1
SPEEDLOTTO_500_STORE_01742,74163177,명당골복권방,,미상,,,,speedlotto_500,29,first,1,200000000,2026-04-26T12:18:27.665192,2026-04-26T12:18:27.665192,1
SPEEDLOTTO_500_STORE_01743,72661445,CU사상서부,,미상,,,,speedlotto_500,29,first,1,200000000,2026-04-26T12:18:27.665192,2026-04-26T12:18:27.665192,2
SPEEDLOTTO_500_STORE_01744,74661194,스타복권,,미상,,,,speedlotto_500,29,first,1,200000000,2026-04-26T12:18:27.665192,2026-04-26T12:18:27.665192,1
SPEEDLOTTO_500_STORE_01745,74761757,SE왜관희망점,,미상,,,,speedlotto_500,29,first,1,200000000,2026-04-26T12:18:27.665192,2026-04-26T12:18:27.665192,1
SPEEDLOTTO_500_STORE_01746,74661178,제철로또대리점,,미상,,,,speedlotto_500,29,first,1,200000000,2026-04-26T12:18:27.665192,2026-04-26T12:18:27.665192,1
SPEEDLOTTO_500_STORE_01747,74161285,차부상회,,미상,,,,speedlotto_500,29,first,1,200000000,2026-04-26T12:18:27.665192,2026-04-26T12:18:27.665192,1
SPEEDLOTTO_500_STORE_01748,74360035,복덩어리,,미상,,,,speedlotto_500,29,first,1,200000000,2026-04-26T12:18:27.665192,2026-04-26T12:18:27.665192,1
SPEEDLOTTO_500_STORE_01749,72960008,도울복권,,미상,,,,speedlotto_500,29,first,1,200000000,2026-04-26T12:18:27.665192,2026-04-26T12:18:27.665192,1
SPEEDLOTTO_500_STORE_01750,72860361,프리마트,,미상,,,,speedlotto_500,29,first,1,200000000,2026-04-26T12:18:27.665192,2026-04-26T12:18:27.665192,1
SPEEDLOTTO_500_STORE_01751,73160635,삼우슈퍼,,미상,,,,speedlotto_500,29,first,1,200000000,2026-04-26T12:18:27.665192,2026-04-26T12:18:27.665192,1
SPEEDLOTTO_500_STORE_01752,72860822,복권왕국,,미상,,,,speedlotto_500,29,first,1,200000000,2026-04-26T12:18:27.665192,2026-04-26T12:18:27.665192,1
SPEEDLOTTO_500_STORE_01753,73160368,이마트24삼산본동,,미상,,,,speedlotto_500,29,first,1,200000000,2026-04-26T12:18:27.665192,2026-04-26T12:18:27.665192,1
SPEEDLOTTO_500_STORE_01754,74160255,CU 포천가산점,,미상,,,,speedlotto_500,29,first,1,200000000,2026-04-26T12:18:27.665192,2026-04-26T12:18:27.665192,1
SPEEDLOTTO_500_STORE_01755,72960924,진곡산단로또,,미상,,,,speedlotto_500,29,first,1,200000000,2026-04-26T12:18:27.665192,2026-04-26T12:18:27.665192,1
SPEEDLOTTO_500_STORE_01756,74760798,빙그레마트,,미상,,,,speedlotto_500,29,first,1,200000000,2026-04-26T12:18:27.665192,2026-04-26T12:18:27.665192,1
SPEEDLOTTO_500_STORE_01757,74360026,굿모닝복권방,,미상,,,,speedlotto_500,29,first,1,200000000,2026-04-26T12:18:27.665192,2026-04-26T12:18:27.665192,1
SPEEDLOTTO_500_STORE_01758,74760164,옹천왕대박슈퍼,,미상,,,,speedlotto_500,29,first,1,200000000,2026-04-26T12:18:27.665192,2026-04-26T12:18:27.665192,1
SPEEDLOTTO_500_STORE_01759,72861215,노다지복권방(학익),,미상,,,,speedlotto_500,29,first,1,200000000,2026-04-26T12:18:27.665192,2026-04-26T12:18:27.665192,1
SPEEDLOTTO_500_STORE_01760,71163495,CU 송파한화2호점,,미상,,,,speedlotto_500,29,first,1,200000000,2026-04-26T12:18:27.665192,2026-04-26T12:18:27.665192,1
SPEEDLOTTO_500_STORE_01761,74160110,GS 양주신산점,,미상,,,,speedlotto_500,29,first,1,200000000,2026-04-26T12:18:27.666192,2026-04-26T12:18:27.666192,1
SPEEDLOTTO_500_STORE_01762,74761012,로또훼미리마트왜관점,,미상,,,,speedlotto_500,29,first,1,200000000,2026-04-26T12:18:27.666192,2026-04-26T12:18:27.666192,1
SPEEDLOTTO_500_STORE_01763,99999990,미확인 판매점 ,,미상,,,,speedlotto_500,29,first,1,200000000,2026-04-26T12:18:27.666192,2026-04-26T12:18:27.666192,1
SPEEDLOTTO_500_STORE_01764,74460619,GS25봉명희망점,,미상,,,,speedlotto_500,29,first,1,200000000,2026-04-26T12:18:27.666192,2026-04-26T12:18:27.666192,1
SPEEDLOTTO_500_STORE_01765,72960633,채널Q24시로또주월점,,미상,,,,speedlotto_500,29,first,1,200000000,2026-04-26T12:18:27.666192,2026-04-26T12:18:27.666192,1
SPEEDLOTTO_500_STORE_01766,74162879,CU 안산이동제일점,,미상,,,,speedlotto_500,29,first,1,200000000,2026-04-26T12:18:27.666192,2026-04-26T12:18:27.666192,1
SPEEDLOTTO_500_STORE_01767,74861498,채널큐,,미상,,,,speedlotto_500,29,first,1,400000000,2026-04-26T12:18:27.666192,2026-04-26T12:18:27.666192,1
SPEEDLOTTO_500_STORE_01768,74860026,미니스톱 평산점,,미상,,,,speedlotto_500,29,first,1,400000000,2026-04-26T12:18:27.666192,2026-04-26T12:18:27.666192,1
SPEEDLOTTO_500_STORE_01769,72760607,대백마트,,미상,,,,speedlotto_500,29,first,1,200000000,2026-04-26T12:18:27.666192,2026-04-26T12:18:27.666192,1
SPEEDLOTTO_500_STORE_01770,71161288,세븐일레븐,,미상,,,,speedlotto_500,29,first,1,200000000,2026-04-26T12:18:27.666192,2026-04-26T12:18:27.666192,1
SPEEDLOTTO_500_STORE_01771,74163134,CU 구운선경점,,미상,,,,speedlotto_500,29,first,1,200000000,2026-04-26T12:18:27.666192,2026-04-26T12:18:27.666192,1
SPEEDLOTTO_500_STORE_01772,74163861,ANY로또,,미상,,,,speedlotto_500,29,first,1,200000000,2026-04-26T12:18:27.666192,2026-04-26T12:18:27.666192,1
SPEEDLOTTO_500_STORE_01773,71163684,스포츠베팅샵,,미상,,,,speedlotto_500,29,first,1,200000000,2026-04-26T12:18:27.666192,2026-04-26T12:18:27.666192,1
SPEEDLOTTO_500_STORE_01774,74260737,복권뱅크,,미상,,,,speedlotto_500,29,first,1,200000000,2026-04-26T12:18:27.666192,2026-04-26T12:18:27.666192,1
SPEEDLOTTO_500_STORE_01775,74860113,창원25시슈퍼(24시로또복권),,미상,,,,speedlotto_500,29,first,1,200000000,2026-04-26T12:18:27.666192,2026-04-26T12:18:27.666192,1
SPEEDLOTTO_500_STORE_01776,71160248,복마니복권방,,미상,,,,speedlotto_500,29,first,1,200000000,2026-04-26T12:18:27.666192,2026-04-26T12:18:27.666192,1
SPEEDLOTTO_500_STORE_01777,74860442,운동장마트,,미상,,,,speedlotto_500,29,first,1,200000000,2026-04-26T12:18:27.666192,2026-04-26T12:18:27.666192,1
SPEEDLOTTO_500_STORE_01778,71160111,복권나라,,미상,,,,speedlotto_500,29,first,1,200000000,2026-04-26T12:18:27.666192,2026-04-26T12:18:27.666192,1
SPEEDLOTTO_500_STORE_01779,74660663,CU목포비파점,,미상,,,,speedlotto_500,29,first,1,200000000,2026-04-26T12:18:27.666192,2026-04-26T12:18:27.666192,1
SPEEDLOTTO_500_STORE_01780,73060444,씨스페이스유성신우점,,미상,,,,speedlotto_500,29,first,1,200000000,2026-04-26T12:18:27.666192,2026-04-26T12:18:27.666192,1
SPEEDLOTTO_500_STORE_01781,74162956,세븐일레븐 안산고잔금강점,,미상,,,,speedlotto_500,29,first,1,200000000,2026-04-26T12:18:27.666192,2026-04-26T12:18:27.666192,1
SPEEDLOTTO_500_STORE_01782,74960026,하나슈퍼,,미상,,,,speedlotto_500,29,first,1,200000000,2026-04-26T12:18:27.666192,2026-04-26T12:18:27.666192,1
SPEEDLOTTO_500_STORE_01783,71161818,CU,,미상,,,,speedlotto_500,29,first,1,200000000,2026-04-26T12:18:27.666192,2026-04-26T12:18:27.666192,1
SPEEDLOTTO_500_STORE_01784,74163317,명진슈퍼,,미상,,,,speedlotto_500,29,first,1,200000000,2026-04-26T12:18:27.666192,2026-04-26T12:18:27.666192,1
SPEEDLOTTO_500_STORE_01785,71164520,양천24,,미상,,,,speedlotto_500,29,first,1,200000000,2026-04-26T12:18:27.666192,2026-04-26T12:18:27.666192,1
SPEEDLOTTO_500_STORE_01786,74163911,복권방,,미상,,,,speedlotto_500,29,first,1,200000000,2026-04-26T12:18:27.666192,2026-04-26T12:18:27.666192,1
SPEEDLOTTO_500_STORE_01787,71160627,세븐일레븐,,미상,,,,speedlotto_500,29,first,1,200000000,2026-04-26T12:18:27.666192,2026-04-26T12:18:27.666192,1
SPEEDLOTTO_500_STORE_01788,74260514,편의점,,미상,,,,speedlotto_500,29,first,1,200000000,2026-04-26T12:18:27.666192,2026-04-26T12:18:27.666192,1
SPEEDLOTTO_500_STORE_01789,74860121,복권방,,미상,,,,speedlotto_500,29,first,1,200000000,2026-04-26T12:18:27.666192,2026-04-26T12:18:27.666192,1
SPEEDLOTTO_500_STORE_01790,72660480,복권천국 복권방,,미상,,,,speedlotto_500,29,first,1,200000000,2026-04-26T12:18:27.666192,2026-04-26T12:18:27.666192,1
SPEEDLOTTO_500_STORE_01791,74460132,편의점,,미상,,,,speedlotto_500,29,first,1,200000000,2026-04-26T12:18:27.666192,2026-04-26T12:18:27.666192,1
SPEEDLOTTO_500_STORE_01792,71162726,가판대,,미상,,,,speedlotto_500,29,first,1,200000000,2026-04-26T12:18:27.666192,2026-04-26T12:18:27.666192,1
SPEEDLOTTO_500_STORE_01793,71162617,편의점,,미상,,,,speedlotto_500,29,first,1,200000000,2026-04-26T12:18:27.666192,2026-04-26T12:18:27.666192,1
SPEEDLOTTO_500_STORE_01794,71161756,복권방,,미상,,,,speedlotto_500,29,first,1,200000000,2026-04-26T12:18:27.666192,2026-04-26T12:18:27.666192,1
SPEEDLOTTO_500_STORE_01795,73160068,우리들 편의점 서부점,,미상,,,,speedlotto_500,29,first,1,200000000,2026-04-26T12:18:27.666192,2026-04-26T12:18:27.666192,1
SPEEDLOTTO_500_STORE_01796,74860224,슈퍼마켓,,미상,,,,speedlotto_500,29,first,1,200000000,2026-04-26T12:18:27.666192,2026-04-26T12:18:27.666192,1
SPEEDLOTTO_500_STORE_01797,74162739,복권방,,미상,,,,speedlotto_500,29,first,1,200000000,2026-04-26T12:18:27.666192,2026-04-26T12:18:27.666192,1
SPEEDLOTTO_500_STORE_01798,74162534,편의점,,미상,,,,speedlotto_500,29,first,1,200000000,2026-04-26T12:18:27.666192,2026-04-26T12:18:27.666192,1
SPEEDLOTTO_500_STORE_01799,74260488,제일복권,,미상,,,,speedlotto_500,29,first,1,200000000,2026-04-26T12:18:27.666192,2026-04-26T12:18:27.666192,1
SPEEDLOTTO_500_STORE_01800,74260444,복권방,,미상,,,,speedlotto_500,29,first,1,200000000,2026-04-26T12:18:27.666192,2026-04-26T12:18:27.666192,1
SPEEDLOTTO_500_STORE_01801,72863021,수퍼마켓,,미상,,,,speedlotto_500,29,first,1,200000000,2026-04-26T12:18:27.666192,2026-04-26T12:18:27.666192,1
SPEEDLOTTO_500_STORE_01802,74160427,만물복권방,,미상,,,,speedlotto_500,29,first,1,200000000,2026-04-26T12:18:27.666192,2026-04-26T12:18:27.666192,1
SPEEDLOTTO_500_STORE_01803,74861125,편의점,,미상,,,,speedlotto_500,29,first,1,200000000,2026-04-26T12:18:27.666192,2026-04-26T12:18:27.666192,1
SPEEDLOTTO_500_STORE_01804,71160697,가판,,미상,,,,speedlotto_500,29,first,1,200000000,2026-04-26T12:18:27.666192,2026-04-26T12:18:27.666192,1
SPEEDLOTTO_500_STORE_01805,74861027,수퍼마켓,,미상,,,,speedlotto_500,29,first,1,200000000,2026-04-26T12:18:27.666192,2026-04-26T12:18:27.666192,1
SPEEDLOTTO_500_STORE_01806,74460594,수퍼마켓,,미상,,,,speedlotto_500,29,first,1,200000000,2026-04-26T12:18:27.666192,2026-04-26T12:18:27.666192,1
SPEEDLOTTO_500_STORE_01807,74560222,편의점,,미상,,,,speedlotto_500,29,first,1,200000000,2026-04-26T12:18:27.666192,2026-04-26T12:18:27.666192,1
SPEEDLOTTO_500_STORE_01808,74860491,편의점,,미상,,,,speedlotto_500,29,first,1,200000000,2026-04-26T12:18:27.666192,2026-04-26T12:18:27.666192,1
SPEEDLOTTO_500_STORE_01809,74164096,복권방,,미상,,,,speedlotto_500,29,first,1,200000000,2026-04-26T12:18:27.666192,2026-04-26T12:18:27.666192,1
SPEEDLOTTO_500_STORE_01810,73060537,원마트 편의점,,미상,,,,speedlotto_500,29,first,1,200000000,2026-04-26T12:18:27.666192,2026-04-26T12:18:27.666192,1
SPEEDLOTTO_500_STORE_01811,74660195,복권방,,미상,,,,speedlotto_500,29,first,1,200000000,2026-04-26T12:18:27.666192,2026-04-26T12:18:27.666192,1
SPEEDLOTTO_500_STORE_01812,74860751,미니스톱,,미상,,,,speedlotto_500,29,first,1,200000000,2026-04-26T12:18:27.666192,2026-04-26T12:18:27.666192,1
SPEEDLOTTO_500_STORE_01813,72660051,편의점,,미상,,,,speedlotto_500,29,first,1,200000000,2026-04-26T12:18:27.666192,2026-04-26T12:18:27.666192,1
SPEEDLOTTO_500_STORE_01814,71163551,슈퍼,,미상,,,,speedlotto_500,29,first,1,200000000,2026-04-26T12:18:27.666192,2026-04-26T12:18:27.666192,1
SPEEDLOTTO_500_STORE_01815,71161183,가판,,미상,,,,speedlotto_500,29,first,1,200000000,2026-04-26T12:18:27.666192,2026-04-26T12:18:27.666192,1
SPEEDLOTTO_500_STORE_01816,71164341,복권방,,미상,,,,speedlotto_500,29,first,1,200000000,2026-04-26T12:18:27.666192,2026-04-26T12:18:27.666192,1
SPEEDLOTTO_500_STORE_01817,73160111,우리들 편의점 서부점,,미상,,,,speedlotto_500,29,first,1,200000000,2026-04-26T12:18:27.666192,2026-04-26T12:18:27.666192,1
SPEEDLOTTO_500_STORE_01818,72960822,편의점,,미상,,,,speedlotto_500,29,first,1,200000000,2026-04-26T12:18:27.666192,2026-04-26T12:18:27.666192,1
SPEEDLOTTO_500_STORE_01819,74162947,편의점,,미상,,,,speedlotto_500,29,first,1,200000000,2026-04-26T12:18:27.666192,2026-04-26T12:18:27.666192,1
SPEEDLOTTO_500_STORE_01820,72660156,복권방,,미상,,,,speedlotto_500,29,first,1,200000000,2026-04-26T12:18:27.666192,2026-04-26T12:18:27.666192,1
SPEEDLOTTO_500_STORE_01821,74160347,토토마트 (구 편의점사랑),,미상,,,,speedlotto_500,28,first,1,200000000,2026-04-26T12:18:29.523145,2026-04-26T12:18:29.523145,1
SPEEDLOTTO_500_STORE_01822,74760625,CSPACE구미옥계점,,미상,,,,speedlotto_500,28,first,1,200000000,2026-04-26T12:18:29.523145,2026-04-26T12:18:29.523145,1
SPEEDLOTTO_500_STORE_01823,74163706,다우토토샵,,미상,,,,speedlotto_500,28,first,1,200000000,2026-04-26T12:18:29.523145,2026-04-26T12:18:29.523145,1
SPEEDLOTTO_500_STORE_01824,74261788,일등당첨,,미상,,,,speedlotto_500,28,first,1,200000000,2026-04-26T12:18:29.523145,2026-04-26T12:18:29.523145,1
SPEEDLOTTO_500_STORE_01825,72662656,황금복권방,,미상,,,,speedlotto_500,28,first,1,200000000,2026-04-26T12:18:29.523145,2026-04-26T12:18:29.523145,1
SPEEDLOTTO_500_STORE_01826,74660464,드림복권(2호광장),,미상,,,,speedlotto_500,28,first,1,200000000,2026-04-26T12:18:29.523145,2026-04-26T12:18:29.523145,1
SPEEDLOTTO_500_STORE_01827,73160721,또로또,,미상,,,,speedlotto_500,28,first,1,200000000,2026-04-26T12:18:29.523145,2026-04-26T12:18:29.523145,1
SPEEDLOTTO_500_STORE_01828,74166759,GS25이동센터점,,미상,,,,speedlotto_500,28,first,1,200000000,2026-04-26T12:18:29.523145,2026-04-26T12:18:29.523145,1
SPEEDLOTTO_500_STORE_01829,74162803,보물섬복권방,,미상,,,,speedlotto_500,28,first,1,200000000,2026-04-26T12:18:29.523145,2026-04-26T12:18:29.523145,1
SPEEDLOTTO_500_STORE_01830,71162035,천하명당복권방,,미상,,,,speedlotto_500,28,first,1,200000000,2026-04-26T12:18:29.523145,2026-04-26T12:18:29.523145,1
SPEEDLOTTO_500_STORE_01831,73061011,금화로또마트,,미상,,,,speedlotto_500,28,first,1,200000000,2026-04-26T12:18:29.523145,2026-04-26T12:18:29.523145,1
SPEEDLOTTO_500_STORE_01832,72960747,오천억복권방,,미상,,,,speedlotto_500,28,first,1,200000000,2026-04-26T12:18:29.523145,2026-04-26T12:18:29.523145,1
SPEEDLOTTO_500_STORE_01833,74163177,명당골복권방,,미상,,,,speedlotto_500,28,first,1,200000000,2026-04-26T12:18:29.523145,2026-04-26T12:18:29.523145,1
SPEEDLOTTO_500_STORE_01834,72661445,CU사상서부,,미상,,,,speedlotto_500,28,first,1,200000000,2026-04-26T12:18:29.523145,2026-04-26T12:18:29.523145,2
SPEEDLOTTO_500_STORE_01835,74661194,스타복권,,미상,,,,speedlotto_500,28,first,1,200000000,2026-04-26T12:18:29.523145,2026-04-26T12:18:29.523145,1
SPEEDLOTTO_500_STORE_01836,74761757,SE왜관희망점,,미상,,,,speedlotto_500,28,first,1,200000000,2026-04-26T12:18:29.523145,2026-04-26T12:18:29.523145,1
SPEEDLOTTO_500_STORE_01837,74661178,제철로또대리점,,미상,,,,speedlotto_500,28,first,1,200000000,2026-04-26T12:18:29.523145,2026-04-26T12:18:29.523145,1
SPEEDLOTTO_500_STORE_01838,74161285,차부상회,,미상,,,,speedlotto_500,28,first,1,200000000,2026-04-26T12:18:29.523145,2026-04-26T12:18:29.523145,1
SPEEDLOTTO_500_STORE_01839,74360035,복덩어리,,미상,,,,speedlotto_500,28,first,1,200000000,2026-04-26T12:18:29.523145,2026-04-26T12:18:29.523145,1
SPEEDLOTTO_500_STORE_01840,72960008,도울복권,,미상,,,,speedlotto_500,28,first,1,200000000,2026-04-26T12:18:29.523145,2026-04-26T12:18:29.523145,1
SPEEDLOTTO_500_STORE_01841,72860361,프리마트,,미상,,,,speedlotto_500,28,first,1,200000000,2026-04-26T12:18:29.523145,2026-04-26T12:18:29.523145,1
SPEEDLOTTO_500_STORE_01842,73160635,삼우슈퍼,,미상,,,,speedlotto_500,28,first,1,200000000,2026-04-26T12:18:29.523145,2026-04-26T12:18:29.523145,1
SPEEDLOTTO_500_STORE_01843,72860822,복권왕국,,미상,,,,speedlotto_500,28,first,1,200000000,2026-04-26T12:18:29.523145,2026-04-26T12:18:29.523145,1
SPEEDLOTTO_500_STORE_01844,73160368,이마트24삼산본동,,미상,,,,speedlotto_500,28,first,1,200000000,2026-04-26T12:18:29.523145,2026-04-26T12:18:29.523145,1
SPEEDLOTTO_500_STORE_01845,74160255,CU 포천가산점,,미상,,,,speedlotto_500,28,first,1,200000000,2026-04-26T12:18:29.523145,2026-04-26T12:18:29.523145,1
SPEEDLOTTO_500_STORE_01846,72960924,진곡산단로또,,미상,,,,speedlotto_500,28,first,1,200000000,2026-04-26T12:18:29.523145,2026-04-26T12:18:29.523145,1
SPEEDLOTTO_500_STORE_01847,74760798,빙그레마트,,미상,,,,speedlotto_500,28,first,1,200000000,2026-04-26T12:18:29.523145,2026-04-26T12:18:29.523145,1
SPEEDLOTTO_500_STORE_01848,74360026,굿모닝복권방,,미상,,,,speedlotto_500,28,first,1,200000000,2026-04-26T12:18:29.523145,2026-04-26T12:18:29.523145,1
SPEEDLOTTO_500_STORE_01849,74760164,옹천왕대박슈퍼,,미상,,,,speedlotto_500,28,first,1,200000000,2026-04-26T12:18:29.523145,2026-04-26T12:18:29.523145,1
SPEEDLOTTO_500_STORE_01850,72861215,노다지복권방(학익),,미상,,,,speedlotto_500,28,first,1,200000000,2026-04-26T12:18:29.523145,2026-04-26T12:18:29.523145,1
SPEEDLOTTO_500_STORE_01851,71163495,CU 송파한화2호점,,미상,,,,speedlotto_500,28,first,1,200000000,2026-04-26T12:18:29.523145,2026-04-26T12:18:29.523145,1
SPEEDLOTTO_500_STORE_01852,74160110,GS 양주신산점,,미상,,,,speedlotto_500,28,first,1,200000000,2026-04-26T12:18:29.523145,2026-04-26T12:18:29.523145,1
SPEEDLOTTO_500_STORE_01853,74761012,로또훼미리마트왜관점,,미상,,,,speedlotto_500,28,first,1,200000000,2026-04-26T12:18:29.523145,2026-04-26T12:18:29.523145,1
SPEEDLOTTO_500_STORE_01854,99999990,미확인 판매점 ,,미상,,,,speedlotto_500,28,first,1,200000000,2026-04-26T12:18:29.523145,2026-04-26T12:18:29.523145,1
SPEEDLOTTO_500_STORE_01855,74460619,GS25봉명희망점,,미상,,,,speedlotto_500,28,first,1,200000000,2026-04-26T12:18:29.523145,2026-04-26T12:18:29.523145,1
SPEEDLOTTO_500_STORE_01856,72960633,채널Q24시로또주월점,,미상,,,,speedlotto_500,28,first,1,200000000,2026-04-26T12:18:29.523145,2026-04-26T12:18:29.523145,1
SPEEDLOTTO_500_STORE_01857,74162879,CU 안산이동제일점,,미상,,,,speedlotto_500,28,first,1,200000000,2026-04-26T12:18:29.523145,2026-04-26T12:18:29.523145,1
SPEEDLOTTO_500_STORE_01858,74861498,채널큐,,미상,,,,speedlotto_500,28,first,1,400000000,2026-04-26T12:18:29.523145,2026-04-26T12:18:29.523145,1
SPEEDLOTTO_500_STORE_01859,74860026,미니스톱 평산점,,미상,,,,speedlotto_500,28,first,1,400000000,2026-04-26T12:18:29.523145,2026-04-26T12:18:29.523145,1
SPEEDLOTTO_500_STORE_01860,72760607,대백마트,,미상,,,,speedlotto_500,28,first,1,200000000,2026-04-26T12:18:29.523145,2026-04-26T12:18:29.523145,1
SPEEDLOTTO_500_STORE_01861,71161288,세븐일레븐,,미상,,,,speedlotto_500,28,first,1,200000000,2026-04-26T12:18:29.523145,2026-04-26T12:18:29.523145,1
SPEEDLOTTO_500_STORE_01862,74163134,CU 구운선경점,,미상,,,,speedlotto_500,28,first,1,200000000,2026-04-26T12:18:29.523145,2026-04-26T12:18:29.523145,1
SPEEDLOTTO_500_STORE_01863,74163861,ANY로또,,미상,,,,speedlotto_500,28,first,1,200000000,2026-04-26T12:18:29.523145,2026-04-26T12:18:29.523145,1
SPEEDLOTTO_500_STORE_01864,71163684,스포츠베팅샵,,미상,,,,speedlotto_500,28,first,1,200000000,2026-04-26T12:18:29.523145,2026-04-26T12:18:29.523145,1
SPEEDLOTTO_500_STORE_01865,74260737,복권뱅크,,미상,,,,speedlotto_500,28,first,1,200000000,2026-04-26T12:18:29.523145,2026-04-26T12:18:29.523145,1
SPEEDLOTTO_500_STORE_01866,74860113,창원25시슈퍼(24시로또복권),,미상,,,,speedlotto_500,28,first,1,200000000,2026-04-26T12:18:29.523145,2026-04-26T12:18:29.523145,1
SPEEDLOTTO_500_STORE_01867,71160248,복마니복권방,,미상,,,,speedlotto_500,28,first,1,200000000,2026-04-26T12:18:29.523145,2026-04-26T12:18:29.523145,1
SPEEDLOTTO_500_STORE_01868,74860442,운동장마트,,미상,,,,speedlotto_500,28,first,1,200000000,2026-04-26T12:18:29.523145,2026-04-26T12:18:29.523145,1
SPEEDLOTTO_500_STORE_01869,71160111,복권나라,,미상,,,,speedlotto_500,28,first,1,200000000,2026-04-26T12:18:29.523145,2026-04-26T12:18:29.523145,1
SPEEDLOTTO_500_STORE_01870,74660663,CU목포비파점,,미상,,,,speedlotto_500,28,first,1,200000000,2026-04-26T12:18:29.523145,2026-04-26T12:18:29.523145,1
SPEEDLOTTO_500_STORE_01871,73060444,씨스페이스유성신우점,,미상,,,,speedlotto_500,28,first,1,200000000,2026-04-26T12:18:29.523145,2026-04-26T12:18:29.523145,1
SPEEDLOTTO_500_STORE_01872,74162956,세븐일레븐 안산고잔금강점,,미상,,,,speedlotto_500,28,first,1,200000000,2026-04-26T12:18:29.523145,2026-04-26T12:18:29.523145,1
SPEEDLOTTO_500_STORE_01873,74960026,하나슈퍼,,미상,,,,speedlotto_500,28,first,1,200000000,2026-04-26T12:18:29.523145,2026-04-26T12:18:29.523145,1
SPEEDLOTTO_500_STORE_01874,71161818,CU,,미상,,,,speedlotto_500,28,first,1,200000000,2026-04-26T12:18:29.523145,2026-04-26T12:18:29.523145,1
SPEEDLOTTO_500_STORE_01875,74163317,명진슈퍼,,미상,,,,speedlotto_500,28,first,1,200000000,2026-04-26T12:18:29.523145,2026-04-26T12:18:29.523145,1
SPEEDLOTTO_500_STORE_01876,71164520,양천24,,미상,,,,speedlotto_500,28,first,1,200000000,2026-04-26T12:18:29.523145,2026-04-26T12:18:29.523145,1
SPEEDLOTTO_500_STORE_01877,74163911,복권방,,미상,,,,speedlotto_500,28,first,1,200000000,2026-04-26T12:18:29.523145,2026-04-26T12:18:29.523145,1
SPEEDLOTTO_500_STORE_01878,71160627,세븐일레븐,,미상,,,,speedlotto_500,28,first,1,200000000,2026-04-26T12:18:29.523145,2026-04-26T12:18:29.523145,1
SPEEDLOTTO_500_STORE_01879,74260514,편의점,,미상,,,,speedlotto_500,28,first,1,200000000,2026-04-26T12:18:29.523145,2026-04-26T12:18:29.523145,1
SPEEDLOTTO_500_STORE_01880,74860121,복권방,,미상,,,,speedlotto_500,28,first,1,200000000,2026-04-26T12:18:29.523145,2026-04-26T12:18:29.523145,1
SPEEDLOTTO_500_STORE_01881,72660480,복권천국 복권방,,미상,,,,speedlotto_500,28,first,1,200000000,2026-04-26T12:18:29.523145,2026-04-26T12:18:29.523145,1
SPEEDLOTTO_500_STORE_01882,74460132,편의점,,미상,,,,speedlotto_500,28,first,1,200000000,2026-04-26T12:18:29.523145,2026-04-26T12:18:29.523145,1
SPEEDLOTTO_500_STORE_01883,71162726,가판대,,미상,,,,speedlotto_500,28,first,1,200000000,2026-04-26T12:18:29.523145,2026-04-26T12:18:29.523145,1
SPEEDLOTTO_500_STORE_01884,71162617,편의점,,미상,,,,speedlotto_500,28,first,1,200000000,2026-04-26T12:18:29.523145,2026-04-26T12:18:29.523145,1
SPEEDLOTTO_500_STORE_01885,71161756,복권방,,미상,,,,speedlotto_500,28,first,1,200000000,2026-04-26T12:18:29.523145,2026-04-26T12:18:29.523145,1
SPEEDLOTTO_500_STORE_01886,73160068,우리들 편의점 서부점,,미상,,,,speedlotto_500,28,first,1,200000000,2026-04-26T12:18:29.523145,2026-04-26T12:18:29.523145,1
SPEEDLOTTO_500_STORE_01887,74860224,슈퍼마켓,,미상,,,,speedlotto_500,28,first,1,200000000,2026-04-26T12:18:29.523145,2026-04-26T12:18:29.523145,1
SPEEDLOTTO_500_STORE_01888,74162739,복권방,,미상,,,,speedlotto_500,28,first,1,200000000,2026-04-26T12:18:29.523145,2026-04-26T12:18:29.523145,1
SPEEDLOTTO_500_STORE_01889,74162534,편의점,,미상,,,,speedlotto_500,28,first,1,200000000,2026-04-26T12:18:29.523145,2026-04-26T12:18:29.523145,1
SPEEDLOTTO_500_STORE_01890,74260488,제일복권,,미상,,,,speedlotto_500,28,first,1,200000000,2026-04-26T12:18:29.523145,2026-04-26T12:18:29.523145,1
SPEEDLOTTO_500_STORE_01891,74260444,복권방,,미상,,,,speedlotto_500,28,first,1,200000000,2026-04-26T12:18:29.523145,2026-04-26T12:18:29.523145,1
SPEEDLOTTO_500_STORE_01892,72863021,수퍼마켓,,미상,,,,speedlotto_500,28,first,1,200000000,2026-04-26T12:18:29.523145,2026-04-26T12:18:29.523145,1
SPEEDLOTTO_500_STORE_01893,74160427,만물복권방,,미상,,,,speedlotto_500,28,first,1,200000000,2026-04-26T12:18:29.523145,2026-04-26T12:18:29.523145,1
SPEEDLOTTO_500_STORE_01894,74861125,편의점,,미상,,,,speedlotto_500,28,first,1,200000000,2026-04-26T12:18:29.523145,2026-04-26T12:18:29.523145,1
SPEEDLOTTO_500_STORE_01895,71160697,가판,,미상,,,,speedlotto_500,28,first,1,200000000,2026-04-26T12:18:29.523145,2026-04-26T12:18:29.523145,1
SPEEDLOTTO_500_STORE_01896,74861027,수퍼마켓,,미상,,,,speedlotto_500,28,first,1,200000000,2026-04-26T12:18:29.523145,2026-04-26T12:18:29.523145,1
SPEEDLOTTO_500_STORE_01897,74460594,수퍼마켓,,미상,,,,speedlotto_500,28,first,1,200000000,2026-04-26T12:18:29.523145,2026-04-26T12:18:29.523145,1
SPEEDLOTTO_500_STORE_01898,74560222,편의점,,미상,,,,speedlotto_500,28,first,1,200000000,2026-04-26T12:18:29.523145,2026-04-26T12:18:29.523145,1
SPEEDLOTTO_500_STORE_01899,74860491,편의점,,미상,,,,speedlotto_500,28,first,1,200000000,2026-04-26T12:18:29.523145,2026-04-26T12:18:29.523145,1
SPEEDLOTTO_500_STORE_01900,74164096,복권방,,미상,,,,speedlotto_500,28,first,1,200000000,2026-04-26T12:18:29.523145,2026-04-26T12:18:29.523145,1
SPEEDLOTTO_500_STORE_01901,73060537,원마트 편의점,,미상,,,,speedlotto_500,28,first,1,200000000,2026-04-26T12:18:29.523145,2026-04-26T12:18:29.523145,1
SPEEDLOTTO_500_STORE_01902,74660195,복권방,,미상,,,,speedlotto_500,28,first,1,200000000,2026-04-26T12:18:29.523145,2026-04-26T12:18:29.523145,1
SPEEDLOTTO_500_STORE_01903,74860751,미니스톱,,미상,,,,speedlotto_500,28,first,1,200000000,2026-04-26T12:18:29.523145,2026-04-26T12:18:29.523145,1
SPEEDLOTTO_500_STORE_01904,72660051,편의점,,미상,,,,speedlotto_500,28,first,1,200000000,2026-04-26T12:18:29.523145,2026-04-26T12:18:29.523145,1
SPEEDLOTTO_500_STORE_01905,71163551,슈퍼,,미상,,,,speedlotto_500,28,first,1,200000000,2026-04-26T12:18:29.523145,2026-04-26T12:18:29.523145,1
SPEEDLOTTO_500_STORE_01906,71161183,가판,,미상,,,,speedlotto_500,28,first,1,200000000,2026-04-26T12:18:29.523145,2026-04-26T12:18:29.523145,1
SPEEDLOTTO_500_STORE_01907,71164341,복권방,,미상,,,,speedlotto_500,28,first,1,200000000,2026-04-26T12:18:29.523145,2026-04-26T12:18:29.523145,1
SPEEDLOTTO_500_STORE_01908,73160111,우리들 편의점 서부점,,미상,,,,speedlotto_500,28,first,1,200000000,2026-04-26T12:18:29.523145,2026-04-26T12:18:29.523145,1
SPEEDLOTTO_500_STORE_01909,72960822,편의점,,미상,,,,speedlotto_500,28,first,1,200000000,2026-04-26T12:18:29.523145,2026-04-26T12:18:29.523145,1
SPEEDLOTTO_500_STORE_01910,74162947,편의점,,미상,,,,speedlotto_500,28,first,1,200000000,2026-04-26T12:18:29.523145,2026-04-26T12:18:29.523145,1
SPEEDLOTTO_500_STORE_01911,72660156,복권방,,미상,,,,speedlotto_500,28,first,1,200000000,2026-04-26T12:18:29.523145,2026-04-26T12:18:29.523145,1
SPEEDLOTTO_500_STORE_01912,74160347,토토마트 (구 편의점사랑),,미상,,,,speedlotto_500,27,first,1,200000000,2026-04-26T12:18:31.378433,2026-04-26T12:18:31.378433,1
SPEEDLOTTO_500_STORE_01913,74760625,CSPACE구미옥계점,,미상,,,,speedlotto_500,27,first,1,200000000,2026-04-26T12:18:31.378433,2026-04-26T12:18:31.378433,1
SPEEDLOTTO_500_STORE_01914,74163706,다우토토샵,,미상,,,,speedlotto_500,27,first,1,200000000,2026-04-26T12:18:31.378433,2026-04-26T12:18:31.378433,1
SPEEDLOTTO_500_STORE_01915,74261788,일등당첨,,미상,,,,speedlotto_500,27,first,1,200000000,2026-04-26T12:18:31.378433,2026-04-26T12:18:31.378433,1
SPEEDLOTTO_500_STORE_01916,72662656,황금복권방,,미상,,,,speedlotto_500,27,first,1,200000000,2026-04-26T12:18:31.378433,2026-04-26T12:18:31.378433,1
SPEEDLOTTO_500_STORE_01917,74660464,드림복권(2호광장),,미상,,,,speedlotto_500,27,first,1,200000000,2026-04-26T12:18:31.378433,2026-04-26T12:18:31.378433,1
SPEEDLOTTO_500_STORE_01918,73160721,또로또,,미상,,,,speedlotto_500,27,first,1,200000000,2026-04-26T12:18:31.378433,2026-04-26T12:18:31.378433,1
SPEEDLOTTO_500_STORE_01919,74166759,GS25이동센터점,,미상,,,,speedlotto_500,27,first,1,200000000,2026-04-26T12:18:31.378433,2026-04-26T12:18:31.378433,1
SPEEDLOTTO_500_STORE_01920,74162803,보물섬복권방,,미상,,,,speedlotto_500,27,first,1,200000000,2026-04-26T12:18:31.378433,2026-04-26T12:18:31.378433,1
SPEEDLOTTO_500_STORE_01921,71162035,천하명당복권방,,미상,,,,speedlotto_500,27,first,1,200000000,2026-04-26T12:18:31.378433,2026-04-26T12:18:31.378433,1
SPEEDLOTTO_500_STORE_01922,73061011,금화로또마트,,미상,,,,speedlotto_500,27,first,1,200000000,2026-04-26T12:18:31.378433,2026-04-26T12:18:31.378433,1
SPEEDLOTTO_500_STORE_01923,72960747,오천억복권방,,미상,,,,speedlotto_500,27,first,1,200000000,2026-04-26T12:18:31.378433,2026-04-26T12:18:31.378433,1
SPEEDLOTTO_500_STORE_01924,74163177,명당골복권방,,미상,,,,speedlotto_500,27,first,1,200000000,2026-04-26T12:18:31.378433,2026-04-26T12:18:31.378433,1
SPEEDLOTTO_500_STORE_01925,72661445,CU사상서부,,미상,,,,speedlotto_500,27,first,1,200000000,2026-04-26T12:18:31.378433,2026-04-26T12:18:31.378433,2
SPEEDLOTTO_500_STORE_01926,74661194,스타복권,,미상,,,,speedlotto_500,27,first,1,200000000,2026-04-26T12:18:31.378433,2026-04-26T12:18:31.378433,1
SPEEDLOTTO_500_STORE_01927,74761757,SE왜관희망점,,미상,,,,speedlotto_500,27,first,1,200000000,2026-04-26T12:18:31.378433,2026-04-26T12:18:31.378433,1
SPEEDLOTTO_500_STORE_01928,74661178,제철로또대리점,,미상,,,,speedlotto_500,27,first,1,200000000,2026-04-26T12:18:31.378433,2026-04-26T12:18:31.378433,1
SPEEDLOTTO_500_STORE_01929,74161285,차부상회,,미상,,,,speedlotto_500,27,first,1,200000000,2026-04-26T12:18:31.378433,2026-04-26T12:18:31.378433,1
SPEEDLOTTO_500_STORE_01930,74360035,복덩어리,,미상,,,,speedlotto_500,27,first,1,200000000,2026-04-26T12:18:31.378433,2026-04-26T12:18:31.378433,1
SPEEDLOTTO_500_STORE_01931,72960008,도울복권,,미상,,,,speedlotto_500,27,first,1,200000000,2026-04-26T12:18:31.378433,2026-04-26T12:18:31.378433,1
SPEEDLOTTO_500_STORE_01932,72860361,프리마트,,미상,,,,speedlotto_500,27,first,1,200000000,2026-04-26T12:18:31.378433,2026-04-26T12:18:31.378433,1
SPEEDLOTTO_500_STORE_01933,73160635,삼우슈퍼,,미상,,,,speedlotto_500,27,first,1,200000000,2026-04-26T12:18:31.378433,2026-04-26T12:18:31.378433,1
SPEEDLOTTO_500_STORE_01934,72860822,복권왕국,,미상,,,,speedlotto_500,27,first,1,200000000,2026-04-26T12:18:31.378433,2026-04-26T12:18:31.378433,1
SPEEDLOTTO_500_STORE_01935,73160368,이마트24삼산본동,,미상,,,,speedlotto_500,27,first,1,200000000,2026-04-26T12:18:31.378433,2026-04-26T12:18:31.378433,1
SPEEDLOTTO_500_STORE_01936,74160255,CU 포천가산점,,미상,,,,speedlotto_500,27,first,1,200000000,2026-04-26T12:18:31.378433,2026-04-26T12:18:31.378433,1
SPEEDLOTTO_500_STORE_01937,72960924,진곡산단로또,,미상,,,,speedlotto_500,27,first,1,200000000,2026-04-26T12:18:31.378433,2026-04-26T12:18:31.378433,1
SPEEDLOTTO_500_STORE_01938,74760798,빙그레마트,,미상,,,,speedlotto_500,27,first,1,200000000,2026-04-26T12:18:31.378433,2026-04-26T12:18:31.378433,1
SPEEDLOTTO_500_STORE_01939,74360026,굿모닝복권방,,미상,,,,speedlotto_500,27,first,1,200000000,2026-04-26T12:18:31.378433,2026-04-26T12:18:31.378433,1
SPEEDLOTTO_500_STORE_01940,74760164,옹천왕대박슈퍼,,미상,,,,speedlotto_500,27,first,1,200000000,2026-04-26T12:18:31.378433,2026-04-26T12:18:31.378433,1
SPEEDLOTTO_500_STORE_01941,72861215,노다지복권방(학익),,미상,,,,speedlotto_500,27,first,1,200000000,2026-04-26T12:18:31.378433,2026-04-26T12:18:31.378433,1
SPEEDLOTTO_500_STORE_01942,71163495,CU 송파한화2호점,,미상,,,,speedlotto_500,27,first,1,200000000,2026-04-26T12:18:31.378433,2026-04-26T12:18:31.378433,1
SPEEDLOTTO_500_STORE_01943,74160110,GS 양주신산점,,미상,,,,speedlotto_500,27,first,1,200000000,2026-04-26T12:18:31.378433,2026-04-26T12:18:31.378433,1
SPEEDLOTTO_500_STORE_01944,74761012,로또훼미리마트왜관점,,미상,,,,speedlotto_500,27,first,1,200000000,2026-04-26T12:18:31.378433,2026-04-26T12:18:31.378433,1
SPEEDLOTTO_500_STORE_01945,99999990,미확인 판매점 ,,미상,,,,speedlotto_500,27,first,1,200000000,2026-04-26T12:18:31.378433,2026-04-26T12:18:31.378433,1
SPEEDLOTTO_500_STORE_01946,74460619,GS25봉명희망점,,미상,,,,speedlotto_500,27,first,1,200000000,2026-04-26T12:18:31.378433,2026-04-26T12:18:31.378433,1
SPEEDLOTTO_500_STORE_01947,72960633,채널Q24시로또주월점,,미상,,,,speedlotto_500,27,first,1,200000000,2026-04-26T12:18:31.378433,2026-04-26T12:18:31.378433,1
SPEEDLOTTO_500_STORE_01948,74162879,CU 안산이동제일점,,미상,,,,speedlotto_500,27,first,1,200000000,2026-04-26T12:18:31.378433,2026-04-26T12:18:31.378433,1
SPEEDLOTTO_500_STORE_01949,74861498,채널큐,,미상,,,,speedlotto_500,27,first,1,400000000,2026-04-26T12:18:31.378433,2026-04-26T12:18:31.378433,1
SPEEDLOTTO_500_STORE_01950,74860026,미니스톱 평산점,,미상,,,,speedlotto_500,27,first,1,400000000,2026-04-26T12:18:31.378433,2026-04-26T12:18:31.378433,1
SPEEDLOTTO_500_STORE_01951,72760607,대백마트,,미상,,,,speedlotto_500,27,first,1,200000000,2026-04-26T12:18:31.379432,2026-04-26T12:18:31.379432,1
SPEEDLOTTO_500_STORE_01952,71161288,세븐일레븐,,미상,,,,speedlotto_500,27,first,1,200000000,2026-04-26T12:18:31.379432,2026-04-26T12:18:31.379432,1
SPEEDLOTTO_500_STORE_01953,74163134,CU 구운선경점,,미상,,,,speedlotto_500,27,first,1,200000000,2026-04-26T12:18:31.379432,2026-04-26T12:18:31.379432,1
SPEEDLOTTO_500_STORE_01954,74163861,ANY로또,,미상,,,,speedlotto_500,27,first,1,200000000,2026-04-26T12:18:31.379432,2026-04-26T12:18:31.379432,1
SPEEDLOTTO_500_STORE_01955,71163684,스포츠베팅샵,,미상,,,,speedlotto_500,27,first,1,200000000,2026-04-26T12:18:31.379432,2026-04-26T12:18:31.379432,1
SPEEDLOTTO_500_STORE_01956,74260737,복권뱅크,,미상,,,,speedlotto_500,27,first,1,200000000,2026-04-26T12:18:31.379432,2026-04-26T12:18:31.379432,1
SPEEDLOTTO_500_STORE_01957,74860113,창원25시슈퍼(24시로또복권),,미상,,,,speedlotto_500,27,first,1,200000000,2026-04-26T12:18:31.379432,2026-04-26T12:18:31.379432,1
SPEEDLOTTO_500_STORE_01958,71160248,복마니복권방,,미상,,,,speedlotto_500,27,first,1,200000000,2026-04-26T12:18:31.379432,2026-04-26T12:18:31.379432,1
SPEEDLOTTO_500_STORE_01959,74860442,운동장마트,,미상,,,,speedlotto_500,27,first,1,200000000,2026-04-26T12:18:31.379432,2026-04-26T12:18:31.379432,1
SPEEDLOTTO_500_STORE_01960,71160111,복권나라,,미상,,,,speedlotto_500,27,first,1,200000000,2026-04-26T12:18:31.379432,2026-04-26T12:18:31.379432,1
SPEEDLOTTO_500_STORE_01961,74660663,CU목포비파점,,미상,,,,speedlotto_500,27,first,1,200000000,2026-04-26T12:18:31.379432,2026-04-26T12:18:31.379432,1
SPEEDLOTTO_500_STORE_01962,73060444,씨스페이스유성신우점,,미상,,,,speedlotto_500,27,first,1,200000000,2026-04-26T12:18:31.379432,2026-04-26T12:18:31.379432,1
SPEEDLOTTO_500_STORE_01963,74162956,세븐일레븐 안산고잔금강점,,미상,,,,speedlotto_500,27,first,1,200000000,2026-04-26T12:18:31.379432,2026-04-26T12:18:31.379432,1
SPEEDLOTTO_500_STORE_01964,74960026,하나슈퍼,,미상,,,,speedlotto_500,27,first,1,200000000,2026-04-26T12:18:31.379432,2026-04-26T12:18:31.379432,1
SPEEDLOTTO_500_STORE_01965,71161818,CU,,미상,,,,speedlotto_500,27,first,1,200000000,2026-04-26T12:18:31.379432,2026-04-26T12:18:31.379432,1
SPEEDLOTTO_500_STORE_01966,74163317,명진슈퍼,,미상,,,,speedlotto_500,27,first,1,200000000,2026-04-26T12:18:31.379432,2026-04-26T12:18:31.379432,1
SPEEDLOTTO_500_STORE_01967,71164520,양천24,,미상,,,,speedlotto_500,27,first,1,200000000,2026-04-26T12:18:31.379432,2026-04-26T12:18:31.379432,1
SPEEDLOTTO_500_STORE_01968,74163911,복권방,,미상,,,,speedlotto_500,27,first,1,200000000,2026-04-26T12:18:31.379432,2026-04-26T12:18:31.379432,1
SPEEDLOTTO_500_STORE_01969,71160627,세븐일레븐,,미상,,,,speedlotto_500,27,first,1,200000000,2026-04-26T12:18:31.379432,2026-04-26T12:18:31.379432,1
SPEEDLOTTO_500_STORE_01970,74260514,편의점,,미상,,,,speedlotto_500,27,first,1,200000000,2026-04-26T12:18:31.379432,2026-04-26T12:18:31.379432,1
SPEEDLOTTO_500_STORE_01971,74860121,복권방,,미상,,,,speedlotto_500,27,first,1,200000000,2026-04-26T12:18:31.379432,2026-04-26T12:18:31.379432,1
SPEEDLOTTO_500_STORE_01972,72660480,복권천국 복권방,,미상,,,,speedlotto_500,27,first,1,200000000,2026-04-26T12:18:31.379432,2026-04-26T12:18:31.379432,1
SPEEDLOTTO_500_STORE_01973,74460132,편의점,,미상,,,,speedlotto_500,27,first,1,200000000,2026-04-26T12:18:31.379432,2026-04-26T12:18:31.379432,1
SPEEDLOTTO_500_STORE_01974,71162726,가판대,,미상,,,,speedlotto_500,27,first,1,200000000,2026-04-26T12:18:31.379432,2026-04-26T12:18:31.379432,1
SPEEDLOTTO_500_STORE_01975,71162617,편의점,,미상,,,,speedlotto_500,27,first,1,200000000,2026-04-26T12:18:31.379432,2026-04-26T12:18:31.379432,1
SPEEDLOTTO_500_STORE_01976,71161756,복권방,,미상,,,,speedlotto_500,27,first,1,200000000,2026-04-26T12:18:31.379432,2026-04-26T12:18:31.379432,1
SPEEDLOTTO_500_STORE_01977,73160068,우리들 편의점 서부점,,미상,,,,speedlotto_500,27,first,1,200000000,2026-04-26T12:18:31.379432,2026-04-26T12:18:31.379432,1
SPEEDLOTTO_500_STORE_01978,74860224,슈퍼마켓,,미상,,,,speedlotto_500,27,first,1,200000000,2026-04-26T12:18:31.379432,2026-04-26T12:18:31.379432,1
SPEEDLOTTO_500_STORE_01979,74162739,복권방,,미상,,,,speedlotto_500,27,first,1,200000000,2026-04-26T12:18:31.379432,2026-04-26T12:18:31.379432,1
SPEEDLOTTO_500_STORE_01980,74162534,편의점,,미상,,,,speedlotto_500,27,first,1,200000000,2026-04-26T12:18:31.379432,2026-04-26T12:18:31.379432,1
SPEEDLOTTO_500_STORE_01981,74260488,제일복권,,미상,,,,speedlotto_500,27,first,1,200000000,2026-04-26T12:18:31.379432,2026-04-26T12:18:31.379432,1
SPEEDLOTTO_500_STORE_01982,74260444,복권방,,미상,,,,speedlotto_500,27,first,1,200000000,2026-04-26T12:18:31.379432,2026-04-26T12:18:31.379432,1
SPEEDLOTTO_500_STORE_01983,72863021,수퍼마켓,,미상,,,,speedlotto_500,27,first,1,200000000,2026-04-26T12:18:31.379432,2026-04-26T12:18:31.379432,1
SPEEDLOTTO_500_STORE_01984,74160427,만물복권방,,미상,,,,speedlotto_500,27,first,1,200000000,2026-04-26T12:18:31.379432,2026-04-26T12:18:31.379432,1
SPEEDLOTTO_500_STORE_01985,74861125,편의점,,미상,,,,speedlotto_500,27,first,1,200000000,2026-04-26T12:18:31.379432,2026-04-26T12:18:31.379432,1
SPEEDLOTTO_500_STORE_01986,71160697,가판,,미상,,,,speedlotto_500,27,first,1,200000000,2026-04-26T12:18:31.379432,2026-04-26T12:18:31.379432,1
SPEEDLOTTO_500_STORE_01987,74861027,수퍼마켓,,미상,,,,speedlotto_500,27,first,1,200000000,2026-04-26T12:18:31.379432,2026-04-26T12:18:31.379432,1
SPEEDLOTTO_500_STORE_01988,74460594,수퍼마켓,,미상,,,,speedlotto_500,27,first,1,200000000,2026-04-26T12:18:31.379432,2026-04-26T12:18:31.379432,1
SPEEDLOTTO_500_STORE_01989,74560222,편의점,,미상,,,,speedlotto_500,27,first,1,200000000,2026-04-26T12:18:31.379432,2026-04-26T12:18:31.379432,1
SPEEDLOTTO_500_STORE_01990,74860491,편의점,,미상,,,,speedlotto_500,27,first,1,200000000,2026-04-26T12:18:31.379432,2026-04-26T12:18:31.379432,1
SPEEDLOTTO_500_STORE_01991,74164096,복권방,,미상,,,,speedlotto_500,27,first,1,200000000,2026-04-26T12:18:31.379432,2026-04-26T12:18:31.379432,1
SPEEDLOTTO_500_STORE_01992,73060537,원마트 편의점,,미상,,,,speedlotto_500,27,first,1,200000000,2026-04-26T12:18:31.379432,2026-04-26T12:18:31.379432,1
SPEEDLOTTO_500_STORE_01993,74660195,복권방,,미상,,,,speedlotto_500,27,first,1,200000000,2026-04-26T12:18:31.379432,2026-04-26T12:18:31.379432,1
SPEEDLOTTO_500_STORE_01994,74860751,미니스톱,,미상,,,,speedlotto_500,27,first,1,200000000,2026-04-26T12:18:31.379432,2026-04-26T12:18:31.379432,1
SPEEDLOTTO_500_STORE_01995,72660051,편의점,,미상,,,,speedlotto_500,27,first,1,200000000,2026-04-26T12:18:31.379432,2026-04-26T12:18:31.379432,1
SPEEDLOTTO_500_STORE_01996,71163551,슈퍼,,미상,,,,speedlotto_500,27,first,1,200000000,2026-04-26T12:18:31.379432,2026-04-26T12:18:31.379432,1
SPEEDLOTTO_500_STORE_01997,71161183,가판,,미상,,,,speedlotto_500,27,first,1,200000000,2026-04-26T12:18:31.379432,2026-04-26T12:18:31.379432,1
SPEEDLOTTO_500_STORE_01998,71164341,복권방,,미상,,,,speedlotto_500,27,first,1,200000000,2026-04-26T12:18:31.379432,2026-04-26T12:18:31.379432,1
SPEEDLOTTO_500_STORE_01999,73160111,우리들 편의점 서부점,,미상,,,,speedlotto_500,27,first,1,200000000,2026-04-26T12:18:31.379432,2026-04-26T12:18:31.379432,1
SPEEDLOTTO_500_STORE_02000,72960822,편의점,,미상,,,,speedlotto_500,27,first,1,200000000,2026-04-26T12:18:31.379432,2026-04-26T12:18:31.379432,1
SPEEDLOTTO_500_STORE_02001,74162947,편의점,,미상,,,,speedlotto_500,27,first,1,200000000,2026-04-26T12:18:31.379432,2026-04-26T12:18:31.379432,1
SPEEDLOTTO_500_STORE_02002,72660156,복권방,,미상,,,,speedlotto_500,27,first,1,200000000,2026-04-26T12:18:31.379432,2026-04-26T12:18:31.379432,1
SPEEDLOTTO_500_STORE_02003,74160347,토토마트 (구 편의점사랑),,미상,,,,speedlotto_500,26,first,1,200000000,2026-04-26T12:18:33.235424,2026-04-26T12:18:33.236424,1
SPEEDLOTTO_500_STORE_02004,74760625,CSPACE구미옥계점,,미상,,,,speedlotto_500,26,first,1,200000000,2026-04-26T12:18:33.236424,2026-04-26T12:18:33.236424,1
SPEEDLOTTO_500_STORE_02005,74163706,다우토토샵,,미상,,,,speedlotto_500,26,first,1,200000000,2026-04-26T12:18:33.236424,2026-04-26T12:18:33.236424,1
SPEEDLOTTO_500_STORE_02006,74261788,일등당첨,,미상,,,,speedlotto_500,26,first,1,200000000,2026-04-26T12:18:33.236424,2026-04-26T12:18:33.236424,1
SPEEDLOTTO_500_STORE_02007,72662656,황금복권방,,미상,,,,speedlotto_500,26,first,1,200000000,2026-04-26T12:18:33.236424,2026-04-26T12:18:33.236424,1
SPEEDLOTTO_500_STORE_02008,74660464,드림복권(2호광장),,미상,,,,speedlotto_500,26,first,1,200000000,2026-04-26T12:18:33.236424,2026-04-26T12:18:33.236424,1
SPEEDLOTTO_500_STORE_02009,73160721,또로또,,미상,,,,speedlotto_500,26,first,1,200000000,2026-04-26T12:18:33.236424,2026-04-26T12:18:33.236424,1
SPEEDLOTTO_500_STORE_02010,74166759,GS25이동센터점,,미상,,,,speedlotto_500,26,first,1,200000000,2026-04-26T12:18:33.236424,2026-04-26T12:18:33.236424,1
SPEEDLOTTO_500_STORE_02011,74162803,보물섬복권방,,미상,,,,speedlotto_500,26,first,1,200000000,2026-04-26T12:18:33.236424,2026-04-26T12:18:33.236424,1
SPEEDLOTTO_500_STORE_02012,71162035,천하명당복권방,,미상,,,,speedlotto_500,26,first,1,200000000,2026-04-26T12:18:33.236424,2026-04-26T12:18:33.236424,1
SPEEDLOTTO_500_STORE_02013,73061011,금화로또마트,,미상,,,,speedlotto_500,26,first,1,200000000,2026-04-26T12:18:33.236424,2026-04-26T12:18:33.236424,1
SPEEDLOTTO_500_STORE_02014,72960747,오천억복권방,,미상,,,,speedlotto_500,26,first,1,200000000,2026-04-26T12:18:33.236424,2026-04-26T12:18:33.236424,1
SPEEDLOTTO_500_STORE_02015,74163177,명당골복권방,,미상,,,,speedlotto_500,26,first,1,200000000,2026-04-26T12:18:33.236424,2026-04-26T12:18:33.236424,1
SPEEDLOTTO_500_STORE_02016,72661445,CU사상서부,,미상,,,,speedlotto_500,26,first,1,200000000,2026-04-26T12:18:33.236424,2026-04-26T12:18:33.236424,2
SPEEDLOTTO_500_STORE_02017,74661194,스타복권,,미상,,,,speedlotto_500,26,first,1,200000000,2026-04-26T12:18:33.236424,2026-04-26T12:18:33.236424,1
SPEEDLOTTO_500_STORE_02018,74761757,SE왜관희망점,,미상,,,,speedlotto_500,26,first,1,200000000,2026-04-26T12:18:33.236424,2026-04-26T12:18:33.236424,1
SPEEDLOTTO_500_STORE_02019,74661178,제철로또대리점,,미상,,,,speedlotto_500,26,first,1,200000000,2026-04-26T12:18:33.236424,2026-04-26T12:18:33.236424,1
SPEEDLOTTO_500_STORE_02020,74161285,차부상회,,미상,,,,speedlotto_500,26,first,1,200000000,2026-04-26T12:18:33.236424,2026-04-26T12:18:33.236424,1
SPEEDLOTTO_500_STORE_02021,74360035,복덩어리,,미상,,,,speedlotto_500,26,first,1,200000000,2026-04-26T12:18:33.236424,2026-04-26T12:18:33.236424,1
SPEEDLOTTO_500_STORE_02022,72960008,도울복권,,미상,,,,speedlotto_500,26,first,1,200000000,2026-04-26T12:18:33.236424,2026-04-26T12:18:33.236424,1
SPEEDLOTTO_500_STORE_02023,72860361,프리마트,,미상,,,,speedlotto_500,26,first,1,200000000,2026-04-26T12:18:33.236424,2026-04-26T12:18:33.236424,1
SPEEDLOTTO_500_STORE_02024,73160635,삼우슈퍼,,미상,,,,speedlotto_500,26,first,1,200000000,2026-04-26T12:18:33.236424,2026-04-26T12:18:33.236424,1
SPEEDLOTTO_500_STORE_02025,72860822,복권왕국,,미상,,,,speedlotto_500,26,first,1,200000000,2026-04-26T12:18:33.236424,2026-04-26T12:18:33.236424,1
SPEEDLOTTO_500_STORE_02026,73160368,이마트24삼산본동,,미상,,,,speedlotto_500,26,first,1,200000000,2026-04-26T12:18:33.236424,2026-04-26T12:18:33.236424,1
SPEEDLOTTO_500_STORE_02027,74160255,CU 포천가산점,,미상,,,,speedlotto_500,26,first,1,200000000,2026-04-26T12:18:33.236424,2026-04-26T12:18:33.236424,1
SPEEDLOTTO_500_STORE_02028,72960924,진곡산단로또,,미상,,,,speedlotto_500,26,first,1,200000000,2026-04-26T12:18:33.236424,2026-04-26T12:18:33.236424,1
SPEEDLOTTO_500_STORE_02029,74760798,빙그레마트,,미상,,,,speedlotto_500,26,first,1,200000000,2026-04-26T12:18:33.236424,2026-04-26T12:18:33.236424,1
SPEEDLOTTO_500_STORE_02030,74360026,굿모닝복권방,,미상,,,,speedlotto_500,26,first,1,200000000,2026-04-26T12:18:33.236424,2026-04-26T12:18:33.236424,1
SPEEDLOTTO_500_STORE_02031,74760164,옹천왕대박슈퍼,,미상,,,,speedlotto_500,26,first,1,200000000,2026-04-26T12:18:33.236424,2026-04-26T12:18:33.236424,1
SPEEDLOTTO_500_STORE_02032,72861215,노다지복권방(학익),,미상,,,,speedlotto_500,26,first,1,200000000,2026-04-26T12:18:33.236424,2026-04-26T12:18:33.236424,1
SPEEDLOTTO_500_STORE_02033,71163495,CU 송파한화2호점,,미상,,,,speedlotto_500,26,first,1,200000000,2026-04-26T12:18:33.236424,2026-04-26T12:18:33.236424,1
SPEEDLOTTO_500_STORE_02034,74160110,GS 양주신산점,,미상,,,,speedlotto_500,26,first,1,200000000,2026-04-26T12:18:33.236424,2026-04-26T12:18:33.236424,1
SPEEDLOTTO_500_STORE_02035,74761012,로또훼미리마트왜관점,,미상,,,,speedlotto_500,26,first,1,200000000,2026-04-26T12:18:33.236424,2026-04-26T12:18:33.236424,1
SPEEDLOTTO_500_STORE_02036,99999990,미확인 판매점 ,,미상,,,,speedlotto_500,26,first,1,200000000,2026-04-26T12:18:33.236424,2026-04-26T12:18:33.236424,1
SPEEDLOTTO_500_STORE_02037,74460619,GS25봉명희망점,,미상,,,,speedlotto_500,26,first,1,200000000,2026-04-26T12:18:33.236424,2026-04-26T12:18:33.236424,1
SPEEDLOTTO_500_STORE_02038,72960633,채널Q24시로또주월점,,미상,,,,speedlotto_500,26,first,1,200000000,2026-04-26T12:18:33.236424,2026-04-26T12:18:33.236424,1
SPEEDLOTTO_500_STORE_02039,74162879,CU 안산이동제일점,,미상,,,,speedlotto_500,26,first,1,200000000,2026-04-26T12:18:33.236424,2026-04-26T12:18:33.236424,1
SPEEDLOTTO_500_STORE_02040,74861498,채널큐,,미상,,,,speedlotto_500,26,first,1,400000000,2026-04-26T12:18:33.236424,2026-04-26T12:18:33.236424,1
SPEEDLOTTO_500_STORE_02041,74860026,미니스톱 평산점,,미상,,,,speedlotto_500,26,first,1,400000000,2026-04-26T12:18:33.236424,2026-04-26T12:18:33.236424,1
SPEEDLOTTO_500_STORE_02042,72760607,대백마트,,미상,,,,speedlotto_500,26,first,1,200000000,2026-04-26T12:18:33.236424,2026-04-26T12:18:33.236424,1
SPEEDLOTTO_500_STORE_02043,71161288,세븐일레븐,,미상,,,,speedlotto_500,26,first,1,200000000,2026-04-26T12:18:33.236424,2026-04-26T12:18:33.236424,1
SPEEDLOTTO_500_STORE_02044,74163134,CU 구운선경점,,미상,,,,speedlotto_500,26,first,1,200000000,2026-04-26T12:18:33.236424,2026-04-26T12:18:33.236424,1
SPEEDLOTTO_500_STORE_02045,74163861,ANY로또,,미상,,,,speedlotto_500,26,first,1,200000000,2026-04-26T12:18:33.236424,2026-04-26T12:18:33.236424,1
SPEEDLOTTO_500_STORE_02046,71163684,스포츠베팅샵,,미상,,,,speedlotto_500,26,first,1,200000000,2026-04-26T12:18:33.236424,2026-04-26T12:18:33.236424,1
SPEEDLOTTO_500_STORE_02047,74260737,복권뱅크,,미상,,,,speedlotto_500,26,first,1,200000000,2026-04-26T12:18:33.236424,2026-04-26T12:18:33.236424,1
SPEEDLOTTO_500_STORE_02048,74860113,창원25시슈퍼(24시로또복권),,미상,,,,speedlotto_500,26,first,1,200000000,2026-04-26T12:18:33.236424,2026-04-26T12:18:33.236424,1
SPEEDLOTTO_500_STORE_02049,71160248,복마니복권방,,미상,,,,speedlotto_500,26,first,1,200000000,2026-04-26T12:18:33.236424,2026-04-26T12:18:33.236424,1
SPEEDLOTTO_500_STORE_02050,74860442,운동장마트,,미상,,,,speedlotto_500,26,first,1,200000000,2026-04-26T12:18:33.236424,2026-04-26T12:18:33.236424,1
SPEEDLOTTO_500_STORE_02051,71160111,복권나라,,미상,,,,speedlotto_500,26,first,1,200000000,2026-04-26T12:18:33.236424,2026-04-26T12:18:33.236424,1
SPEEDLOTTO_500_STORE_02052,74660663,CU목포비파점,,미상,,,,speedlotto_500,26,first,1,200000000,2026-04-26T12:18:33.236424,2026-04-26T12:18:33.236424,1
SPEEDLOTTO_500_STORE_02053,73060444,씨스페이스유성신우점,,미상,,,,speedlotto_500,26,first,1,200000000,2026-04-26T12:18:33.236424,2026-04-26T12:18:33.236424,1
SPEEDLOTTO_500_STORE_02054,74162956,세븐일레븐 안산고잔금강점,,미상,,,,speedlotto_500,26,first,1,200000000,2026-04-26T12:18:33.236424,2026-04-26T12:18:33.236424,1
SPEEDLOTTO_500_STORE_02055,74960026,하나슈퍼,,미상,,,,speedlotto_500,26,first,1,200000000,2026-04-26T12:18:33.236424,2026-04-26T12:18:33.236424,1
SPEEDLOTTO_500_STORE_02056,71161818,CU,,미상,,,,speedlotto_500,26,first,1,200000000,2026-04-26T12:18:33.236424,2026-04-26T12:18:33.236424,1
SPEEDLOTTO_500_STORE_02057,74163317,명진슈퍼,,미상,,,,speedlotto_500,26,first,1,200000000,2026-04-26T12:18:33.236424,2026-04-26T12:18:33.236424,1
SPEEDLOTTO_500_STORE_02058,71164520,양천24,,미상,,,,speedlotto_500,26,first,1,200000000,2026-04-26T12:18:33.236424,2026-04-26T12:18:33.236424,1
SPEEDLOTTO_500_STORE_02059,74163911,복권방,,미상,,,,speedlotto_500,26,first,1,200000000,2026-04-26T12:18:33.236424,2026-04-26T12:18:33.236424,1
SPEEDLOTTO_500_STORE_02060,71160627,세븐일레븐,,미상,,,,speedlotto_500,26,first,1,200000000,2026-04-26T12:18:33.236424,2026-04-26T12:18:33.236424,1
SPEEDLOTTO_500_STORE_02061,74260514,편의점,,미상,,,,speedlotto_500,26,first,1,200000000,2026-04-26T12:18:33.236424,2026-04-26T12:18:33.236424,1
SPEEDLOTTO_500_STORE_02062,74860121,복권방,,미상,,,,speedlotto_500,26,first,1,200000000,2026-04-26T12:18:33.236424,2026-04-26T12:18:33.236424,1
SPEEDLOTTO_500_STORE_02063,72660480,복권천국 복권방,,미상,,,,speedlotto_500,26,first,1,200000000,2026-04-26T12:18:33.236424,2026-04-26T12:18:33.236424,1
SPEEDLOTTO_500_STORE_02064,74460132,편의점,,미상,,,,speedlotto_500,26,first,1,200000000,2026-04-26T12:18:33.236424,2026-04-26T12:18:33.236424,1
SPEEDLOTTO_500_STORE_02065,71162726,가판대,,미상,,,,speedlotto_500,26,first,1,200000000,2026-04-26T12:18:33.236424,2026-04-26T12:18:33.236424,1
SPEEDLOTTO_500_STORE_02066,71162617,편의점,,미상,,,,speedlotto_500,26,first,1,200000000,2026-04-26T12:18:33.236424,2026-04-26T12:18:33.236424,1
SPEEDLOTTO_500_STORE_02067,71161756,복권방,,미상,,,,speedlotto_500,26,first,1,200000000,2026-04-26T12:18:33.236424,2026-04-26T12:18:33.236424,1
SPEEDLOTTO_500_STORE_02068,73160068,우리들 편의점 서부점,,미상,,,,speedlotto_500,26,first,1,200000000,2026-04-26T12:18:33.236424,2026-04-26T12:18:33.236424,1
SPEEDLOTTO_500_STORE_02069,74860224,슈퍼마켓,,미상,,,,speedlotto_500,26,first,1,200000000,2026-04-26T12:18:33.236424,2026-04-26T12:18:33.236424,1
SPEEDLOTTO_500_STORE_02070,74162739,복권방,,미상,,,,speedlotto_500,26,first,1,200000000,2026-04-26T12:18:33.236424,2026-04-26T12:18:33.236424,1
SPEEDLOTTO_500_STORE_02071,74162534,편의점,,미상,,,,speedlotto_500,26,first,1,200000000,2026-04-26T12:18:33.236424,2026-04-26T12:18:33.236424,1
SPEEDLOTTO_500_STORE_02072,74260488,제일복권,,미상,,,,speedlotto_500,26,first,1,200000000,2026-04-26T12:18:33.236424,2026-04-26T12:18:33.236424,1
SPEEDLOTTO_500_STORE_02073,74260444,복권방,,미상,,,,speedlotto_500,26,first,1,200000000,2026-04-26T12:18:33.236424,2026-04-26T12:18:33.236424,1
SPEEDLOTTO_500_STORE_02074,72863021,수퍼마켓,,미상,,,,speedlotto_500,26,first,1,200000000,2026-04-26T12:18:33.236424,2026-04-26T12:18:33.236424,1
SPEEDLOTTO_500_STORE_02075,74160427,만물복권방,,미상,,,,speedlotto_500,26,first,1,200000000,2026-04-26T12:18:33.236424,2026-04-26T12:18:33.236424,1
SPEEDLOTTO_500_STORE_02076,74861125,편의점,,미상,,,,speedlotto_500,26,first,1,200000000,2026-04-26T12:18:33.236424,2026-04-26T12:18:33.236424,1
SPEEDLOTTO_500_STORE_02077,71160697,가판,,미상,,,,speedlotto_500,26,first,1,200000000,2026-04-26T12:18:33.236424,2026-04-26T12:18:33.236424,1
SPEEDLOTTO_500_STORE_02078,74861027,수퍼마켓,,미상,,,,speedlotto_500,26,first,1,200000000,2026-04-26T12:18:33.236424,2026-04-26T12:18:33.236424,1
SPEEDLOTTO_500_STORE_02079,74460594,수퍼마켓,,미상,,,,speedlotto_500,26,first,1,200000000,2026-04-26T12:18:33.236424,2026-04-26T12:18:33.236424,1
SPEEDLOTTO_500_STORE_02080,74560222,편의점,,미상,,,,speedlotto_500,26,first,1,200000000,2026-04-26T12:18:33.236424,2026-04-26T12:18:33.236424,1
SPEEDLOTTO_500_STORE_02081,74860491,편의점,,미상,,,,speedlotto_500,26,first,1,200000000,2026-04-26T12:18:33.236424,2026-04-26T12:18:33.236424,1
SPEEDLOTTO_500_STORE_02082,74164096,복권방,,미상,,,,speedlotto_500,26,first,1,200000000,2026-04-26T12:18:33.236424,2026-04-26T12:18:33.236424,1
SPEEDLOTTO_500_STORE_02083,73060537,원마트 편의점,,미상,,,,speedlotto_500,26,first,1,200000000,2026-04-26T12:18:33.236424,2026-04-26T12:18:33.236424,1
SPEEDLOTTO_500_STORE_02084,74660195,복권방,,미상,,,,speedlotto_500,26,first,1,200000000,2026-04-26T12:18:33.236424,2026-04-26T12:18:33.236424,1
SPEEDLOTTO_500_STORE_02085,74860751,미니스톱,,미상,,,,speedlotto_500,26,first,1,200000000,2026-04-26T12:18:33.236424,2026-04-26T12:18:33.236424,1
SPEEDLOTTO_500_STORE_02086,72660051,편의점,,미상,,,,speedlotto_500,26,first,1,200000000,2026-04-26T12:18:33.236424,2026-04-26T12:18:33.236424,1
SPEEDLOTTO_500_STORE_02087,71163551,슈퍼,,미상,,,,speedlotto_500,26,first,1,200000000,2026-04-26T12:18:33.236424,2026-04-26T12:18:33.236424,1
SPEEDLOTTO_500_STORE_02088,71161183,가판,,미상,,,,speedlotto_500,26,first,1,200000000,2026-04-26T12:18:33.236424,2026-04-26T12:18:33.236424,1
SPEEDLOTTO_500_STORE_02089,71164341,복권방,,미상,,,,speedlotto_500,26,first,1,200000000,2026-04-26T12:18:33.236424,2026-04-26T12:18:33.236424,1
SPEEDLOTTO_500_STORE_02090,73160111,우리들 편의점 서부점,,미상,,,,speedlotto_500,26,first,1,200000000,2026-04-26T12:18:33.236424,2026-04-26T12:18:33.236424,1
SPEEDLOTTO_500_STORE_02091,72960822,편의점,,미상,,,,speedlotto_500,26,first,1,200000000,2026-04-26T12:18:33.236424,2026-04-26T12:18:33.236424,1
SPEEDLOTTO_500_STORE_02092,74162947,편의점,,미상,,,,speedlotto_500,26,first,1,200000000,2026-04-26T12:18:33.236424,2026-04-26T12:18:33.236424,1
SPEEDLOTTO_500_STORE_02093,72660156,복권방,,미상,,,,speedlotto_500,26,first,1,200000000,2026-04-26T12:18:33.236424,2026-04-26T12:18:33.236424,1
SPEEDLOTTO_500_STORE_02094,74160347,토토마트 (구 편의점사랑),,미상,,,,speedlotto_500,25,first,1,200000000,2026-04-26T12:18:35.084378,2026-04-26T12:18:35.084378,1
SPEEDLOTTO_500_STORE_02095,74760625,CSPACE구미옥계점,,미상,,,,speedlotto_500,25,first,1,200000000,2026-04-26T12:18:35.084378,2026-04-26T12:18:35.084378,1
SPEEDLOTTO_500_STORE_02096,74163706,다우토토샵,,미상,,,,speedlotto_500,25,first,1,200000000,2026-04-26T12:18:35.084378,2026-04-26T12:18:35.084378,1
SPEEDLOTTO_500_STORE_02097,74261788,일등당첨,,미상,,,,speedlotto_500,25,first,1,200000000,2026-04-26T12:18:35.084378,2026-04-26T12:18:35.084378,1
SPEEDLOTTO_500_STORE_02098,72662656,황금복권방,,미상,,,,speedlotto_500,25,first,1,200000000,2026-04-26T12:18:35.084378,2026-04-26T12:18:35.084378,1
SPEEDLOTTO_500_STORE_02099,74660464,드림복권(2호광장),,미상,,,,speedlotto_500,25,first,1,200000000,2026-04-26T12:18:35.084378,2026-04-26T12:18:35.084378,1
SPEEDLOTTO_500_STORE_02100,73160721,또로또,,미상,,,,speedlotto_500,25,first,1,200000000,2026-04-26T12:18:35.084378,2026-04-26T12:18:35.084378,1
SPEEDLOTTO_500_STORE_02101,74166759,GS25이동센터점,,미상,,,,speedlotto_500,25,first,1,200000000,2026-04-26T12:18:35.084378,2026-04-26T12:18:35.084378,1
SPEEDLOTTO_500_STORE_02102,74162803,보물섬복권방,,미상,,,,speedlotto_500,25,first,1,200000000,2026-04-26T12:18:35.084378,2026-04-26T12:18:35.084378,1
SPEEDLOTTO_500_STORE_02103,71162035,천하명당복권방,,미상,,,,speedlotto_500,25,first,1,200000000,2026-04-26T12:18:35.084378,2026-04-26T12:18:35.084378,1
SPEEDLOTTO_500_STORE_02104,73061011,금화로또마트,,미상,,,,speedlotto_500,25,first,1,200000000,2026-04-26T12:18:35.084378,2026-04-26T12:18:35.084378,1
SPEEDLOTTO_500_STORE_02105,72960747,오천억복권방,,미상,,,,speedlotto_500,25,first,1,200000000,2026-04-26T12:18:35.084378,2026-04-26T12:18:35.084378,1
SPEEDLOTTO_500_STORE_02106,74163177,명당골복권방,,미상,,,,speedlotto_500,25,first,1,200000000,2026-04-26T12:18:35.084378,2026-04-26T12:18:35.084378,1
SPEEDLOTTO_500_STORE_02107,72661445,CU사상서부,,미상,,,,speedlotto_500,25,first,1,200000000,2026-04-26T12:18:35.084378,2026-04-26T12:18:35.084378,2
SPEEDLOTTO_500_STORE_02108,74661194,스타복권,,미상,,,,speedlotto_500,25,first,1,200000000,2026-04-26T12:18:35.084378,2026-04-26T12:18:35.084378,1
SPEEDLOTTO_500_STORE_02109,74761757,SE왜관희망점,,미상,,,,speedlotto_500,25,first,1,200000000,2026-04-26T12:18:35.085377,2026-04-26T12:18:35.085377,1
SPEEDLOTTO_500_STORE_02110,74661178,제철로또대리점,,미상,,,,speedlotto_500,25,first,1,200000000,2026-04-26T12:18:35.085377,2026-04-26T12:18:35.085377,1
SPEEDLOTTO_500_STORE_02111,74161285,차부상회,,미상,,,,speedlotto_500,25,first,1,200000000,2026-04-26T12:18:35.085377,2026-04-26T12:18:35.085377,1
SPEEDLOTTO_500_STORE_02112,74360035,복덩어리,,미상,,,,speedlotto_500,25,first,1,200000000,2026-04-26T12:18:35.085377,2026-04-26T12:18:35.085377,1
SPEEDLOTTO_500_STORE_02113,72960008,도울복권,,미상,,,,speedlotto_500,25,first,1,200000000,2026-04-26T12:18:35.085377,2026-04-26T12:18:35.085377,1
SPEEDLOTTO_500_STORE_02114,72860361,프리마트,,미상,,,,speedlotto_500,25,first,1,200000000,2026-04-26T12:18:35.085377,2026-04-26T12:18:35.085377,1
SPEEDLOTTO_500_STORE_02115,73160635,삼우슈퍼,,미상,,,,speedlotto_500,25,first,1,200000000,2026-04-26T12:18:35.085377,2026-04-26T12:18:35.085377,1
SPEEDLOTTO_500_STORE_02116,72860822,복권왕국,,미상,,,,speedlotto_500,25,first,1,200000000,2026-04-26T12:18:35.085377,2026-04-26T12:18:35.085377,1
SPEEDLOTTO_500_STORE_02117,73160368,이마트24삼산본동,,미상,,,,speedlotto_500,25,first,1,200000000,2026-04-26T12:18:35.085377,2026-04-26T12:18:35.085377,1
SPEEDLOTTO_500_STORE_02118,74160255,CU 포천가산점,,미상,,,,speedlotto_500,25,first,1,200000000,2026-04-26T12:18:35.085377,2026-04-26T12:18:35.085377,1
SPEEDLOTTO_500_STORE_02119,72960924,진곡산단로또,,미상,,,,speedlotto_500,25,first,1,200000000,2026-04-26T12:18:35.085377,2026-04-26T12:18:35.085377,1
SPEEDLOTTO_500_STORE_02120,74760798,빙그레마트,,미상,,,,speedlotto_500,25,first,1,200000000,2026-04-26T12:18:35.085377,2026-04-26T12:18:35.085377,1
SPEEDLOTTO_500_STORE_02121,74360026,굿모닝복권방,,미상,,,,speedlotto_500,25,first,1,200000000,2026-04-26T12:18:35.085377,2026-04-26T12:18:35.085377,1
SPEEDLOTTO_500_STORE_02122,74760164,옹천왕대박슈퍼,,미상,,,,speedlotto_500,25,first,1,200000000,2026-04-26T12:18:35.085377,2026-04-26T12:18:35.085377,1
SPEEDLOTTO_500_STORE_02123,72861215,노다지복권방(학익),,미상,,,,speedlotto_500,25,first,1,200000000,2026-04-26T12:18:35.085377,2026-04-26T12:18:35.085377,1
SPEEDLOTTO_500_STORE_02124,71163495,CU 송파한화2호점,,미상,,,,speedlotto_500,25,first,1,200000000,2026-04-26T12:18:35.085377,2026-04-26T12:18:35.085377,1
SPEEDLOTTO_500_STORE_02125,74160110,GS 양주신산점,,미상,,,,speedlotto_500,25,first,1,200000000,2026-04-26T12:18:35.085377,2026-04-26T12:18:35.085377,1
SPEEDLOTTO_500_STORE_02126,74761012,로또훼미리마트왜관점,,미상,,,,speedlotto_500,25,first,1,200000000,2026-04-26T12:18:35.085377,2026-04-26T12:18:35.085377,1
SPEEDLOTTO_500_STORE_02127,99999990,미확인 판매점 ,,미상,,,,speedlotto_500,25,first,1,200000000,2026-04-26T12:18:35.085377,2026-04-26T12:18:35.085377,1
SPEEDLOTTO_500_STORE_02128,74460619,GS25봉명희망점,,미상,,,,speedlotto_500,25,first,1,200000000,2026-04-26T12:18:35.085377,2026-04-26T12:18:35.085377,1
SPEEDLOTTO_500_STORE_02129,72960633,채널Q24시로또주월점,,미상,,,,speedlotto_500,25,first,1,200000000,2026-04-26T12:18:35.085377,2026-04-26T12:18:35.085377,1
SPEEDLOTTO_500_STORE_02130,74162879,CU 안산이동제일점,,미상,,,,speedlotto_500,25,first,1,200000000,2026-04-26T12:18:35.085377,2026-04-26T12:18:35.085377,1
SPEEDLOTTO_500_STORE_02131,74861498,채널큐,,미상,,,,speedlotto_500,25,first,1,400000000,2026-04-26T12:18:35.085377,2026-04-26T12:18:35.085377,1
SPEEDLOTTO_500_STORE_02132,74860026,미니스톱 평산점,,미상,,,,speedlotto_500,25,first,1,400000000,2026-04-26T12:18:35.085377,2026-04-26T12:18:35.085377,1
SPEEDLOTTO_500_STORE_02133,72760607,대백마트,,미상,,,,speedlotto_500,25,first,1,200000000,2026-04-26T12:18:35.085377,2026-04-26T12:18:35.085377,1
SPEEDLOTTO_500_STORE_02134,71161288,세븐일레븐,,미상,,,,speedlotto_500,25,first,1,200000000,2026-04-26T12:18:35.085377,2026-04-26T12:18:35.085377,1
SPEEDLOTTO_500_STORE_02135,74163134,CU 구운선경점,,미상,,,,speedlotto_500,25,first,1,200000000,2026-04-26T12:18:35.085377,2026-04-26T12:18:35.085377,1
SPEEDLOTTO_500_STORE_02136,74163861,ANY로또,,미상,,,,speedlotto_500,25,first,1,200000000,2026-04-26T12:18:35.085377,2026-04-26T12:18:35.085377,1
SPEEDLOTTO_500_STORE_02137,71163684,스포츠베팅샵,,미상,,,,speedlotto_500,25,first,1,200000000,2026-04-26T12:18:35.085377,2026-04-26T12:18:35.085377,1
SPEEDLOTTO_500_STORE_02138,74260737,복권뱅크,,미상,,,,speedlotto_500,25,first,1,200000000,2026-04-26T12:18:35.085377,2026-04-26T12:18:35.085377,1
SPEEDLOTTO_500_STORE_02139,74860113,창원25시슈퍼(24시로또복권),,미상,,,,speedlotto_500,25,first,1,200000000,2026-04-26T12:18:35.085377,2026-04-26T12:18:35.085377,1
SPEEDLOTTO_500_STORE_02140,71160248,복마니복권방,,미상,,,,speedlotto_500,25,first,1,200000000,2026-04-26T12:18:35.085377,2026-04-26T12:18:35.085377,1
SPEEDLOTTO_500_STORE_02141,74860442,운동장마트,,미상,,,,speedlotto_500,25,first,1,200000000,2026-04-26T12:18:35.085377,2026-04-26T12:18:35.085377,1
SPEEDLOTTO_500_STORE_02142,71160111,복권나라,,미상,,,,speedlotto_500,25,first,1,200000000,2026-04-26T12:18:35.085377,2026-04-26T12:18:35.085377,1
SPEEDLOTTO_500_STORE_02143,74660663,CU목포비파점,,미상,,,,speedlotto_500,25,first,1,200000000,2026-04-26T12:18:35.085377,2026-04-26T12:18:35.085377,1
SPEEDLOTTO_500_STORE_02144,73060444,씨스페이스유성신우점,,미상,,,,speedlotto_500,25,first,1,200000000,2026-04-26T12:18:35.085377,2026-04-26T12:18:35.085377,1
SPEEDLOTTO_500_STORE_02145,74162956,세븐일레븐 안산고잔금강점,,미상,,,,speedlotto_500,25,first,1,200000000,2026-04-26T12:18:35.085377,2026-04-26T12:18:35.085377,1
SPEEDLOTTO_500_STORE_02146,74960026,하나슈퍼,,미상,,,,speedlotto_500,25,first,1,200000000,2026-04-26T12:18:35.085377,2026-04-26T12:18:35.085377,1
SPEEDLOTTO_500_STORE_02147,71161818,CU,,미상,,,,speedlotto_500,25,first,1,200000000,2026-04-26T12:18:35.085377,2026-04-26T12:18:35.085377,1
SPEEDLOTTO_500_STORE_02148,74163317,명진슈퍼,,미상,,,,speedlotto_500,25,first,1,200000000,2026-04-26T12:18:35.085377,2026-04-26T12:18:35.085377,1
SPEEDLOTTO_500_STORE_02149,71164520,양천24,,미상,,,,speedlotto_500,25,first,1,200000000,2026-04-26T12:18:35.085377,2026-04-26T12:18:35.085377,1
SPEEDLOTTO_500_STORE_02150,74163911,복권방,,미상,,,,speedlotto_500,25,first,1,200000000,2026-04-26T12:18:35.085377,2026-04-26T12:18:35.085377,1
SPEEDLOTTO_500_STORE_02151,71160627,세븐일레븐,,미상,,,,speedlotto_500,25,first,1,200000000,2026-04-26T12:18:35.085377,2026-04-26T12:18:35.085377,1
SPEEDLOTTO_500_STORE_02152,74260514,편의점,,미상,,,,speedlotto_500,25,first,1,200000000,2026-04-26T12:18:35.085377,2026-04-26T12:18:35.085377,1
SPEEDLOTTO_500_STORE_02153,74860121,복권방,,미상,,,,speedlotto_500,25,first,1,200000000,2026-04-26T12:18:35.085377,2026-04-26T12:18:35.085377,1
SPEEDLOTTO_500_STORE_02154,72660480,복권천국 복권방,,미상,,,,speedlotto_500,25,first,1,200000000,2026-04-26T12:18:35.085377,2026-04-26T12:18:35.085377,1
SPEEDLOTTO_500_STORE_02155,74460132,편의점,,미상,,,,speedlotto_500,25,first,1,200000000,2026-04-26T12:18:35.085377,2026-04-26T12:18:35.085377,1
SPEEDLOTTO_500_STORE_02156,71162726,가판대,,미상,,,,speedlotto_500,25,first,1,200000000,2026-04-26T12:18:35.085377,2026-04-26T12:18:35.085377,1
SPEEDLOTTO_500_STORE_02157,71162617,편의점,,미상,,,,speedlotto_500,25,first,1,200000000,2026-04-26T12:18:35.085377,2026-04-26T12:18:35.085377,1
SPEEDLOTTO_500_STORE_02158,71161756,복권방,,미상,,,,speedlotto_500,25,first,1,200000000,2026-04-26T12:18:35.085377,2026-04-26T12:18:35.085377,1
SPEEDLOTTO_500_STORE_02159,73160068,우리들 편의점 서부점,,미상,,,,speedlotto_500,25,first,1,200000000,2026-04-26T12:18:35.085377,2026-04-26T12:18:35.085377,1
SPEEDLOTTO_500_STORE_02160,74860224,슈퍼마켓,,미상,,,,speedlotto_500,25,first,1,200000000,2026-04-26T12:18:35.085377,2026-04-26T12:18:35.085377,1
SPEEDLOTTO_500_STORE_02161,74162739,복권방,,미상,,,,speedlotto_500,25,first,1,200000000,2026-04-26T12:18:35.085377,2026-04-26T12:18:35.085377,1
SPEEDLOTTO_500_STORE_02162,74162534,편의점,,미상,,,,speedlotto_500,25,first,1,200000000,2026-04-26T12:18:35.085377,2026-04-26T12:18:35.085377,1
SPEEDLOTTO_500_STORE_02163,74260488,제일복권,,미상,,,,speedlotto_500,25,first,1,200000000,2026-04-26T12:18:35.085377,2026-04-26T12:18:35.085377,1
SPEEDLOTTO_500_STORE_02164,74260444,복권방,,미상,,,,speedlotto_500,25,first,1,200000000,2026-04-26T12:18:35.085377,2026-04-26T12:18:35.085377,1
SPEEDLOTTO_500_STORE_02165,72863021,수퍼마켓,,미상,,,,speedlotto_500,25,first,1,200000000,2026-04-26T12:18:35.085377,2026-04-26T12:18:35.085377,1
SPEEDLOTTO_500_STORE_02166,74160427,만물복권방,,미상,,,,speedlotto_500,25,first,1,200000000,2026-04-26T12:18:35.085377,2026-04-26T12:18:35.085377,1
SPEEDLOTTO_500_STORE_02167,74861125,편의점,,미상,,,,speedlotto_500,25,first,1,200000000,2026-04-26T12:18:35.085377,2026-04-26T12:18:35.085377,1
SPEEDLOTTO_500_STORE_02168,71160697,가판,,미상,,,,speedlotto_500,25,first,1,200000000,2026-04-26T12:18:35.085377,2026-04-26T12:18:35.085377,1
SPEEDLOTTO_500_STORE_02169,74861027,수퍼마켓,,미상,,,,speedlotto_500,25,first,1,200000000,2026-04-26T12:18:35.085377,2026-04-26T12:18:35.085377,1
SPEEDLOTTO_500_STORE_02170,74460594,수퍼마켓,,미상,,,,speedlotto_500,25,first,1,200000000,2026-04-26T12:18:35.085377,2026-04-26T12:18:35.085377,1
SPEEDLOTTO_500_STORE_02171,74560222,편의점,,미상,,,,speedlotto_500,25,first,1,200000000,2026-04-26T12:18:35.085377,2026-04-26T12:18:35.085377,1
SPEEDLOTTO_500_STORE_02172,74860491,편의점,,미상,,,,speedlotto_500,25,first,1,200000000,2026-04-26T12:18:35.085377,2026-04-26T12:18:35.085377,1
SPEEDLOTTO_500_STORE_02173,74164096,복권방,,미상,,,,speedlotto_500,25,first,1,200000000,2026-04-26T12:18:35.085377,2026-04-26T12:18:35.085377,1
SPEEDLOTTO_500_STORE_02174,73060537,원마트 편의점,,미상,,,,speedlotto_500,25,first,1,200000000,2026-04-26T12:18:35.085377,2026-04-26T12:18:35.085377,1
SPEEDLOTTO_500_STORE_02175,74660195,복권방,,미상,,,,speedlotto_500,25,first,1,200000000,2026-04-26T12:18:35.085377,2026-04-26T12:18:35.085377,1
SPEEDLOTTO_500_STORE_02176,74860751,미니스톱,,미상,,,,speedlotto_500,25,first,1,200000000,2026-04-26T12:18:35.085377,2026-04-26T12:18:35.085377,1
SPEEDLOTTO_500_STORE_02177,72660051,편의점,,미상,,,,speedlotto_500,25,first,1,200000000,2026-04-26T12:18:35.085377,2026-04-26T12:18:35.085377,1
SPEEDLOTTO_500_STORE_02178,71163551,슈퍼,,미상,,,,speedlotto_500,25,first,1,200000000,2026-04-26T12:18:35.085377,2026-04-26T12:18:35.085377,1
SPEEDLOTTO_500_STORE_02179,71161183,가판,,미상,,,,speedlotto_500,25,first,1,200000000,2026-04-26T12:18:35.085377,2026-04-26T12:18:35.085377,1
SPEEDLOTTO_500_STORE_02180,71164341,복권방,,미상,,,,speedlotto_500,25,first,1,200000000,2026-04-26T12:18:35.085377,2026-04-26T12:18:35.085377,1
SPEEDLOTTO_500_STORE_02181,73160111,우리들 편의점 서부점,,미상,,,,speedlotto_500,25,first,1,200000000,2026-04-26T12:18:35.085377,2026-04-26T12:18:35.085377,1
SPEEDLOTTO_500_STORE_02182,72960822,편의점,,미상,,,,speedlotto_500,25,first,1,200000000,2026-04-26T12:18:35.085377,2026-04-26T12:18:35.085377,1
SPEEDLOTTO_500_STORE_02183,74162947,편의점,,미상,,,,speedlotto_500,25,first,1,200000000,2026-04-26T12:18:35.085377,2026-04-26T12:18:35.085377,1
SPEEDLOTTO_500_STORE_02184,72660156,복권방,,미상,,,,speedlotto_500,25,first,1,200000000,2026-04-26T12:18:35.085377,2026-04-26T12:18:35.085377,1
SPEEDLOTTO_500_STORE_02185,74160347,토토마트 (구 편의점사랑),,미상,,,,speedlotto_500,24,first,1,200000000,2026-04-26T12:18:36.927855,2026-04-26T12:18:36.927855,1
SPEEDLOTTO_500_STORE_02186,74760625,CSPACE구미옥계점,,미상,,,,speedlotto_500,24,first,1,200000000,2026-04-26T12:18:36.927855,2026-04-26T12:18:36.927855,1
SPEEDLOTTO_500_STORE_02187,74163706,다우토토샵,,미상,,,,speedlotto_500,24,first,1,200000000,2026-04-26T12:18:36.927855,2026-04-26T12:18:36.927855,1
SPEEDLOTTO_500_STORE_02188,74261788,일등당첨,,미상,,,,speedlotto_500,24,first,1,200000000,2026-04-26T12:18:36.927855,2026-04-26T12:18:36.927855,1
SPEEDLOTTO_500_STORE_02189,72662656,황금복권방,,미상,,,,speedlotto_500,24,first,1,200000000,2026-04-26T12:18:36.927855,2026-04-26T12:18:36.927855,1
SPEEDLOTTO_500_STORE_02190,74660464,드림복권(2호광장),,미상,,,,speedlotto_500,24,first,1,200000000,2026-04-26T12:18:36.927855,2026-04-26T12:18:36.927855,1
SPEEDLOTTO_500_STORE_02191,73160721,또로또,,미상,,,,speedlotto_500,24,first,1,200000000,2026-04-26T12:18:36.927855,2026-04-26T12:18:36.927855,1
SPEEDLOTTO_500_STORE_02192,74166759,GS25이동센터점,,미상,,,,speedlotto_500,24,first,1,200000000,2026-04-26T12:18:36.927855,2026-04-26T12:18:36.927855,1
SPEEDLOTTO_500_STORE_02193,74162803,보물섬복권방,,미상,,,,speedlotto_500,24,first,1,200000000,2026-04-26T12:18:36.927855,2026-04-26T12:18:36.927855,1
SPEEDLOTTO_500_STORE_02194,71162035,천하명당복권방,,미상,,,,speedlotto_500,24,first,1,200000000,2026-04-26T12:18:36.927855,2026-04-26T12:18:36.927855,1
SPEEDLOTTO_500_STORE_02195,73061011,금화로또마트,,미상,,,,speedlotto_500,24,first,1,200000000,2026-04-26T12:18:36.927855,2026-04-26T12:18:36.927855,1
SPEEDLOTTO_500_STORE_02196,72960747,오천억복권방,,미상,,,,speedlotto_500,24,first,1,200000000,2026-04-26T12:18:36.927855,2026-04-26T12:18:36.927855,1
SPEEDLOTTO_500_STORE_02197,74163177,명당골복권방,,미상,,,,speedlotto_500,24,first,1,200000000,2026-04-26T12:18:36.927855,2026-04-26T12:18:36.927855,1
SPEEDLOTTO_500_STORE_02198,72661445,CU사상서부,,미상,,,,speedlotto_500,24,first,1,200000000,2026-04-26T12:18:36.927855,2026-04-26T12:18:36.927855,2
SPEEDLOTTO_500_STORE_02199,74661194,스타복권,,미상,,,,speedlotto_500,24,first,1,200000000,2026-04-26T12:18:36.927855,2026-04-26T12:18:36.927855,1
SPEEDLOTTO_500_STORE_02200,74761757,SE왜관희망점,,미상,,,,speedlotto_500,24,first,1,200000000,2026-04-26T12:18:36.927855,2026-04-26T12:18:36.927855,1
SPEEDLOTTO_500_STORE_02201,74661178,제철로또대리점,,미상,,,,speedlotto_500,24,first,1,200000000,2026-04-26T12:18:36.927855,2026-04-26T12:18:36.927855,1
SPEEDLOTTO_500_STORE_02202,74161285,차부상회,,미상,,,,speedlotto_500,24,first,1,200000000,2026-04-26T12:18:36.927855,2026-04-26T12:18:36.927855,1
SPEEDLOTTO_500_STORE_02203,74360035,복덩어리,,미상,,,,speedlotto_500,24,first,1,200000000,2026-04-26T12:18:36.927855,2026-04-26T12:18:36.927855,1
SPEEDLOTTO_500_STORE_02204,72960008,도울복권,,미상,,,,speedlotto_500,24,first,1,200000000,2026-04-26T12:18:36.927855,2026-04-26T12:18:36.927855,1
SPEEDLOTTO_500_STORE_02205,72860361,프리마트,,미상,,,,speedlotto_500,24,first,1,200000000,2026-04-26T12:18:36.927855,2026-04-26T12:18:36.927855,1
SPEEDLOTTO_500_STORE_02206,73160635,삼우슈퍼,,미상,,,,speedlotto_500,24,first,1,200000000,2026-04-26T12:18:36.927855,2026-04-26T12:18:36.927855,1
SPEEDLOTTO_500_STORE_02207,72860822,복권왕국,,미상,,,,speedlotto_500,24,first,1,200000000,2026-04-26T12:18:36.927855,2026-04-26T12:18:36.927855,1
SPEEDLOTTO_500_STORE_02208,73160368,이마트24삼산본동,,미상,,,,speedlotto_500,24,first,1,200000000,2026-04-26T12:18:36.927855,2026-04-26T12:18:36.927855,1
SPEEDLOTTO_500_STORE_02209,74160255,CU 포천가산점,,미상,,,,speedlotto_500,24,first,1,200000000,2026-04-26T12:18:36.927855,2026-04-26T12:18:36.927855,1
SPEEDLOTTO_500_STORE_02210,72960924,진곡산단로또,,미상,,,,speedlotto_500,24,first,1,200000000,2026-04-26T12:18:36.927855,2026-04-26T12:18:36.927855,1
SPEEDLOTTO_500_STORE_02211,74760798,빙그레마트,,미상,,,,speedlotto_500,24,first,1,200000000,2026-04-26T12:18:36.927855,2026-04-26T12:18:36.927855,1
SPEEDLOTTO_500_STORE_02212,74360026,굿모닝복권방,,미상,,,,speedlotto_500,24,first,1,200000000,2026-04-26T12:18:36.927855,2026-04-26T12:18:36.927855,1
SPEEDLOTTO_500_STORE_02213,74760164,옹천왕대박슈퍼,,미상,,,,speedlotto_500,24,first,1,200000000,2026-04-26T12:18:36.927855,2026-04-26T12:18:36.927855,1
SPEEDLOTTO_500_STORE_02214,72861215,노다지복권방(학익),,미상,,,,speedlotto_500,24,first,1,200000000,2026-04-26T12:18:36.927855,2026-04-26T12:18:36.927855,1
SPEEDLOTTO_500_STORE_02215,71163495,CU 송파한화2호점,,미상,,,,speedlotto_500,24,first,1,200000000,2026-04-26T12:18:36.927855,2026-04-26T12:18:36.927855,1
SPEEDLOTTO_500_STORE_02216,74160110,GS 양주신산점,,미상,,,,speedlotto_500,24,first,1,200000000,2026-04-26T12:18:36.927855,2026-04-26T12:18:36.927855,1
SPEEDLOTTO_500_STORE_02217,74761012,로또훼미리마트왜관점,,미상,,,,speedlotto_500,24,first,1,200000000,2026-04-26T12:18:36.927855,2026-04-26T12:18:36.927855,1
SPEEDLOTTO_500_STORE_02218,99999990,미확인 판매점 ,,미상,,,,speedlotto_500,24,first,1,200000000,2026-04-26T12:18:36.927855,2026-04-26T12:18:36.927855,1
SPEEDLOTTO_500_STORE_02219,74460619,GS25봉명희망점,,미상,,,,speedlotto_500,24,first,1,200000000,2026-04-26T12:18:36.927855,2026-04-26T12:18:36.927855,1
SPEEDLOTTO_500_STORE_02220,72960633,채널Q24시로또주월점,,미상,,,,speedlotto_500,24,first,1,200000000,2026-04-26T12:18:36.927855,2026-04-26T12:18:36.927855,1
SPEEDLOTTO_500_STORE_02221,74162879,CU 안산이동제일점,,미상,,,,speedlotto_500,24,first,1,200000000,2026-04-26T12:18:36.927855,2026-04-26T12:18:36.927855,1
SPEEDLOTTO_500_STORE_02222,74861498,채널큐,,미상,,,,speedlotto_500,24,first,1,400000000,2026-04-26T12:18:36.927855,2026-04-26T12:18:36.927855,1
SPEEDLOTTO_500_STORE_02223,74860026,미니스톱 평산점,,미상,,,,speedlotto_500,24,first,1,400000000,2026-04-26T12:18:36.927855,2026-04-26T12:18:36.927855,1
SPEEDLOTTO_500_STORE_02224,72760607,대백마트,,미상,,,,speedlotto_500,24,first,1,200000000,2026-04-26T12:18:36.927855,2026-04-26T12:18:36.927855,1
SPEEDLOTTO_500_STORE_02225,71161288,세븐일레븐,,미상,,,,speedlotto_500,24,first,1,200000000,2026-04-26T12:18:36.927855,2026-04-26T12:18:36.927855,1
SPEEDLOTTO_500_STORE_02226,74163134,CU 구운선경점,,미상,,,,speedlotto_500,24,first,1,200000000,2026-04-26T12:18:36.927855,2026-04-26T12:18:36.927855,1
SPEEDLOTTO_500_STORE_02227,74163861,ANY로또,,미상,,,,speedlotto_500,24,first,1,200000000,2026-04-26T12:18:36.927855,2026-04-26T12:18:36.927855,1
SPEEDLOTTO_500_STORE_02228,71163684,스포츠베팅샵,,미상,,,,speedlotto_500,24,first,1,200000000,2026-04-26T12:18:36.927855,2026-04-26T12:18:36.927855,1
SPEEDLOTTO_500_STORE_02229,74260737,복권뱅크,,미상,,,,speedlotto_500,24,first,1,200000000,2026-04-26T12:18:36.927855,2026-04-26T12:18:36.927855,1
SPEEDLOTTO_500_STORE_02230,74860113,창원25시슈퍼(24시로또복권),,미상,,,,speedlotto_500,24,first,1,200000000,2026-04-26T12:18:36.927855,2026-04-26T12:18:36.927855,1
SPEEDLOTTO_500_STORE_02231,71160248,복마니복권방,,미상,,,,speedlotto_500,24,first,1,200000000,2026-04-26T12:18:36.927855,2026-04-26T12:18:36.927855,1
SPEEDLOTTO_500_STORE_02232,74860442,운동장마트,,미상,,,,speedlotto_500,24,first,1,200000000,2026-04-26T12:18:36.927855,2026-04-26T12:18:36.927855,1
SPEEDLOTTO_500_STORE_02233,71160111,복권나라,,미상,,,,speedlotto_500,24,first,1,200000000,2026-04-26T12:18:36.927855,2026-04-26T12:18:36.927855,1
SPEEDLOTTO_500_STORE_02234,74660663,CU목포비파점,,미상,,,,speedlotto_500,24,first,1,200000000,2026-04-26T12:18:36.927855,2026-04-26T12:18:36.927855,1
SPEEDLOTTO_500_STORE_02235,73060444,씨스페이스유성신우점,,미상,,,,speedlotto_500,24,first,1,200000000,2026-04-26T12:18:36.927855,2026-04-26T12:18:36.927855,1
SPEEDLOTTO_500_STORE_02236,74162956,세븐일레븐 안산고잔금강점,,미상,,,,speedlotto_500,24,first,1,200000000,2026-04-26T12:18:36.927855,2026-04-26T12:18:36.927855,1
SPEEDLOTTO_500_STORE_02237,74960026,하나슈퍼,,미상,,,,speedlotto_500,24,first,1,200000000,2026-04-26T12:18:36.927855,2026-04-26T12:18:36.927855,1
SPEEDLOTTO_500_STORE_02238,71161818,CU,,미상,,,,speedlotto_500,24,first,1,200000000,2026-04-26T12:18:36.927855,2026-04-26T12:18:36.927855,1
SPEEDLOTTO_500_STORE_02239,74163317,명진슈퍼,,미상,,,,speedlotto_500,24,first,1,200000000,2026-04-26T12:18:36.927855,2026-04-26T12:18:36.927855,1
SPEEDLOTTO_500_STORE_02240,71164520,양천24,,미상,,,,speedlotto_500,24,first,1,200000000,2026-04-26T12:18:36.927855,2026-04-26T12:18:36.927855,1
SPEEDLOTTO_500_STORE_02241,74163911,복권방,,미상,,,,speedlotto_500,24,first,1,200000000,2026-04-26T12:18:36.927855,2026-04-26T12:18:36.927855,1
SPEEDLOTTO_500_STORE_02242,71160627,세븐일레븐,,미상,,,,speedlotto_500,24,first,1,200000000,2026-04-26T12:18:36.927855,2026-04-26T12:18:36.927855,1
SPEEDLOTTO_500_STORE_02243,74260514,편의점,,미상,,,,speedlotto_500,24,first,1,200000000,2026-04-26T12:18:36.927855,2026-04-26T12:18:36.927855,1
SPEEDLOTTO_500_STORE_02244,74860121,복권방,,미상,,,,speedlotto_500,24,first,1,200000000,2026-04-26T12:18:36.927855,2026-04-26T12:18:36.927855,1
SPEEDLOTTO_500_STORE_02245,72660480,복권천국 복권방,,미상,,,,speedlotto_500,24,first,1,200000000,2026-04-26T12:18:36.927855,2026-04-26T12:18:36.927855,1
SPEEDLOTTO_500_STORE_02246,74460132,편의점,,미상,,,,speedlotto_500,24,first,1,200000000,2026-04-26T12:18:36.927855,2026-04-26T12:18:36.927855,1
SPEEDLOTTO_500_STORE_02247,71162726,가판대,,미상,,,,speedlotto_500,24,first,1,200000000,2026-04-26T12:18:36.927855,2026-04-26T12:18:36.927855,1
SPEEDLOTTO_500_STORE_02248,71162617,편의점,,미상,,,,speedlotto_500,24,first,1,200000000,2026-04-26T12:18:36.928855,2026-04-26T12:18:36.928855,1
SPEEDLOTTO_500_STORE_02249,71161756,복권방,,미상,,,,speedlotto_500,24,first,1,200000000,2026-04-26T12:18:36.928855,2026-04-26T12:18:36.928855,1
SPEEDLOTTO_500_STORE_02250,73160068,우리들 편의점 서부점,,미상,,,,speedlotto_500,24,first,1,200000000,2026-04-26T12:18:36.928855,2026-04-26T12:18:36.928855,1
SPEEDLOTTO_500_STORE_02251,74860224,슈퍼마켓,,미상,,,,speedlotto_500,24,first,1,200000000,2026-04-26T12:18:36.928855,2026-04-26T12:18:36.928855,1
SPEEDLOTTO_500_STORE_02252,74162739,복권방,,미상,,,,speedlotto_500,24,first,1,200000000,2026-04-26T12:18:36.928855,2026-04-26T12:18:36.928855,1
SPEEDLOTTO_500_STORE_02253,74162534,편의점,,미상,,,,speedlotto_500,24,first,1,200000000,2026-04-26T12:18:36.928855,2026-04-26T12:18:36.928855,1
SPEEDLOTTO_500_STORE_02254,74260488,제일복권,,미상,,,,speedlotto_500,24,first,1,200000000,2026-04-26T12:18:36.928855,2026-04-26T12:18:36.928855,1
SPEEDLOTTO_500_STORE_02255,74260444,복권방,,미상,,,,speedlotto_500,24,first,1,200000000,2026-04-26T12:18:36.928855,2026-04-26T12:18:36.928855,1
SPEEDLOTTO_500_STORE_02256,72863021,수퍼마켓,,미상,,,,speedlotto_500,24,first,1,200000000,2026-04-26T12:18:36.928855,2026-04-26T12:18:36.928855,1
SPEEDLOTTO_500_STORE_02257,74160427,만물복권방,,미상,,,,speedlotto_500,24,first,1,200000000,2026-04-26T12:18:36.928855,2026-04-26T12:18:36.928855,1
SPEEDLOTTO_500_STORE_02258,74861125,편의점,,미상,,,,speedlotto_500,24,first,1,200000000,2026-04-26T12:18:36.928855,2026-04-26T12:18:36.928855,1
SPEEDLOTTO_500_STORE_02259,71160697,가판,,미상,,,,speedlotto_500,24,first,1,200000000,2026-04-26T12:18:36.928855,2026-04-26T12:18:36.928855,1
SPEEDLOTTO_500_STORE_02260,74861027,수퍼마켓,,미상,,,,speedlotto_500,24,first,1,200000000,2026-04-26T12:18:36.928855,2026-04-26T12:18:36.928855,1
SPEEDLOTTO_500_STORE_02261,74460594,수퍼마켓,,미상,,,,speedlotto_500,24,first,1,200000000,2026-04-26T12:18:36.928855,2026-04-26T12:18:36.928855,1
SPEEDLOTTO_500_STORE_02262,74560222,편의점,,미상,,,,speedlotto_500,24,first,1,200000000,2026-04-26T12:18:36.928855,2026-04-26T12:18:36.928855,1
SPEEDLOTTO_500_STORE_02263,74860491,편의점,,미상,,,,speedlotto_500,24,first,1,200000000,2026-04-26T12:18:36.928855,2026-04-26T12:18:36.928855,1
SPEEDLOTTO_500_STORE_02264,74164096,복권방,,미상,,,,speedlotto_500,24,first,1,200000000,2026-04-26T12:18:36.928855,2026-04-26T12:18:36.928855,1
SPEEDLOTTO_500_STORE_02265,73060537,원마트 편의점,,미상,,,,speedlotto_500,24,first,1,200000000,2026-04-26T12:18:36.928855,2026-04-26T12:18:36.928855,1
SPEEDLOTTO_500_STORE_02266,74660195,복권방,,미상,,,,speedlotto_500,24,first,1,200000000,2026-04-26T12:18:36.928855,2026-04-26T12:18:36.928855,1
SPEEDLOTTO_500_STORE_02267,74860751,미니스톱,,미상,,,,speedlotto_500,24,first,1,200000000,2026-04-26T12:18:36.928855,2026-04-26T12:18:36.928855,1
SPEEDLOTTO_500_STORE_02268,72660051,편의점,,미상,,,,speedlotto_500,24,first,1,200000000,2026-04-26T12:18:36.928855,2026-04-26T12:18:36.928855,1
SPEEDLOTTO_500_STORE_02269,71163551,슈퍼,,미상,,,,speedlotto_500,24,first,1,200000000,2026-04-26T12:18:36.928855,2026-04-26T12:18:36.928855,1
SPEEDLOTTO_500_STORE_02270,71161183,가판,,미상,,,,speedlotto_500,24,first,1,200000000,2026-04-26T12:18:36.928855,2026-04-26T12:18:36.928855,1
SPEEDLOTTO_500_STORE_02271,71164341,복권방,,미상,,,,speedlotto_500,24,first,1,200000000,2026-04-26T12:18:36.928855,2026-04-26T12:18:36.928855,1
SPEEDLOTTO_500_STORE_02272,73160111,우리들 편의점 서부점,,미상,,,,speedlotto_500,24,first,1,200000000,2026-04-26T12:18:36.928855,2026-04-26T12:18:36.928855,1
SPEEDLOTTO_500_STORE_02273,72960822,편의점,,미상,,,,speedlotto_500,24,first,1,200000000,2026-04-26T12:18:36.928855,2026-04-26T12:18:36.928855,1
SPEEDLOTTO_500_STORE_02274,74162947,편의점,,미상,,,,speedlotto_500,24,first,1,200000000,2026-04-26T12:18:36.928855,2026-04-26T12:18:36.928855,1
SPEEDLOTTO_500_STORE_02275,72660156,복권방,,미상,,,,speedlotto_500,24,first,1,200000000,2026-04-26T12:18:36.928855,2026-04-26T12:18:36.928855,1
SPEEDLOTTO_500_STORE_02276,74160347,토토마트 (구 편의점사랑),,미상,,,,speedlotto_500,23,first,1,200000000,2026-04-26T12:18:38.785892,2026-04-26T12:18:38.785892,1
SPEEDLOTTO_500_STORE_02277,74760625,CSPACE구미옥계점,,미상,,,,speedlotto_500,23,first,1,200000000,2026-04-26T12:18:38.785892,2026-04-26T12:18:38.785892,1
SPEEDLOTTO_500_STORE_02278,74163706,다우토토샵,,미상,,,,speedlotto_500,23,first,1,200000000,2026-04-26T12:18:38.785892,2026-04-26T12:18:38.785892,1
SPEEDLOTTO_500_STORE_02279,74261788,일등당첨,,미상,,,,speedlotto_500,23,first,1,200000000,2026-04-26T12:18:38.785892,2026-04-26T12:18:38.785892,1
SPEEDLOTTO_500_STORE_02280,72662656,황금복권방,,미상,,,,speedlotto_500,23,first,1,200000000,2026-04-26T12:18:38.785892,2026-04-26T12:18:38.785892,1
SPEEDLOTTO_500_STORE_02281,74660464,드림복권(2호광장),,미상,,,,speedlotto_500,23,first,1,200000000,2026-04-26T12:18:38.785892,2026-04-26T12:18:38.785892,1
SPEEDLOTTO_500_STORE_02282,73160721,또로또,,미상,,,,speedlotto_500,23,first,1,200000000,2026-04-26T12:18:38.785892,2026-04-26T12:18:38.785892,1
SPEEDLOTTO_500_STORE_02283,74166759,GS25이동센터점,,미상,,,,speedlotto_500,23,first,1,200000000,2026-04-26T12:18:38.785892,2026-04-26T12:18:38.785892,1
SPEEDLOTTO_500_STORE_02284,74162803,보물섬복권방,,미상,,,,speedlotto_500,23,first,1,200000000,2026-04-26T12:18:38.785892,2026-04-26T12:18:38.785892,1
SPEEDLOTTO_500_STORE_02285,71162035,천하명당복권방,,미상,,,,speedlotto_500,23,first,1,200000000,2026-04-26T12:18:38.785892,2026-04-26T12:18:38.785892,1
SPEEDLOTTO_500_STORE_02286,73061011,금화로또마트,,미상,,,,speedlotto_500,23,first,1,200000000,2026-04-26T12:18:38.785892,2026-04-26T12:18:38.785892,1
SPEEDLOTTO_500_STORE_02287,72960747,오천억복권방,,미상,,,,speedlotto_500,23,first,1,200000000,2026-04-26T12:18:38.785892,2026-04-26T12:18:38.785892,1
SPEEDLOTTO_500_STORE_02288,74163177,명당골복권방,,미상,,,,speedlotto_500,23,first,1,200000000,2026-04-26T12:18:38.785892,2026-04-26T12:18:38.785892,1
SPEEDLOTTO_500_STORE_02289,72661445,CU사상서부,,미상,,,,speedlotto_500,23,first,1,200000000,2026-04-26T12:18:38.785892,2026-04-26T12:18:38.785892,2
SPEEDLOTTO_500_STORE_02290,74661194,스타복권,,미상,,,,speedlotto_500,23,first,1,200000000,2026-04-26T12:18:38.785892,2026-04-26T12:18:38.785892,1
SPEEDLOTTO_500_STORE_02291,74761757,SE왜관희망점,,미상,,,,speedlotto_500,23,first,1,200000000,2026-04-26T12:18:38.785892,2026-04-26T12:18:38.785892,1
SPEEDLOTTO_500_STORE_02292,74661178,제철로또대리점,,미상,,,,speedlotto_500,23,first,1,200000000,2026-04-26T12:18:38.785892,2026-04-26T12:18:38.785892,1
SPEEDLOTTO_500_STORE_02293,74161285,차부상회,,미상,,,,speedlotto_500,23,first,1,200000000,2026-04-26T12:18:38.785892,2026-04-26T12:18:38.785892,1
SPEEDLOTTO_500_STORE_02294,74360035,복덩어리,,미상,,,,speedlotto_500,23,first,1,200000000,2026-04-26T12:18:38.785892,2026-04-26T12:18:38.785892,1
SPEEDLOTTO_500_STORE_02295,72960008,도울복권,,미상,,,,speedlotto_500,23,first,1,200000000,2026-04-26T12:18:38.785892,2026-04-26T12:18:38.785892,1
SPEEDLOTTO_500_STORE_02296,72860361,프리마트,,미상,,,,speedlotto_500,23,first,1,200000000,2026-04-26T12:18:38.785892,2026-04-26T12:18:38.785892,1
SPEEDLOTTO_500_STORE_02297,73160635,삼우슈퍼,,미상,,,,speedlotto_500,23,first,1,200000000,2026-04-26T12:18:38.785892,2026-04-26T12:18:38.785892,1
SPEEDLOTTO_500_STORE_02298,72860822,복권왕국,,미상,,,,speedlotto_500,23,first,1,200000000,2026-04-26T12:18:38.785892,2026-04-26T12:18:38.785892,1
SPEEDLOTTO_500_STORE_02299,73160368,이마트24삼산본동,,미상,,,,speedlotto_500,23,first,1,200000000,2026-04-26T12:18:38.785892,2026-04-26T12:18:38.785892,1
SPEEDLOTTO_500_STORE_02300,74160255,CU 포천가산점,,미상,,,,speedlotto_500,23,first,1,200000000,2026-04-26T12:18:38.785892,2026-04-26T12:18:38.785892,1
SPEEDLOTTO_500_STORE_02301,72960924,진곡산단로또,,미상,,,,speedlotto_500,23,first,1,200000000,2026-04-26T12:18:38.785892,2026-04-26T12:18:38.785892,1
SPEEDLOTTO_500_STORE_02302,74760798,빙그레마트,,미상,,,,speedlotto_500,23,first,1,200000000,2026-04-26T12:18:38.785892,2026-04-26T12:18:38.785892,1
SPEEDLOTTO_500_STORE_02303,74360026,굿모닝복권방,,미상,,,,speedlotto_500,23,first,1,200000000,2026-04-26T12:18:38.785892,2026-04-26T12:18:38.785892,1
SPEEDLOTTO_500_STORE_02304,74760164,옹천왕대박슈퍼,,미상,,,,speedlotto_500,23,first,1,200000000,2026-04-26T12:18:38.785892,2026-04-26T12:18:38.785892,1
SPEEDLOTTO_500_STORE_02305,72861215,노다지복권방(학익),,미상,,,,speedlotto_500,23,first,1,200000000,2026-04-26T12:18:38.785892,2026-04-26T12:18:38.785892,1
SPEEDLOTTO_500_STORE_02306,71163495,CU 송파한화2호점,,미상,,,,speedlotto_500,23,first,1,200000000,2026-04-26T12:18:38.785892,2026-04-26T12:18:38.785892,1
SPEEDLOTTO_500_STORE_02307,74160110,GS 양주신산점,,미상,,,,speedlotto_500,23,first,1,200000000,2026-04-26T12:18:38.785892,2026-04-26T12:18:38.785892,1
SPEEDLOTTO_500_STORE_02308,74761012,로또훼미리마트왜관점,,미상,,,,speedlotto_500,23,first,1,200000000,2026-04-26T12:18:38.785892,2026-04-26T12:18:38.785892,1
SPEEDLOTTO_500_STORE_02309,99999990,미확인 판매점 ,,미상,,,,speedlotto_500,23,first,1,200000000,2026-04-26T12:18:38.785892,2026-04-26T12:18:38.785892,1
SPEEDLOTTO_500_STORE_02310,74460619,GS25봉명희망점,,미상,,,,speedlotto_500,23,first,1,200000000,2026-04-26T12:18:38.785892,2026-04-26T12:18:38.785892,1
SPEEDLOTTO_500_STORE_02311,72960633,채널Q24시로또주월점,,미상,,,,speedlotto_500,23,first,1,200000000,2026-04-26T12:18:38.785892,2026-04-26T12:18:38.785892,1
SPEEDLOTTO_500_STORE_02312,74162879,CU 안산이동제일점,,미상,,,,speedlotto_500,23,first,1,200000000,2026-04-26T12:18:38.785892,2026-04-26T12:18:38.785892,1
SPEEDLOTTO_500_STORE_02313,74861498,채널큐,,미상,,,,speedlotto_500,23,first,1,400000000,2026-04-26T12:18:38.785892,2026-04-26T12:18:38.785892,1
SPEEDLOTTO_500_STORE_02314,74860026,미니스톱 평산점,,미상,,,,speedlotto_500,23,first,1,400000000,2026-04-26T12:18:38.785892,2026-04-26T12:18:38.785892,1
SPEEDLOTTO_500_STORE_02315,72760607,대백마트,,미상,,,,speedlotto_500,23,first,1,200000000,2026-04-26T12:18:38.785892,2026-04-26T12:18:38.785892,1
SPEEDLOTTO_500_STORE_02316,71161288,세븐일레븐,,미상,,,,speedlotto_500,23,first,1,200000000,2026-04-26T12:18:38.785892,2026-04-26T12:18:38.785892,1
SPEEDLOTTO_500_STORE_02317,74163134,CU 구운선경점,,미상,,,,speedlotto_500,23,first,1,200000000,2026-04-26T12:18:38.785892,2026-04-26T12:18:38.785892,1
SPEEDLOTTO_500_STORE_02318,74163861,ANY로또,,미상,,,,speedlotto_500,23,first,1,200000000,2026-04-26T12:18:38.785892,2026-04-26T12:18:38.785892,1
SPEEDLOTTO_500_STORE_02319,71163684,스포츠베팅샵,,미상,,,,speedlotto_500,23,first,1,200000000,2026-04-26T12:18:38.785892,2026-04-26T12:18:38.785892,1
SPEEDLOTTO_500_STORE_02320,74260737,복권뱅크,,미상,,,,speedlotto_500,23,first,1,200000000,2026-04-26T12:18:38.785892,2026-04-26T12:18:38.785892,1
SPEEDLOTTO_500_STORE_02321,74860113,창원25시슈퍼(24시로또복권),,미상,,,,speedlotto_500,23,first,1,200000000,2026-04-26T12:18:38.785892,2026-04-26T12:18:38.785892,1
SPEEDLOTTO_500_STORE_02322,71160248,복마니복권방,,미상,,,,speedlotto_500,23,first,1,200000000,2026-04-26T12:18:38.785892,2026-04-26T12:18:38.785892,1
SPEEDLOTTO_500_STORE_02323,74860442,운동장마트,,미상,,,,speedlotto_500,23,first,1,200000000,2026-04-26T12:18:38.785892,2026-04-26T12:18:38.785892,1
SPEEDLOTTO_500_STORE_02324,71160111,복권나라,,미상,,,,speedlotto_500,23,first,1,200000000,2026-04-26T12:18:38.785892,2026-04-26T12:18:38.785892,1
SPEEDLOTTO_500_STORE_02325,74660663,CU목포비파점,,미상,,,,speedlotto_500,23,first,1,200000000,2026-04-26T12:18:38.785892,2026-04-26T12:18:38.785892,1
SPEEDLOTTO_500_STORE_02326,73060444,씨스페이스유성신우점,,미상,,,,speedlotto_500,23,first,1,200000000,2026-04-26T12:18:38.785892,2026-04-26T12:18:38.785892,1
SPEEDLOTTO_500_STORE_02327,74162956,세븐일레븐 안산고잔금강점,,미상,,,,speedlotto_500,23,first,1,200000000,2026-04-26T12:18:38.785892,2026-04-26T12:18:38.785892,1
SPEEDLOTTO_500_STORE_02328,74960026,하나슈퍼,,미상,,,,speedlotto_500,23,first,1,200000000,2026-04-26T12:18:38.785892,2026-04-26T12:18:38.785892,1
SPEEDLOTTO_500_STORE_02329,71161818,CU,,미상,,,,speedlotto_500,23,first,1,200000000,2026-04-26T12:18:38.785892,2026-04-26T12:18:38.785892,1
SPEEDLOTTO_500_STORE_02330,74163317,명진슈퍼,,미상,,,,speedlotto_500,23,first,1,200000000,2026-04-26T12:18:38.785892,2026-04-26T12:18:38.785892,1
SPEEDLOTTO_500_STORE_02331,71164520,양천24,,미상,,,,speedlotto_500,23,first,1,200000000,2026-04-26T12:18:38.785892,2026-04-26T12:18:38.785892,1
SPEEDLOTTO_500_STORE_02332,74163911,복권방,,미상,,,,speedlotto_500,23,first,1,200000000,2026-04-26T12:18:38.785892,2026-04-26T12:18:38.785892,1
SPEEDLOTTO_500_STORE_02333,71160627,세븐일레븐,,미상,,,,speedlotto_500,23,first,1,200000000,2026-04-26T12:18:38.785892,2026-04-26T12:18:38.785892,1
SPEEDLOTTO_500_STORE_02334,74260514,편의점,,미상,,,,speedlotto_500,23,first,1,200000000,2026-04-26T12:18:38.785892,2026-04-26T12:18:38.785892,1
SPEEDLOTTO_500_STORE_02335,74860121,복권방,,미상,,,,speedlotto_500,23,first,1,200000000,2026-04-26T12:18:38.785892,2026-04-26T12:18:38.785892,1
SPEEDLOTTO_500_STORE_02336,72660480,복권천국 복권방,,미상,,,,speedlotto_500,23,first,1,200000000,2026-04-26T12:18:38.785892,2026-04-26T12:18:38.785892,1
SPEEDLOTTO_500_STORE_02337,74460132,편의점,,미상,,,,speedlotto_500,23,first,1,200000000,2026-04-26T12:18:38.785892,2026-04-26T12:18:38.785892,1
SPEEDLOTTO_500_STORE_02338,71162726,가판대,,미상,,,,speedlotto_500,23,first,1,200000000,2026-04-26T12:18:38.785892,2026-04-26T12:18:38.785892,1
SPEEDLOTTO_500_STORE_02339,71162617,편의점,,미상,,,,speedlotto_500,23,first,1,200000000,2026-04-26T12:18:38.785892,2026-04-26T12:18:38.785892,1
SPEEDLOTTO_500_STORE_02340,71161756,복권방,,미상,,,,speedlotto_500,23,first,1,200000000,2026-04-26T12:18:38.785892,2026-04-26T12:18:38.785892,1
SPEEDLOTTO_500_STORE_02341,73160068,우리들 편의점 서부점,,미상,,,,speedlotto_500,23,first,1,200000000,2026-04-26T12:18:38.785892,2026-04-26T12:18:38.785892,1
SPEEDLOTTO_500_STORE_02342,74860224,슈퍼마켓,,미상,,,,speedlotto_500,23,first,1,200000000,2026-04-26T12:18:38.785892,2026-04-26T12:18:38.785892,1
SPEEDLOTTO_500_STORE_02343,74162739,복권방,,미상,,,,speedlotto_500,23,first,1,200000000,2026-04-26T12:18:38.785892,2026-04-26T12:18:38.785892,1
SPEEDLOTTO_500_STORE_02344,74162534,편의점,,미상,,,,speedlotto_500,23,first,1,200000000,2026-04-26T12:18:38.785892,2026-04-26T12:18:38.785892,1
SPEEDLOTTO_500_STORE_02345,74260488,제일복권,,미상,,,,speedlotto_500,23,first,1,200000000,2026-04-26T12:18:38.785892,2026-04-26T12:18:38.785892,1
SPEEDLOTTO_500_STORE_02346,74260444,복권방,,미상,,,,speedlotto_500,23,first,1,200000000,2026-04-26T12:18:38.785892,2026-04-26T12:18:38.785892,1
SPEEDLOTTO_500_STORE_02347,72863021,수퍼마켓,,미상,,,,speedlotto_500,23,first,1,200000000,2026-04-26T12:18:38.785892,2026-04-26T12:18:38.785892,1
SPEEDLOTTO_500_STORE_02348,74160427,만물복권방,,미상,,,,speedlotto_500,23,first,1,200000000,2026-04-26T12:18:38.785892,2026-04-26T12:18:38.785892,1
SPEEDLOTTO_500_STORE_02349,74861125,편의점,,미상,,,,speedlotto_500,23,first,1,200000000,2026-04-26T12:18:38.785892,2026-04-26T12:18:38.785892,1
SPEEDLOTTO_500_STORE_02350,71160697,가판,,미상,,,,speedlotto_500,23,first,1,200000000,2026-04-26T12:18:38.785892,2026-04-26T12:18:38.785892,1
SPEEDLOTTO_500_STORE_02351,74861027,수퍼마켓,,미상,,,,speedlotto_500,23,first,1,200000000,2026-04-26T12:18:38.785892,2026-04-26T12:18:38.785892,1
SPEEDLOTTO_500_STORE_02352,74460594,수퍼마켓,,미상,,,,speedlotto_500,23,first,1,200000000,2026-04-26T12:18:38.785892,2026-04-26T12:18:38.785892,1
SPEEDLOTTO_500_STORE_02353,74560222,편의점,,미상,,,,speedlotto_500,23,first,1,200000000,2026-04-26T12:18:38.785892,2026-04-26T12:18:38.785892,1
SPEEDLOTTO_500_STORE_02354,74860491,편의점,,미상,,,,speedlotto_500,23,first,1,200000000,2026-04-26T12:18:38.785892,2026-04-26T12:18:38.785892,1
SPEEDLOTTO_500_STORE_02355,74164096,복권방,,미상,,,,speedlotto_500,23,first,1,200000000,2026-04-26T12:18:38.785892,2026-04-26T12:18:38.785892,1
SPEEDLOTTO_500_STORE_02356,73060537,원마트 편의점,,미상,,,,speedlotto_500,23,first,1,200000000,2026-04-26T12:18:38.785892,2026-04-26T12:18:38.785892,1
SPEEDLOTTO_500_STORE_02357,74660195,복권방,,미상,,,,speedlotto_500,23,first,1,200000000,2026-04-26T12:18:38.785892,2026-04-26T12:18:38.785892,1
SPEEDLOTTO_500_STORE_02358,74860751,미니스톱,,미상,,,,speedlotto_500,23,first,1,200000000,2026-04-26T12:18:38.785892,2026-04-26T12:18:38.785892,1
SPEEDLOTTO_500_STORE_02359,72660051,편의점,,미상,,,,speedlotto_500,23,first,1,200000000,2026-04-26T12:18:38.785892,2026-04-26T12:18:38.785892,1
SPEEDLOTTO_500_STORE_02360,71163551,슈퍼,,미상,,,,speedlotto_500,23,first,1,200000000,2026-04-26T12:18:38.785892,2026-04-26T12:18:38.785892,1
SPEEDLOTTO_500_STORE_02361,71161183,가판,,미상,,,,speedlotto_500,23,first,1,200000000,2026-04-26T12:18:38.785892,2026-04-26T12:18:38.785892,1
SPEEDLOTTO_500_STORE_02362,71164341,복권방,,미상,,,,speedlotto_500,23,first,1,200000000,2026-04-26T12:18:38.785892,2026-04-26T12:18:38.785892,1
SPEEDLOTTO_500_STORE_02363,73160111,우리들 편의점 서부점,,미상,,,,speedlotto_500,23,first,1,200000000,2026-04-26T12:18:38.785892,2026-04-26T12:18:38.785892,1
SPEEDLOTTO_500_STORE_02364,72960822,편의점,,미상,,,,speedlotto_500,23,first,1,200000000,2026-04-26T12:18:38.785892,2026-04-26T12:18:38.785892,1
SPEEDLOTTO_500_STORE_02365,74162947,편의점,,미상,,,,speedlotto_500,23,first,1,200000000,2026-04-26T12:18:38.785892,2026-04-26T12:18:38.785892,1
SPEEDLOTTO_500_STORE_02366,72660156,복권방,,미상,,,,speedlotto_500,23,first,1,200000000,2026-04-26T12:18:38.785892,2026-04-26T12:18:38.785892,1
SPEEDLOTTO_500_STORE_02367,74160347,토토마트 (구 편의점사랑),,미상,,,,speedlotto_500,22,first,1,200000000,2026-04-26T12:18:40.653618,2026-04-26T12:18:40.653618,1
SPEEDLOTTO_500_STORE_02368,74760625,CSPACE구미옥계점,,미상,,,,speedlotto_500,22,first,1,200000000,2026-04-26T12:18:40.653618,2026-04-26T12:18:40.653618,1
SPEEDLOTTO_500_STORE_02369,74163706,다우토토샵,,미상,,,,speedlotto_500,22,first,1,200000000,2026-04-26T12:18:40.653618,2026-04-26T12:18:40.653618,1
SPEEDLOTTO_500_STORE_02370,74261788,일등당첨,,미상,,,,speedlotto_500,22,first,1,200000000,2026-04-26T12:18:40.653618,2026-04-26T12:18:40.653618,1
SPEEDLOTTO_500_STORE_02371,72662656,황금복권방,,미상,,,,speedlotto_500,22,first,1,200000000,2026-04-26T12:18:40.653618,2026-04-26T12:18:40.653618,1
SPEEDLOTTO_500_STORE_02372,74660464,드림복권(2호광장),,미상,,,,speedlotto_500,22,first,1,200000000,2026-04-26T12:18:40.653618,2026-04-26T12:18:40.653618,1
SPEEDLOTTO_500_STORE_02373,73160721,또로또,,미상,,,,speedlotto_500,22,first,1,200000000,2026-04-26T12:18:40.653618,2026-04-26T12:18:40.653618,1
SPEEDLOTTO_500_STORE_02374,74166759,GS25이동센터점,,미상,,,,speedlotto_500,22,first,1,200000000,2026-04-26T12:18:40.653618,2026-04-26T12:18:40.653618,1
SPEEDLOTTO_500_STORE_02375,74162803,보물섬복권방,,미상,,,,speedlotto_500,22,first,1,200000000,2026-04-26T12:18:40.653618,2026-04-26T12:18:40.653618,1
SPEEDLOTTO_500_STORE_02376,71162035,천하명당복권방,,미상,,,,speedlotto_500,22,first,1,200000000,2026-04-26T12:18:40.653618,2026-04-26T12:18:40.653618,1
SPEEDLOTTO_500_STORE_02377,73061011,금화로또마트,,미상,,,,speedlotto_500,22,first,1,200000000,2026-04-26T12:18:40.653618,2026-04-26T12:18:40.653618,1
SPEEDLOTTO_500_STORE_02378,72960747,오천억복권방,,미상,,,,speedlotto_500,22,first,1,200000000,2026-04-26T12:18:40.653618,2026-04-26T12:18:40.653618,1
SPEEDLOTTO_500_STORE_02379,74163177,명당골복권방,,미상,,,,speedlotto_500,22,first,1,200000000,2026-04-26T12:18:40.653618,2026-04-26T12:18:40.653618,1
SPEEDLOTTO_500_STORE_02380,72661445,CU사상서부,,미상,,,,speedlotto_500,22,first,1,200000000,2026-04-26T12:18:40.653618,2026-04-26T12:18:40.653618,2
SPEEDLOTTO_500_STORE_02381,74661194,스타복권,,미상,,,,speedlotto_500,22,first,1,200000000,2026-04-26T12:18:40.653618,2026-04-26T12:18:40.653618,1
SPEEDLOTTO_500_STORE_02382,74761757,SE왜관희망점,,미상,,,,speedlotto_500,22,first,1,200000000,2026-04-26T12:18:40.653618,2026-04-26T12:18:40.653618,1
SPEEDLOTTO_500_STORE_02383,74661178,제철로또대리점,,미상,,,,speedlotto_500,22,first,1,200000000,2026-04-26T12:18:40.653618,2026-04-26T12:18:40.653618,1
SPEEDLOTTO_500_STORE_02384,74161285,차부상회,,미상,,,,speedlotto_500,22,first,1,200000000,2026-04-26T12:18:40.653618,2026-04-26T12:18:40.653618,1
SPEEDLOTTO_500_STORE_02385,74360035,복덩어리,,미상,,,,speedlotto_500,22,first,1,200000000,2026-04-26T12:18:40.653618,2026-04-26T12:18:40.653618,1
SPEEDLOTTO_500_STORE_02386,72960008,도울복권,,미상,,,,speedlotto_500,22,first,1,200000000,2026-04-26T12:18:40.653618,2026-04-26T12:18:40.653618,1
SPEEDLOTTO_500_STORE_02387,72860361,프리마트,,미상,,,,speedlotto_500,22,first,1,200000000,2026-04-26T12:18:40.653618,2026-04-26T12:18:40.653618,1
SPEEDLOTTO_500_STORE_02388,73160635,삼우슈퍼,,미상,,,,speedlotto_500,22,first,1,200000000,2026-04-26T12:18:40.653618,2026-04-26T12:18:40.653618,1
SPEEDLOTTO_500_STORE_02389,72860822,복권왕국,,미상,,,,speedlotto_500,22,first,1,200000000,2026-04-26T12:18:40.653618,2026-04-26T12:18:40.653618,1
SPEEDLOTTO_500_STORE_02390,73160368,이마트24삼산본동,,미상,,,,speedlotto_500,22,first,1,200000000,2026-04-26T12:18:40.653618,2026-04-26T12:18:40.653618,1
SPEEDLOTTO_500_STORE_02391,74160255,CU 포천가산점,,미상,,,,speedlotto_500,22,first,1,200000000,2026-04-26T12:18:40.653618,2026-04-26T12:18:40.653618,1
SPEEDLOTTO_500_STORE_02392,72960924,진곡산단로또,,미상,,,,speedlotto_500,22,first,1,200000000,2026-04-26T12:18:40.653618,2026-04-26T12:18:40.653618,1
SPEEDLOTTO_500_STORE_02393,74760798,빙그레마트,,미상,,,,speedlotto_500,22,first,1,200000000,2026-04-26T12:18:40.653618,2026-04-26T12:18:40.653618,1
SPEEDLOTTO_500_STORE_02394,74360026,굿모닝복권방,,미상,,,,speedlotto_500,22,first,1,200000000,2026-04-26T12:18:40.653618,2026-04-26T12:18:40.653618,1
SPEEDLOTTO_500_STORE_02395,74760164,옹천왕대박슈퍼,,미상,,,,speedlotto_500,22,first,1,200000000,2026-04-26T12:18:40.653618,2026-04-26T12:18:40.653618,1
SPEEDLOTTO_500_STORE_02396,72861215,노다지복권방(학익),,미상,,,,speedlotto_500,22,first,1,200000000,2026-04-26T12:18:40.653618,2026-04-26T12:18:40.653618,1
SPEEDLOTTO_500_STORE_02397,71163495,CU 송파한화2호점,,미상,,,,speedlotto_500,22,first,1,200000000,2026-04-26T12:18:40.653618,2026-04-26T12:18:40.653618,1
SPEEDLOTTO_500_STORE_02398,74160110,GS 양주신산점,,미상,,,,speedlotto_500,22,first,1,200000000,2026-04-26T12:18:40.653618,2026-04-26T12:18:40.653618,1
SPEEDLOTTO_500_STORE_02399,74761012,로또훼미리마트왜관점,,미상,,,,speedlotto_500,22,first,1,200000000,2026-04-26T12:18:40.653618,2026-04-26T12:18:40.653618,1
SPEEDLOTTO_500_STORE_02400,99999990,미확인 판매점 ,,미상,,,,speedlotto_500,22,first,1,200000000,2026-04-26T12:18:40.653618,2026-04-26T12:18:40.653618,1
SPEEDLOTTO_500_STORE_02401,74460619,GS25봉명희망점,,미상,,,,speedlotto_500,22,first,1,200000000,2026-04-26T12:18:40.653618,2026-04-26T12:18:40.653618,1
SPEEDLOTTO_500_STORE_02402,72960633,채널Q24시로또주월점,,미상,,,,speedlotto_500,22,first,1,200000000,2026-04-26T12:18:40.653618,2026-04-26T12:18:40.653618,1
SPEEDLOTTO_500_STORE_02403,74162879,CU 안산이동제일점,,미상,,,,speedlotto_500,22,first,1,200000000,2026-04-26T12:18:40.653618,2026-04-26T12:18:40.653618,1
SPEEDLOTTO_500_STORE_02404,74861498,채널큐,,미상,,,,speedlotto_500,22,first,1,400000000,2026-04-26T12:18:40.653618,2026-04-26T12:18:40.653618,1
SPEEDLOTTO_500_STORE_02405,74860026,미니스톱 평산점,,미상,,,,speedlotto_500,22,first,1,400000000,2026-04-26T12:18:40.653618,2026-04-26T12:18:40.653618,1
SPEEDLOTTO_500_STORE_02406,72760607,대백마트,,미상,,,,speedlotto_500,22,first,1,200000000,2026-04-26T12:18:40.653618,2026-04-26T12:18:40.653618,1
SPEEDLOTTO_500_STORE_02407,71161288,세븐일레븐,,미상,,,,speedlotto_500,22,first,1,200000000,2026-04-26T12:18:40.653618,2026-04-26T12:18:40.653618,1
SPEEDLOTTO_500_STORE_02408,74163134,CU 구운선경점,,미상,,,,speedlotto_500,22,first,1,200000000,2026-04-26T12:18:40.653618,2026-04-26T12:18:40.653618,1
SPEEDLOTTO_500_STORE_02409,74163861,ANY로또,,미상,,,,speedlotto_500,22,first,1,200000000,2026-04-26T12:18:40.653618,2026-04-26T12:18:40.653618,1
SPEEDLOTTO_500_STORE_02410,71163684,스포츠베팅샵,,미상,,,,speedlotto_500,22,first,1,200000000,2026-04-26T12:18:40.653618,2026-04-26T12:18:40.653618,1
SPEEDLOTTO_500_STORE_02411,74260737,복권뱅크,,미상,,,,speedlotto_500,22,first,1,200000000,2026-04-26T12:18:40.653618,2026-04-26T12:18:40.653618,1
SPEEDLOTTO_500_STORE_02412,74860113,창원25시슈퍼(24시로또복권),,미상,,,,speedlotto_500,22,first,1,200000000,2026-04-26T12:18:40.653618,2026-04-26T12:18:40.653618,1
SPEEDLOTTO_500_STORE_02413,71160248,복마니복권방,,미상,,,,speedlotto_500,22,first,1,200000000,2026-04-26T12:18:40.653618,2026-04-26T12:18:40.653618,1
SPEEDLOTTO_500_STORE_02414,74860442,운동장마트,,미상,,,,speedlotto_500,22,first,1,200000000,2026-04-26T12:18:40.653618,2026-04-26T12:18:40.653618,1
SPEEDLOTTO_500_STORE_02415,71160111,복권나라,,미상,,,,speedlotto_500,22,first,1,200000000,2026-04-26T12:18:40.653618,2026-04-26T12:18:40.653618,1
SPEEDLOTTO_500_STORE_02416,74660663,CU목포비파점,,미상,,,,speedlotto_500,22,first,1,200000000,2026-04-26T12:18:40.653618,2026-04-26T12:18:40.653618,1
SPEEDLOTTO_500_STORE_02417,73060444,씨스페이스유성신우점,,미상,,,,speedlotto_500,22,first,1,200000000,2026-04-26T12:18:40.653618,2026-04-26T12:18:40.653618,1
SPEEDLOTTO_500_STORE_02418,74162956,세븐일레븐 안산고잔금강점,,미상,,,,speedlotto_500,22,first,1,200000000,2026-04-26T12:18:40.653618,2026-04-26T12:18:40.653618,1
SPEEDLOTTO_500_STORE_02419,74960026,하나슈퍼,,미상,,,,speedlotto_500,22,first,1,200000000,2026-04-26T12:18:40.653618,2026-04-26T12:18:40.653618,1
SPEEDLOTTO_500_STORE_02420,71161818,CU,,미상,,,,speedlotto_500,22,first,1,200000000,2026-04-26T12:18:40.653618,2026-04-26T12:18:40.653618,1
SPEEDLOTTO_500_STORE_02421,74163317,명진슈퍼,,미상,,,,speedlotto_500,22,first,1,200000000,2026-04-26T12:18:40.653618,2026-04-26T12:18:40.653618,1
SPEEDLOTTO_500_STORE_02422,71164520,양천24,,미상,,,,speedlotto_500,22,first,1,200000000,2026-04-26T12:18:40.653618,2026-04-26T12:18:40.653618,1
SPEEDLOTTO_500_STORE_02423,74163911,복권방,,미상,,,,speedlotto_500,22,first,1,200000000,2026-04-26T12:18:40.653618,2026-04-26T12:18:40.653618,1
SPEEDLOTTO_500_STORE_02424,71160627,세븐일레븐,,미상,,,,speedlotto_500,22,first,1,200000000,2026-04-26T12:18:40.653618,2026-04-26T12:18:40.653618,1
SPEEDLOTTO_500_STORE_02425,74260514,편의점,,미상,,,,speedlotto_500,22,first,1,200000000,2026-04-26T12:18:40.653618,2026-04-26T12:18:40.653618,1
SPEEDLOTTO_500_STORE_02426,74860121,복권방,,미상,,,,speedlotto_500,22,first,1,200000000,2026-04-26T12:18:40.653618,2026-04-26T12:18:40.653618,1
SPEEDLOTTO_500_STORE_02427,72660480,복권천국 복권방,,미상,,,,speedlotto_500,22,first,1,200000000,2026-04-26T12:18:40.653618,2026-04-26T12:18:40.653618,1
SPEEDLOTTO_500_STORE_02428,74460132,편의점,,미상,,,,speedlotto_500,22,first,1,200000000,2026-04-26T12:18:40.653618,2026-04-26T12:18:40.653618,1
SPEEDLOTTO_500_STORE_02429,71162726,가판대,,미상,,,,speedlotto_500,22,first,1,200000000,2026-04-26T12:18:40.653618,2026-04-26T12:18:40.653618,1
SPEEDLOTTO_500_STORE_02430,71162617,편의점,,미상,,,,speedlotto_500,22,first,1,200000000,2026-04-26T12:18:40.653618,2026-04-26T12:18:40.653618,1
SPEEDLOTTO_500_STORE_02431,71161756,복권방,,미상,,,,speedlotto_500,22,first,1,200000000,2026-04-26T12:18:40.653618,2026-04-26T12:18:40.653618,1
SPEEDLOTTO_500_STORE_02432,73160068,우리들 편의점 서부점,,미상,,,,speedlotto_500,22,first,1,200000000,2026-04-26T12:18:40.653618,2026-04-26T12:18:40.653618,1
SPEEDLOTTO_500_STORE_02433,74860224,슈퍼마켓,,미상,,,,speedlotto_500,22,first,1,200000000,2026-04-26T12:18:40.653618,2026-04-26T12:18:40.653618,1
SPEEDLOTTO_500_STORE_02434,74162739,복권방,,미상,,,,speedlotto_500,22,first,1,200000000,2026-04-26T12:18:40.653618,2026-04-26T12:18:40.653618,1
SPEEDLOTTO_500_STORE_02435,74162534,편의점,,미상,,,,speedlotto_500,22,first,1,200000000,2026-04-26T12:18:40.653618,2026-04-26T12:18:40.653618,1
SPEEDLOTTO_500_STORE_02436,74260488,제일복권,,미상,,,,speedlotto_500,22,first,1,200000000,2026-04-26T12:18:40.653618,2026-04-26T12:18:40.653618,1
SPEEDLOTTO_500_STORE_02437,74260444,복권방,,미상,,,,speedlotto_500,22,first,1,200000000,2026-04-26T12:18:40.653618,2026-04-26T12:18:40.653618,1
SPEEDLOTTO_500_STORE_02438,72863021,수퍼마켓,,미상,,,,speedlotto_500,22,first,1,200000000,2026-04-26T12:18:40.653618,2026-04-26T12:18:40.653618,1
SPEEDLOTTO_500_STORE_02439,74160427,만물복권방,,미상,,,,speedlotto_500,22,first,1,200000000,2026-04-26T12:18:40.653618,2026-04-26T12:18:40.653618,1
SPEEDLOTTO_500_STORE_02440,74861125,편의점,,미상,,,,speedlotto_500,22,first,1,200000000,2026-04-26T12:18:40.653618,2026-04-26T12:18:40.653618,1
SPEEDLOTTO_500_STORE_02441,71160697,가판,,미상,,,,speedlotto_500,22,first,1,200000000,2026-04-26T12:18:40.653618,2026-04-26T12:18:40.653618,1
SPEEDLOTTO_500_STORE_02442,74861027,수퍼마켓,,미상,,,,speedlotto_500,22,first,1,200000000,2026-04-26T12:18:40.653618,2026-04-26T12:18:40.653618,1
SPEEDLOTTO_500_STORE_02443,74460594,수퍼마켓,,미상,,,,speedlotto_500,22,first,1,200000000,2026-04-26T12:18:40.653618,2026-04-26T12:18:40.653618,1
SPEEDLOTTO_500_STORE_02444,74560222,편의점,,미상,,,,speedlotto_500,22,first,1,200000000,2026-04-26T12:18:40.653618,2026-04-26T12:18:40.653618,1
SPEEDLOTTO_500_STORE_02445,74860491,편의점,,미상,,,,speedlotto_500,22,first,1,200000000,2026-04-26T12:18:40.653618,2026-04-26T12:18:40.653618,1
SPEEDLOTTO_500_STORE_02446,74164096,복권방,,미상,,,,speedlotto_500,22,first,1,200000000,2026-04-26T12:18:40.653618,2026-04-26T12:18:40.653618,1
SPEEDLOTTO_500_STORE_02447,73060537,원마트 편의점,,미상,,,,speedlotto_500,22,first,1,200000000,2026-04-26T12:18:40.653618,2026-04-26T12:18:40.653618,1
SPEEDLOTTO_500_STORE_02448,74660195,복권방,,미상,,,,speedlotto_500,22,first,1,200000000,2026-04-26T12:18:40.653618,2026-04-26T12:18:40.653618,1
SPEEDLOTTO_500_STORE_02449,74860751,미니스톱,,미상,,,,speedlotto_500,22,first,1,200000000,2026-04-26T12:18:40.653618,2026-04-26T12:18:40.653618,1
SPEEDLOTTO_500_STORE_02450,72660051,편의점,,미상,,,,speedlotto_500,22,first,1,200000000,2026-04-26T12:18:40.653618,2026-04-26T12:18:40.653618,1
SPEEDLOTTO_500_STORE_02451,71163551,슈퍼,,미상,,,,speedlotto_500,22,first,1,200000000,2026-04-26T12:18:40.653618,2026-04-26T12:18:40.653618,1
SPEEDLOTTO_500_STORE_02452,71161183,가판,,미상,,,,speedlotto_500,22,first,1,200000000,2026-04-26T12:18:40.653618,2026-04-26T12:18:40.653618,1
SPEEDLOTTO_500_STORE_02453,71164341,복권방,,미상,,,,speedlotto_500,22,first,1,200000000,2026-04-26T12:18:40.653618,2026-04-26T12:18:40.653618,1
SPEEDLOTTO_500_STORE_02454,73160111,우리들 편의점 서부점,,미상,,,,speedlotto_500,22,first,1,200000000,2026-04-26T12:18:40.653618,2026-04-26T12:18:40.653618,1
SPEEDLOTTO_500_STORE_02455,72960822,편의점,,미상,,,,speedlotto_500,22,first,1,200000000,2026-04-26T12:18:40.653618,2026-04-26T12:18:40.653618,1
SPEEDLOTTO_500_STORE_02456,74162947,편의점,,미상,,,,speedlotto_500,22,first,1,200000000,2026-04-26T12:18:40.653618,2026-04-26T12:18:40.653618,1
SPEEDLOTTO_500_STORE_02457,72660156,복권방,,미상,,,,speedlotto_500,22,first,1,200000000,2026-04-26T12:18:40.653618,2026-04-26T12:18:40.653618,1
SPEEDLOTTO_500_STORE_02458,74160347,토토마트 (구 편의점사랑),,미상,,,,speedlotto_500,21,first,1,200000000,2026-04-26T12:18:42.522359,2026-04-26T12:18:42.522359,1
SPEEDLOTTO_500_STORE_02459,74760625,CSPACE구미옥계점,,미상,,,,speedlotto_500,21,first,1,200000000,2026-04-26T12:18:42.522359,2026-04-26T12:18:42.522359,1
SPEEDLOTTO_500_STORE_02460,74163706,다우토토샵,,미상,,,,speedlotto_500,21,first,1,200000000,2026-04-26T12:18:42.522359,2026-04-26T12:18:42.522359,1
SPEEDLOTTO_500_STORE_02461,74261788,일등당첨,,미상,,,,speedlotto_500,21,first,1,200000000,2026-04-26T12:18:42.522359,2026-04-26T12:18:42.522359,1
SPEEDLOTTO_500_STORE_02462,72662656,황금복권방,,미상,,,,speedlotto_500,21,first,1,200000000,2026-04-26T12:18:42.522359,2026-04-26T12:18:42.522359,1
SPEEDLOTTO_500_STORE_02463,74660464,드림복권(2호광장),,미상,,,,speedlotto_500,21,first,1,200000000,2026-04-26T12:18:42.522359,2026-04-26T12:18:42.522359,1
SPEEDLOTTO_500_STORE_02464,73160721,또로또,,미상,,,,speedlotto_500,21,first,1,200000000,2026-04-26T12:18:42.522359,2026-04-26T12:18:42.522359,1
SPEEDLOTTO_500_STORE_02465,74166759,GS25이동센터점,,미상,,,,speedlotto_500,21,first,1,200000000,2026-04-26T12:18:42.522359,2026-04-26T12:18:42.522359,1
SPEEDLOTTO_500_STORE_02466,74162803,보물섬복권방,,미상,,,,speedlotto_500,21,first,1,200000000,2026-04-26T12:18:42.522359,2026-04-26T12:18:42.522359,1
SPEEDLOTTO_500_STORE_02467,71162035,천하명당복권방,,미상,,,,speedlotto_500,21,first,1,200000000,2026-04-26T12:18:42.522359,2026-04-26T12:18:42.522359,1
SPEEDLOTTO_500_STORE_02468,73061011,금화로또마트,,미상,,,,speedlotto_500,21,first,1,200000000,2026-04-26T12:18:42.522359,2026-04-26T12:18:42.522359,1
SPEEDLOTTO_500_STORE_02469,72960747,오천억복권방,,미상,,,,speedlotto_500,21,first,1,200000000,2026-04-26T12:18:42.522359,2026-04-26T12:18:42.522359,1
SPEEDLOTTO_500_STORE_02470,74163177,명당골복권방,,미상,,,,speedlotto_500,21,first,1,200000000,2026-04-26T12:18:42.522359,2026-04-26T12:18:42.522359,1
SPEEDLOTTO_500_STORE_02471,72661445,CU사상서부,,미상,,,,speedlotto_500,21,first,1,200000000,2026-04-26T12:18:42.522359,2026-04-26T12:18:42.522359,2
SPEEDLOTTO_500_STORE_02472,74661194,스타복권,,미상,,,,speedlotto_500,21,first,1,200000000,2026-04-26T12:18:42.522359,2026-04-26T12:18:42.522359,1
SPEEDLOTTO_500_STORE_02473,74761757,SE왜관희망점,,미상,,,,speedlotto_500,21,first,1,200000000,2026-04-26T12:18:42.522359,2026-04-26T12:18:42.522359,1
SPEEDLOTTO_500_STORE_02474,74661178,제철로또대리점,,미상,,,,speedlotto_500,21,first,1,200000000,2026-04-26T12:18:42.522359,2026-04-26T12:18:42.522359,1
SPEEDLOTTO_500_STORE_02475,74161285,차부상회,,미상,,,,speedlotto_500,21,first,1,200000000,2026-04-26T12:18:42.522359,2026-04-26T12:18:42.522359,1
SPEEDLOTTO_500_STORE_02476,74360035,복덩어리,,미상,,,,speedlotto_500,21,first,1,200000000,2026-04-26T12:18:42.522359,2026-04-26T12:18:42.522359,1
SPEEDLOTTO_500_STORE_02477,72960008,도울복권,,미상,,,,speedlotto_500,21,first,1,200000000,2026-04-26T12:18:42.522359,2026-04-26T12:18:42.522359,1
SPEEDLOTTO_500_STORE_02478,72860361,프리마트,,미상,,,,speedlotto_500,21,first,1,200000000,2026-04-26T12:18:42.522359,2026-04-26T12:18:42.522359,1
SPEEDLOTTO_500_STORE_02479,73160635,삼우슈퍼,,미상,,,,speedlotto_500,21,first,1,200000000,2026-04-26T12:18:42.522359,2026-04-26T12:18:42.522359,1
SPEEDLOTTO_500_STORE_02480,72860822,복권왕국,,미상,,,,speedlotto_500,21,first,1,200000000,2026-04-26T12:18:42.522359,2026-04-26T12:18:42.522359,1
SPEEDLOTTO_500_STORE_02481,73160368,이마트24삼산본동,,미상,,,,speedlotto_500,21,first,1,200000000,2026-04-26T12:18:42.522359,2026-04-26T12:18:42.522359,1
SPEEDLOTTO_500_STORE_02482,74160255,CU 포천가산점,,미상,,,,speedlotto_500,21,first,1,200000000,2026-04-26T12:18:42.522359,2026-04-26T12:18:42.522359,1
SPEEDLOTTO_500_STORE_02483,72960924,진곡산단로또,,미상,,,,speedlotto_500,21,first,1,200000000,2026-04-26T12:18:42.522359,2026-04-26T12:18:42.522359,1
SPEEDLOTTO_500_STORE_02484,74760798,빙그레마트,,미상,,,,speedlotto_500,21,first,1,200000000,2026-04-26T12:18:42.522359,2026-04-26T12:18:42.522359,1
SPEEDLOTTO_500_STORE_02485,74360026,굿모닝복권방,,미상,,,,speedlotto_500,21,first,1,200000000,2026-04-26T12:18:42.522359,2026-04-26T12:18:42.522359,1
SPEEDLOTTO_500_STORE_02486,74760164,옹천왕대박슈퍼,,미상,,,,speedlotto_500,21,first,1,200000000,2026-04-26T12:18:42.522359,2026-04-26T12:18:42.522359,1
SPEEDLOTTO_500_STORE_02487,72861215,노다지복권방(학익),,미상,,,,speedlotto_500,21,first,1,200000000,2026-04-26T12:18:42.522359,2026-04-26T12:18:42.522359,1
SPEEDLOTTO_500_STORE_02488,71163495,CU 송파한화2호점,,미상,,,,speedlotto_500,21,first,1,200000000,2026-04-26T12:18:42.522359,2026-04-26T12:18:42.522359,1
SPEEDLOTTO_500_STORE_02489,74160110,GS 양주신산점,,미상,,,,speedlotto_500,21,first,1,200000000,2026-04-26T12:18:42.522359,2026-04-26T12:18:42.522359,1
SPEEDLOTTO_500_STORE_02490,74761012,로또훼미리마트왜관점,,미상,,,,speedlotto_500,21,first,1,200000000,2026-04-26T12:18:42.522359,2026-04-26T12:18:42.522359,1
SPEEDLOTTO_500_STORE_02491,99999990,미확인 판매점 ,,미상,,,,speedlotto_500,21,first,1,200000000,2026-04-26T12:18:42.522359,2026-04-26T12:18:42.522359,1
SPEEDLOTTO_500_STORE_02492,74460619,GS25봉명희망점,,미상,,,,speedlotto_500,21,first,1,200000000,2026-04-26T12:18:42.522359,2026-04-26T12:18:42.522359,1
SPEEDLOTTO_500_STORE_02493,72960633,채널Q24시로또주월점,,미상,,,,speedlotto_500,21,first,1,200000000,2026-04-26T12:18:42.522359,2026-04-26T12:18:42.522359,1
SPEEDLOTTO_500_STORE_02494,74162879,CU 안산이동제일점,,미상,,,,speedlotto_500,21,first,1,200000000,2026-04-26T12:18:42.522359,2026-04-26T12:18:42.522359,1
SPEEDLOTTO_500_STORE_02495,74861498,채널큐,,미상,,,,speedlotto_500,21,first,1,400000000,2026-04-26T12:18:42.522359,2026-04-26T12:18:42.522359,1
SPEEDLOTTO_500_STORE_02496,74860026,미니스톱 평산점,,미상,,,,speedlotto_500,21,first,1,400000000,2026-04-26T12:18:42.522359,2026-04-26T12:18:42.522359,1
SPEEDLOTTO_500_STORE_02497,72760607,대백마트,,미상,,,,speedlotto_500,21,first,1,200000000,2026-04-26T12:18:42.522359,2026-04-26T12:18:42.522359,1
SPEEDLOTTO_500_STORE_02498,71161288,세븐일레븐,,미상,,,,speedlotto_500,21,first,1,200000000,2026-04-26T12:18:42.522359,2026-04-26T12:18:42.522359,1
SPEEDLOTTO_500_STORE_02499,74163134,CU 구운선경점,,미상,,,,speedlotto_500,21,first,1,200000000,2026-04-26T12:18:42.522359,2026-04-26T12:18:42.522359,1
SPEEDLOTTO_500_STORE_02500,74163861,ANY로또,,미상,,,,speedlotto_500,21,first,1,200000000,2026-04-26T12:18:42.522359,2026-04-26T12:18:42.522359,1
SPEEDLOTTO_500_STORE_02501,71163684,스포츠베팅샵,,미상,,,,speedlotto_500,21,first,1,200000000,2026-04-26T12:18:42.522359,2026-04-26T12:18:42.522359,1
SPEEDLOTTO_500_STORE_02502,74260737,복권뱅크,,미상,,,,speedlotto_500,21,first,1,200000000,2026-04-26T12:18:42.522359,2026-04-26T12:18:42.522359,1
SPEEDLOTTO_500_STORE_02503,74860113,창원25시슈퍼(24시로또복권),,미상,,,,speedlotto_500,21,first,1,200000000,2026-04-26T12:18:42.522359,2026-04-26T12:18:42.522359,1
SPEEDLOTTO_500_STORE_02504,71160248,복마니복권방,,미상,,,,speedlotto_500,21,first,1,200000000,2026-04-26T12:18:42.522359,2026-04-26T12:18:42.522359,1
SPEEDLOTTO_500_STORE_02505,74860442,운동장마트,,미상,,,,speedlotto_500,21,first,1,200000000,2026-04-26T12:18:42.522359,2026-04-26T12:18:42.522359,1
SPEEDLOTTO_500_STORE_02506,71160111,복권나라,,미상,,,,speedlotto_500,21,first,1,200000000,2026-04-26T12:18:42.522359,2026-04-26T12:18:42.522359,1
SPEEDLOTTO_500_STORE_02507,74660663,CU목포비파점,,미상,,,,speedlotto_500,21,first,1,200000000,2026-04-26T12:18:42.522359,2026-04-26T12:18:42.522359,1
SPEEDLOTTO_500_STORE_02508,73060444,씨스페이스유성신우점,,미상,,,,speedlotto_500,21,first,1,200000000,2026-04-26T12:18:42.522359,2026-04-26T12:18:42.522359,1
SPEEDLOTTO_500_STORE_02509,74162956,세븐일레븐 안산고잔금강점,,미상,,,,speedlotto_500,21,first,1,200000000,2026-04-26T12:18:42.522359,2026-04-26T12:18:42.522359,1
SPEEDLOTTO_500_STORE_02510,74960026,하나슈퍼,,미상,,,,speedlotto_500,21,first,1,200000000,2026-04-26T12:18:42.522359,2026-04-26T12:18:42.522359,1
SPEEDLOTTO_500_STORE_02511,71161818,CU,,미상,,,,speedlotto_500,21,first,1,200000000,2026-04-26T12:18:42.522359,2026-04-26T12:18:42.522359,1
SPEEDLOTTO_500_STORE_02512,74163317,명진슈퍼,,미상,,,,speedlotto_500,21,first,1,200000000,2026-04-26T12:18:42.522359,2026-04-26T12:18:42.522359,1
SPEEDLOTTO_500_STORE_02513,71164520,양천24,,미상,,,,speedlotto_500,21,first,1,200000000,2026-04-26T12:18:42.522359,2026-04-26T12:18:42.522359,1
SPEEDLOTTO_500_STORE_02514,74163911,복권방,,미상,,,,speedlotto_500,21,first,1,200000000,2026-04-26T12:18:42.522359,2026-04-26T12:18:42.522359,1
SPEEDLOTTO_500_STORE_02515,71160627,세븐일레븐,,미상,,,,speedlotto_500,21,first,1,200000000,2026-04-26T12:18:42.522359,2026-04-26T12:18:42.522359,1
SPEEDLOTTO_500_STORE_02516,74260514,편의점,,미상,,,,speedlotto_500,21,first,1,200000000,2026-04-26T12:18:42.522359,2026-04-26T12:18:42.522359,1
SPEEDLOTTO_500_STORE_02517,74860121,복권방,,미상,,,,speedlotto_500,21,first,1,200000000,2026-04-26T12:18:42.522359,2026-04-26T12:18:42.522359,1
SPEEDLOTTO_500_STORE_02518,72660480,복권천국 복권방,,미상,,,,speedlotto_500,21,first,1,200000000,2026-04-26T12:18:42.522359,2026-04-26T12:18:42.522359,1
SPEEDLOTTO_500_STORE_02519,74460132,편의점,,미상,,,,speedlotto_500,21,first,1,200000000,2026-04-26T12:18:42.522359,2026-04-26T12:18:42.522359,1
SPEEDLOTTO_500_STORE_02520,71162726,가판대,,미상,,,,speedlotto_500,21,first,1,200000000,2026-04-26T12:18:42.522359,2026-04-26T12:18:42.522359,1
SPEEDLOTTO_500_STORE_02521,71162617,편의점,,미상,,,,speedlotto_500,21,first,1,200000000,2026-04-26T12:18:42.522359,2026-04-26T12:18:42.522359,1
SPEEDLOTTO_500_STORE_02522,71161756,복권방,,미상,,,,speedlotto_500,21,first,1,200000000,2026-04-26T12:18:42.522359,2026-04-26T12:18:42.522359,1
SPEEDLOTTO_500_STORE_02523,73160068,우리들 편의점 서부점,,미상,,,,speedlotto_500,21,first,1,200000000,2026-04-26T12:18:42.522359,2026-04-26T12:18:42.522359,1
SPEEDLOTTO_500_STORE_02524,74860224,슈퍼마켓,,미상,,,,speedlotto_500,21,first,1,200000000,2026-04-26T12:18:42.522359,2026-04-26T12:18:42.522359,1
SPEEDLOTTO_500_STORE_02525,74162739,복권방,,미상,,,,speedlotto_500,21,first,1,200000000,2026-04-26T12:18:42.522359,2026-04-26T12:18:42.522359,1
SPEEDLOTTO_500_STORE_02526,74162534,편의점,,미상,,,,speedlotto_500,21,first,1,200000000,2026-04-26T12:18:42.522359,2026-04-26T12:18:42.522359,1
SPEEDLOTTO_500_STORE_02527,74260488,제일복권,,미상,,,,speedlotto_500,21,first,1,200000000,2026-04-26T12:18:42.522359,2026-04-26T12:18:42.522359,1
SPEEDLOTTO_500_STORE_02528,74260444,복권방,,미상,,,,speedlotto_500,21,first,1,200000000,2026-04-26T12:18:42.522359,2026-04-26T12:18:42.522359,1
SPEEDLOTTO_500_STORE_02529,72863021,수퍼마켓,,미상,,,,speedlotto_500,21,first,1,200000000,2026-04-26T12:18:42.522359,2026-04-26T12:18:42.522359,1
SPEEDLOTTO_500_STORE_02530,74160427,만물복권방,,미상,,,,speedlotto_500,21,first,1,200000000,2026-04-26T12:18:42.522359,2026-04-26T12:18:42.522359,1
SPEEDLOTTO_500_STORE_02531,74861125,편의점,,미상,,,,speedlotto_500,21,first,1,200000000,2026-04-26T12:18:42.522359,2026-04-26T12:18:42.522359,1
SPEEDLOTTO_500_STORE_02532,71160697,가판,,미상,,,,speedlotto_500,21,first,1,200000000,2026-04-26T12:18:42.522359,2026-04-26T12:18:42.522359,1
SPEEDLOTTO_500_STORE_02533,74861027,수퍼마켓,,미상,,,,speedlotto_500,21,first,1,200000000,2026-04-26T12:18:42.522359,2026-04-26T12:18:42.522359,1
SPEEDLOTTO_500_STORE_02534,74460594,수퍼마켓,,미상,,,,speedlotto_500,21,first,1,200000000,2026-04-26T12:18:42.522359,2026-04-26T12:18:42.522359,1
SPEEDLOTTO_500_STORE_02535,74560222,편의점,,미상,,,,speedlotto_500,21,first,1,200000000,2026-04-26T12:18:42.522359,2026-04-26T12:18:42.522359,1
SPEEDLOTTO_500_STORE_02536,74860491,편의점,,미상,,,,speedlotto_500,21,first,1,200000000,2026-04-26T12:18:42.522359,2026-04-26T12:18:42.522359,1
SPEEDLOTTO_500_STORE_02537,74164096,복권방,,미상,,,,speedlotto_500,21,first,1,200000000,2026-04-26T12:18:42.522359,2026-04-26T12:18:42.522359,1
SPEEDLOTTO_500_STORE_02538,73060537,원마트 편의점,,미상,,,,speedlotto_500,21,first,1,200000000,2026-04-26T12:18:42.522359,2026-04-26T12:18:42.522359,1
SPEEDLOTTO_500_STORE_02539,74660195,복권방,,미상,,,,speedlotto_500,21,first,1,200000000,2026-04-26T12:18:42.522359,2026-04-26T12:18:42.522359,1
SPEEDLOTTO_500_STORE_02540,74860751,미니스톱,,미상,,,,speedlotto_500,21,first,1,200000000,2026-04-26T12:18:42.522359,2026-04-26T12:18:42.522359,1
SPEEDLOTTO_500_STORE_02541,72660051,편의점,,미상,,,,speedlotto_500,21,first,1,200000000,2026-04-26T12:18:42.522359,2026-04-26T12:18:42.522359,1
SPEEDLOTTO_500_STORE_02542,71163551,슈퍼,,미상,,,,speedlotto_500,21,first,1,200000000,2026-04-26T12:18:42.522359,2026-04-26T12:18:42.522359,1
SPEEDLOTTO_500_STORE_02543,71161183,가판,,미상,,,,speedlotto_500,21,first,1,200000000,2026-04-26T12:18:42.522359,2026-04-26T12:18:42.522359,1
SPEEDLOTTO_500_STORE_02544,71164341,복권방,,미상,,,,speedlotto_500,21,first,1,200000000,2026-04-26T12:18:42.522359,2026-04-26T12:18:42.522359,1
SPEEDLOTTO_500_STORE_02545,73160111,우리들 편의점 서부점,,미상,,,,speedlotto_500,21,first,1,200000000,2026-04-26T12:18:42.522359,2026-04-26T12:18:42.522359,1
SPEEDLOTTO_500_STORE_02546,72960822,편의점,,미상,,,,speedlotto_500,21,first,1,200000000,2026-04-26T12:18:42.522359,2026-04-26T12:18:42.522359,1
SPEEDLOTTO_500_STORE_02547,74162947,편의점,,미상,,,,speedlotto_500,21,first,1,200000000,2026-04-26T12:18:42.522359,2026-04-26T12:18:42.522359,1
SPEEDLOTTO_500_STORE_02548,72660156,복권방,,미상,,,,speedlotto_500,21,first,1,200000000,2026-04-26T12:18:42.522359,2026-04-26T12:18:42.522359,1
SPEEDLOTTO_500_STORE_02549,74160347,토토마트 (구 편의점사랑),,미상,,,,speedlotto_500,20,first,1,200000000,2026-04-26T12:18:44.385513,2026-04-26T12:18:44.385513,1
SPEEDLOTTO_500_STORE_02550,74760625,CSPACE구미옥계점,,미상,,,,speedlotto_500,20,first,1,200000000,2026-04-26T12:18:44.385513,2026-04-26T12:18:44.385513,1
SPEEDLOTTO_500_STORE_02551,74163706,다우토토샵,,미상,,,,speedlotto_500,20,first,1,200000000,2026-04-26T12:18:44.385513,2026-04-26T12:18:44.385513,1
SPEEDLOTTO_500_STORE_02552,74261788,일등당첨,,미상,,,,speedlotto_500,20,first,1,200000000,2026-04-26T12:18:44.385513,2026-04-26T12:18:44.385513,1
SPEEDLOTTO_500_STORE_02553,72662656,황금복권방,,미상,,,,speedlotto_500,20,first,1,200000000,2026-04-26T12:18:44.385513,2026-04-26T12:18:44.385513,1
SPEEDLOTTO_500_STORE_02554,74660464,드림복권(2호광장),,미상,,,,speedlotto_500,20,first,1,200000000,2026-04-26T12:18:44.385513,2026-04-26T12:18:44.385513,1
SPEEDLOTTO_500_STORE_02555,73160721,또로또,,미상,,,,speedlotto_500,20,first,1,200000000,2026-04-26T12:18:44.385513,2026-04-26T12:18:44.385513,1
SPEEDLOTTO_500_STORE_02556,74166759,GS25이동센터점,,미상,,,,speedlotto_500,20,first,1,200000000,2026-04-26T12:18:44.385513,2026-04-26T12:18:44.385513,1
SPEEDLOTTO_500_STORE_02557,74162803,보물섬복권방,,미상,,,,speedlotto_500,20,first,1,200000000,2026-04-26T12:18:44.385513,2026-04-26T12:18:44.385513,1
SPEEDLOTTO_500_STORE_02558,71162035,천하명당복권방,,미상,,,,speedlotto_500,20,first,1,200000000,2026-04-26T12:18:44.385513,2026-04-26T12:18:44.385513,1
SPEEDLOTTO_500_STORE_02559,73061011,금화로또마트,,미상,,,,speedlotto_500,20,first,1,200000000,2026-04-26T12:18:44.385513,2026-04-26T12:18:44.385513,1
SPEEDLOTTO_500_STORE_02560,72960747,오천억복권방,,미상,,,,speedlotto_500,20,first,1,200000000,2026-04-26T12:18:44.385513,2026-04-26T12:18:44.385513,1
SPEEDLOTTO_500_STORE_02561,74163177,명당골복권방,,미상,,,,speedlotto_500,20,first,1,200000000,2026-04-26T12:18:44.385513,2026-04-26T12:18:44.385513,1
SPEEDLOTTO_500_STORE_02562,72661445,CU사상서부,,미상,,,,speedlotto_500,20,first,1,200000000,2026-04-26T12:18:44.385513,2026-04-26T12:18:44.385513,2
SPEEDLOTTO_500_STORE_02563,74661194,스타복권,,미상,,,,speedlotto_500,20,first,1,200000000,2026-04-26T12:18:44.385513,2026-04-26T12:18:44.385513,1
SPEEDLOTTO_500_STORE_02564,74761757,SE왜관희망점,,미상,,,,speedlotto_500,20,first,1,200000000,2026-04-26T12:18:44.385513,2026-04-26T12:18:44.385513,1
SPEEDLOTTO_500_STORE_02565,74661178,제철로또대리점,,미상,,,,speedlotto_500,20,first,1,200000000,2026-04-26T12:18:44.385513,2026-04-26T12:18:44.385513,1
SPEEDLOTTO_500_STORE_02566,74161285,차부상회,,미상,,,,speedlotto_500,20,first,1,200000000,2026-04-26T12:18:44.385513,2026-04-26T12:18:44.385513,1
SPEEDLOTTO_500_STORE_02567,74360035,복덩어리,,미상,,,,speedlotto_500,20,first,1,200000000,2026-04-26T12:18:44.385513,2026-04-26T12:18:44.385513,1
SPEEDLOTTO_500_STORE_02568,72960008,도울복권,,미상,,,,speedlotto_500,20,first,1,200000000,2026-04-26T12:18:44.385513,2026-04-26T12:18:44.385513,1
SPEEDLOTTO_500_STORE_02569,72860361,프리마트,,미상,,,,speedlotto_500,20,first,1,200000000,2026-04-26T12:18:44.385513,2026-04-26T12:18:44.385513,1
SPEEDLOTTO_500_STORE_02570,73160635,삼우슈퍼,,미상,,,,speedlotto_500,20,first,1,200000000,2026-04-26T12:18:44.385513,2026-04-26T12:18:44.385513,1
SPEEDLOTTO_500_STORE_02571,72860822,복권왕국,,미상,,,,speedlotto_500,20,first,1,200000000,2026-04-26T12:18:44.385513,2026-04-26T12:18:44.385513,1
SPEEDLOTTO_500_STORE_02572,73160368,이마트24삼산본동,,미상,,,,speedlotto_500,20,first,1,200000000,2026-04-26T12:18:44.385513,2026-04-26T12:18:44.385513,1
SPEEDLOTTO_500_STORE_02573,74160255,CU 포천가산점,,미상,,,,speedlotto_500,20,first,1,200000000,2026-04-26T12:18:44.385513,2026-04-26T12:18:44.385513,1
SPEEDLOTTO_500_STORE_02574,72960924,진곡산단로또,,미상,,,,speedlotto_500,20,first,1,200000000,2026-04-26T12:18:44.385513,2026-04-26T12:18:44.385513,1
SPEEDLOTTO_500_STORE_02575,74760798,빙그레마트,,미상,,,,speedlotto_500,20,first,1,200000000,2026-04-26T12:18:44.385513,2026-04-26T12:18:44.385513,1
SPEEDLOTTO_500_STORE_02576,74360026,굿모닝복권방,,미상,,,,speedlotto_500,20,first,1,200000000,2026-04-26T12:18:44.385513,2026-04-26T12:18:44.385513,1
SPEEDLOTTO_500_STORE_02577,74760164,옹천왕대박슈퍼,,미상,,,,speedlotto_500,20,first,1,200000000,2026-04-26T12:18:44.385513,2026-04-26T12:18:44.385513,1
SPEEDLOTTO_500_STORE_02578,72861215,노다지복권방(학익),,미상,,,,speedlotto_500,20,first,1,200000000,2026-04-26T12:18:44.385513,2026-04-26T12:18:44.385513,1
SPEEDLOTTO_500_STORE_02579,71163495,CU 송파한화2호점,,미상,,,,speedlotto_500,20,first,1,200000000,2026-04-26T12:18:44.385513,2026-04-26T12:18:44.385513,1
SPEEDLOTTO_500_STORE_02580,74160110,GS 양주신산점,,미상,,,,speedlotto_500,20,first,1,200000000,2026-04-26T12:18:44.385513,2026-04-26T12:18:44.385513,1
SPEEDLOTTO_500_STORE_02581,74761012,로또훼미리마트왜관점,,미상,,,,speedlotto_500,20,first,1,200000000,2026-04-26T12:18:44.385513,2026-04-26T12:18:44.385513,1
SPEEDLOTTO_500_STORE_02582,99999990,미확인 판매점 ,,미상,,,,speedlotto_500,20,first,1,200000000,2026-04-26T12:18:44.385513,2026-04-26T12:18:44.385513,1
SPEEDLOTTO_500_STORE_02583,74460619,GS25봉명희망점,,미상,,,,speedlotto_500,20,first,1,200000000,2026-04-26T12:18:44.385513,2026-04-26T12:18:44.385513,1
SPEEDLOTTO_500_STORE_02584,72960633,채널Q24시로또주월점,,미상,,,,speedlotto_500,20,first,1,200000000,2026-04-26T12:18:44.385513,2026-04-26T12:18:44.385513,1
SPEEDLOTTO_500_STORE_02585,74162879,CU 안산이동제일점,,미상,,,,speedlotto_500,20,first,1,200000000,2026-04-26T12:18:44.385513,2026-04-26T12:18:44.385513,1
SPEEDLOTTO_500_STORE_02586,74861498,채널큐,,미상,,,,speedlotto_500,20,first,1,400000000,2026-04-26T12:18:44.385513,2026-04-26T12:18:44.385513,1
SPEEDLOTTO_500_STORE_02587,74860026,미니스톱 평산점,,미상,,,,speedlotto_500,20,first,1,400000000,2026-04-26T12:18:44.385513,2026-04-26T12:18:44.385513,1
SPEEDLOTTO_500_STORE_02588,72760607,대백마트,,미상,,,,speedlotto_500,20,first,1,200000000,2026-04-26T12:18:44.385513,2026-04-26T12:18:44.385513,1
SPEEDLOTTO_500_STORE_02589,71161288,세븐일레븐,,미상,,,,speedlotto_500,20,first,1,200000000,2026-04-26T12:18:44.385513,2026-04-26T12:18:44.385513,1
SPEEDLOTTO_500_STORE_02590,74163134,CU 구운선경점,,미상,,,,speedlotto_500,20,first,1,200000000,2026-04-26T12:18:44.385513,2026-04-26T12:18:44.385513,1
SPEEDLOTTO_500_STORE_02591,74163861,ANY로또,,미상,,,,speedlotto_500,20,first,1,200000000,2026-04-26T12:18:44.385513,2026-04-26T12:18:44.385513,1
SPEEDLOTTO_500_STORE_02592,71163684,스포츠베팅샵,,미상,,,,speedlotto_500,20,first,1,200000000,2026-04-26T12:18:44.385513,2026-04-26T12:18:44.385513,1
SPEEDLOTTO_500_STORE_02593,74260737,복권뱅크,,미상,,,,speedlotto_500,20,first,1,200000000,2026-04-26T12:18:44.385513,2026-04-26T12:18:44.385513,1
SPEEDLOTTO_500_STORE_02594,74860113,창원25시슈퍼(24시로또복권),,미상,,,,speedlotto_500,20,first,1,200000000,2026-04-26T12:18:44.385513,2026-04-26T12:18:44.385513,1
SPEEDLOTTO_500_STORE_02595,71160248,복마니복권방,,미상,,,,speedlotto_500,20,first,1,200000000,2026-04-26T12:18:44.385513,2026-04-26T12:18:44.385513,1
SPEEDLOTTO_500_STORE_02596,74860442,운동장마트,,미상,,,,speedlotto_500,20,first,1,200000000,2026-04-26T12:18:44.385513,2026-04-26T12:18:44.385513,1
SPEEDLOTTO_500_STORE_02597,71160111,복권나라,,미상,,,,speedlotto_500,20,first,1,200000000,2026-04-26T12:18:44.385513,2026-04-26T12:18:44.385513,1
SPEEDLOTTO_500_STORE_02598,74660663,CU목포비파점,,미상,,,,speedlotto_500,20,first,1,200000000,2026-04-26T12:18:44.385513,2026-04-26T12:18:44.385513,1
SPEEDLOTTO_500_STORE_02599,73060444,씨스페이스유성신우점,,미상,,,,speedlotto_500,20,first,1,200000000,2026-04-26T12:18:44.385513,2026-04-26T12:18:44.385513,1
SPEEDLOTTO_500_STORE_02600,74162956,세븐일레븐 안산고잔금강점,,미상,,,,speedlotto_500,20,first,1,200000000,2026-04-26T12:18:44.385513,2026-04-26T12:18:44.385513,1
SPEEDLOTTO_500_STORE_02601,74960026,하나슈퍼,,미상,,,,speedlotto_500,20,first,1,200000000,2026-04-26T12:18:44.385513,2026-04-26T12:18:44.385513,1
SPEEDLOTTO_500_STORE_02602,71161818,CU,,미상,,,,speedlotto_500,20,first,1,200000000,2026-04-26T12:18:44.385513,2026-04-26T12:18:44.385513,1
SPEEDLOTTO_500_STORE_02603,74163317,명진슈퍼,,미상,,,,speedlotto_500,20,first,1,200000000,2026-04-26T12:18:44.385513,2026-04-26T12:18:44.385513,1
SPEEDLOTTO_500_STORE_02604,71164520,양천24,,미상,,,,speedlotto_500,20,first,1,200000000,2026-04-26T12:18:44.385513,2026-04-26T12:18:44.385513,1
SPEEDLOTTO_500_STORE_02605,74163911,복권방,,미상,,,,speedlotto_500,20,first,1,200000000,2026-04-26T12:18:44.385513,2026-04-26T12:18:44.385513,1
SPEEDLOTTO_500_STORE_02606,71160627,세븐일레븐,,미상,,,,speedlotto_500,20,first,1,200000000,2026-04-26T12:18:44.385513,2026-04-26T12:18:44.385513,1
SPEEDLOTTO_500_STORE_02607,74260514,편의점,,미상,,,,speedlotto_500,20,first,1,200000000,2026-04-26T12:18:44.385513,2026-04-26T12:18:44.385513,1
SPEEDLOTTO_500_STORE_02608,74860121,복권방,,미상,,,,speedlotto_500,20,first,1,200000000,2026-04-26T12:18:44.385513,2026-04-26T12:18:44.385513,1
SPEEDLOTTO_500_STORE_02609,72660480,복권천국 복권방,,미상,,,,speedlotto_500,20,first,1,200000000,2026-04-26T12:18:44.385513,2026-04-26T12:18:44.385513,1
SPEEDLOTTO_500_STORE_02610,74460132,편의점,,미상,,,,speedlotto_500,20,first,1,200000000,2026-04-26T12:18:44.385513,2026-04-26T12:18:44.385513,1
SPEEDLOTTO_500_STORE_02611,71162726,가판대,,미상,,,,speedlotto_500,20,first,1,200000000,2026-04-26T12:18:44.385513,2026-04-26T12:18:44.385513,1
SPEEDLOTTO_500_STORE_02612,71162617,편의점,,미상,,,,speedlotto_500,20,first,1,200000000,2026-04-26T12:18:44.385513,2026-04-26T12:18:44.385513,1
SPEEDLOTTO_500_STORE_02613,71161756,복권방,,미상,,,,speedlotto_500,20,first,1,200000000,2026-04-26T12:18:44.385513,2026-04-26T12:18:44.385513,1
SPEEDLOTTO_500_STORE_02614,73160068,우리들 편의점 서부점,,미상,,,,speedlotto_500,20,first,1,200000000,2026-04-26T12:18:44.385513,2026-04-26T12:18:44.385513,1
SPEEDLOTTO_500_STORE_02615,74860224,슈퍼마켓,,미상,,,,speedlotto_500,20,first,1,200000000,2026-04-26T12:18:44.385513,2026-04-26T12:18:44.385513,1
SPEEDLOTTO_500_STORE_02616,74162739,복권방,,미상,,,,speedlotto_500,20,first,1,200000000,2026-04-26T12:18:44.385513,2026-04-26T12:18:44.385513,1
SPEEDLOTTO_500_STORE_02617,74162534,편의점,,미상,,,,speedlotto_500,20,first,1,200000000,2026-04-26T12:18:44.385513,2026-04-26T12:18:44.385513,1
SPEEDLOTTO_500_STORE_02618,74260488,제일복권,,미상,,,,speedlotto_500,20,first,1,200000000,2026-04-26T12:18:44.385513,2026-04-26T12:18:44.385513,1
SPEEDLOTTO_500_STORE_02619,74260444,복권방,,미상,,,,speedlotto_500,20,first,1,200000000,2026-04-26T12:18:44.385513,2026-04-26T12:18:44.385513,1
SPEEDLOTTO_500_STORE_02620,72863021,수퍼마켓,,미상,,,,speedlotto_500,20,first,1,200000000,2026-04-26T12:18:44.385513,2026-04-26T12:18:44.385513,1
SPEEDLOTTO_500_STORE_02621,74160427,만물복권방,,미상,,,,speedlotto_500,20,first,1,200000000,2026-04-26T12:18:44.385513,2026-04-26T12:18:44.385513,1
SPEEDLOTTO_500_STORE_02622,74861125,편의점,,미상,,,,speedlotto_500,20,first,1,200000000,2026-04-26T12:18:44.385513,2026-04-26T12:18:44.385513,1
SPEEDLOTTO_500_STORE_02623,71160697,가판,,미상,,,,speedlotto_500,20,first,1,200000000,2026-04-26T12:18:44.385513,2026-04-26T12:18:44.385513,1
SPEEDLOTTO_500_STORE_02624,74861027,수퍼마켓,,미상,,,,speedlotto_500,20,first,1,200000000,2026-04-26T12:18:44.385513,2026-04-26T12:18:44.385513,1
SPEEDLOTTO_500_STORE_02625,74460594,수퍼마켓,,미상,,,,speedlotto_500,20,first,1,200000000,2026-04-26T12:18:44.385513,2026-04-26T12:18:44.385513,1
SPEEDLOTTO_500_STORE_02626,74560222,편의점,,미상,,,,speedlotto_500,20,first,1,200000000,2026-04-26T12:18:44.385513,2026-04-26T12:18:44.385513,1
SPEEDLOTTO_500_STORE_02627,74860491,편의점,,미상,,,,speedlotto_500,20,first,1,200000000,2026-04-26T12:18:44.385513,2026-04-26T12:18:44.385513,1
SPEEDLOTTO_500_STORE_02628,74164096,복권방,,미상,,,,speedlotto_500,20,first,1,200000000,2026-04-26T12:18:44.385513,2026-04-26T12:18:44.385513,1
SPEEDLOTTO_500_STORE_02629,73060537,원마트 편의점,,미상,,,,speedlotto_500,20,first,1,200000000,2026-04-26T12:18:44.385513,2026-04-26T12:18:44.385513,1
SPEEDLOTTO_500_STORE_02630,74660195,복권방,,미상,,,,speedlotto_500,20,first,1,200000000,2026-04-26T12:18:44.385513,2026-04-26T12:18:44.385513,1
SPEEDLOTTO_500_STORE_02631,74860751,미니스톱,,미상,,,,speedlotto_500,20,first,1,200000000,2026-04-26T12:18:44.385513,2026-04-26T12:18:44.385513,1
SPEEDLOTTO_500_STORE_02632,72660051,편의점,,미상,,,,speedlotto_500,20,first,1,200000000,2026-04-26T12:18:44.385513,2026-04-26T12:18:44.385513,1
SPEEDLOTTO_500_STORE_02633,71163551,슈퍼,,미상,,,,speedlotto_500,20,first,1,200000000,2026-04-26T12:18:44.385513,2026-04-26T12:18:44.385513,1
SPEEDLOTTO_500_STORE_02634,71161183,가판,,미상,,,,speedlotto_500,20,first,1,200000000,2026-04-26T12:18:44.385513,2026-04-26T12:18:44.385513,1
SPEEDLOTTO_500_STORE_02635,71164341,복권방,,미상,,,,speedlotto_500,20,first,1,200000000,2026-04-26T12:18:44.385513,2026-04-26T12:18:44.385513,1
SPEEDLOTTO_500_STORE_02636,73160111,우리들 편의점 서부점,,미상,,,,speedlotto_500,20,first,1,200000000,2026-04-26T12:18:44.385513,2026-04-26T12:18:44.385513,1
SPEEDLOTTO_500_STORE_02637,72960822,편의점,,미상,,,,speedlotto_500,20,first,1,200000000,2026-04-26T12:18:44.385513,2026-04-26T12:18:44.385513,1
SPEEDLOTTO_500_STORE_02638,74162947,편의점,,미상,,,,speedlotto_500,20,first,1,200000000,2026-04-26T12:18:44.385513,2026-04-26T12:18:44.385513,1
SPEEDLOTTO_500_STORE_02639,72660156,복권방,,미상,,,,speedlotto_500,20,first,1,200000000,2026-04-26T12:18:44.385513,2026-04-26T12:18:44.385513,1
SPEEDLOTTO_500_STORE_02640,74160347,토토마트 (구 편의점사랑),,미상,,,,speedlotto_500,19,first,1,200000000,2026-04-26T12:18:46.236410,2026-04-26T12:18:46.236410,1
SPEEDLOTTO_500_STORE_02641,74760625,CSPACE구미옥계점,,미상,,,,speedlotto_500,19,first,1,200000000,2026-04-26T12:18:46.236410,2026-04-26T12:18:46.236410,1
SPEEDLOTTO_500_STORE_02642,74163706,다우토토샵,,미상,,,,speedlotto_500,19,first,1,200000000,2026-04-26T12:18:46.236410,2026-04-26T12:18:46.236410,1
SPEEDLOTTO_500_STORE_02643,74261788,일등당첨,,미상,,,,speedlotto_500,19,first,1,200000000,2026-04-26T12:18:46.236410,2026-04-26T12:18:46.236410,1
SPEEDLOTTO_500_STORE_02644,72662656,황금복권방,,미상,,,,speedlotto_500,19,first,1,200000000,2026-04-26T12:18:46.236410,2026-04-26T12:18:46.236410,1
SPEEDLOTTO_500_STORE_02645,74660464,드림복권(2호광장),,미상,,,,speedlotto_500,19,first,1,200000000,2026-04-26T12:18:46.236410,2026-04-26T12:18:46.236410,1
SPEEDLOTTO_500_STORE_02646,73160721,또로또,,미상,,,,speedlotto_500,19,first,1,200000000,2026-04-26T12:18:46.236410,2026-04-26T12:18:46.236410,1
SPEEDLOTTO_500_STORE_02647,74166759,GS25이동센터점,,미상,,,,speedlotto_500,19,first,1,200000000,2026-04-26T12:18:46.236410,2026-04-26T12:18:46.236410,1
SPEEDLOTTO_500_STORE_02648,74162803,보물섬복권방,,미상,,,,speedlotto_500,19,first,1,200000000,2026-04-26T12:18:46.236410,2026-04-26T12:18:46.236410,1
SPEEDLOTTO_500_STORE_02649,71162035,천하명당복권방,,미상,,,,speedlotto_500,19,first,1,200000000,2026-04-26T12:18:46.236410,2026-04-26T12:18:46.236410,1
SPEEDLOTTO_500_STORE_02650,73061011,금화로또마트,,미상,,,,speedlotto_500,19,first,1,200000000,2026-04-26T12:18:46.236410,2026-04-26T12:18:46.236410,1
SPEEDLOTTO_500_STORE_02651,72960747,오천억복권방,,미상,,,,speedlotto_500,19,first,1,200000000,2026-04-26T12:18:46.236410,2026-04-26T12:18:46.236410,1
SPEEDLOTTO_500_STORE_02652,74163177,명당골복권방,,미상,,,,speedlotto_500,19,first,1,200000000,2026-04-26T12:18:46.236410,2026-04-26T12:18:46.236410,1
SPEEDLOTTO_500_STORE_02653,72661445,CU사상서부,,미상,,,,speedlotto_500,19,first,1,200000000,2026-04-26T12:18:46.236410,2026-04-26T12:18:46.236410,2
SPEEDLOTTO_500_STORE_02654,74661194,스타복권,,미상,,,,speedlotto_500,19,first,1,200000000,2026-04-26T12:18:46.236410,2026-04-26T12:18:46.236410,1
SPEEDLOTTO_500_STORE_02655,74761757,SE왜관희망점,,미상,,,,speedlotto_500,19,first,1,200000000,2026-04-26T12:18:46.236410,2026-04-26T12:18:46.236410,1
SPEEDLOTTO_500_STORE_02656,74661178,제철로또대리점,,미상,,,,speedlotto_500,19,first,1,200000000,2026-04-26T12:18:46.236410,2026-04-26T12:18:46.236410,1
SPEEDLOTTO_500_STORE_02657,74161285,차부상회,,미상,,,,speedlotto_500,19,first,1,200000000,2026-04-26T12:18:46.236410,2026-04-26T12:18:46.236410,1
SPEEDLOTTO_500_STORE_02658,74360035,복덩어리,,미상,,,,speedlotto_500,19,first,1,200000000,2026-04-26T12:18:46.236410,2026-04-26T12:18:46.236410,1
SPEEDLOTTO_500_STORE_02659,72960008,도울복권,,미상,,,,speedlotto_500,19,first,1,200000000,2026-04-26T12:18:46.236410,2026-04-26T12:18:46.236410,1
SPEEDLOTTO_500_STORE_02660,72860361,프리마트,,미상,,,,speedlotto_500,19,first,1,200000000,2026-04-26T12:18:46.236410,2026-04-26T12:18:46.236410,1
SPEEDLOTTO_500_STORE_02661,73160635,삼우슈퍼,,미상,,,,speedlotto_500,19,first,1,200000000,2026-04-26T12:18:46.236410,2026-04-26T12:18:46.236410,1
SPEEDLOTTO_500_STORE_02662,72860822,복권왕국,,미상,,,,speedlotto_500,19,first,1,200000000,2026-04-26T12:18:46.236410,2026-04-26T12:18:46.236410,1
SPEEDLOTTO_500_STORE_02663,73160368,이마트24삼산본동,,미상,,,,speedlotto_500,19,first,1,200000000,2026-04-26T12:18:46.236410,2026-04-26T12:18:46.236410,1
SPEEDLOTTO_500_STORE_02664,74160255,CU 포천가산점,,미상,,,,speedlotto_500,19,first,1,200000000,2026-04-26T12:18:46.236410,2026-04-26T12:18:46.236410,1
SPEEDLOTTO_500_STORE_02665,72960924,진곡산단로또,,미상,,,,speedlotto_500,19,first,1,200000000,2026-04-26T12:18:46.236410,2026-04-26T12:18:46.236410,1
SPEEDLOTTO_500_STORE_02666,74760798,빙그레마트,,미상,,,,speedlotto_500,19,first,1,200000000,2026-04-26T12:18:46.236410,2026-04-26T12:18:46.236410,1
SPEEDLOTTO_500_STORE_02667,74360026,굿모닝복권방,,미상,,,,speedlotto_500,19,first,1,200000000,2026-04-26T12:18:46.236410,2026-04-26T12:18:46.236410,1
SPEEDLOTTO_500_STORE_02668,74760164,옹천왕대박슈퍼,,미상,,,,speedlotto_500,19,first,1,200000000,2026-04-26T12:18:46.236410,2026-04-26T12:18:46.236410,1
SPEEDLOTTO_500_STORE_02669,72861215,노다지복권방(학익),,미상,,,,speedlotto_500,19,first,1,200000000,2026-04-26T12:18:46.236410,2026-04-26T12:18:46.236410,1
SPEEDLOTTO_500_STORE_02670,71163495,CU 송파한화2호점,,미상,,,,speedlotto_500,19,first,1,200000000,2026-04-26T12:18:46.236410,2026-04-26T12:18:46.236410,1
SPEEDLOTTO_500_STORE_02671,74160110,GS 양주신산점,,미상,,,,speedlotto_500,19,first,1,200000000,2026-04-26T12:18:46.236410,2026-04-26T12:18:46.236410,1
SPEEDLOTTO_500_STORE_02672,74761012,로또훼미리마트왜관점,,미상,,,,speedlotto_500,19,first,1,200000000,2026-04-26T12:18:46.236410,2026-04-26T12:18:46.236410,1
SPEEDLOTTO_500_STORE_02673,99999990,미확인 판매점 ,,미상,,,,speedlotto_500,19,first,1,200000000,2026-04-26T12:18:46.236410,2026-04-26T12:18:46.236410,1
SPEEDLOTTO_500_STORE_02674,74460619,GS25봉명희망점,,미상,,,,speedlotto_500,19,first,1,200000000,2026-04-26T12:18:46.236410,2026-04-26T12:18:46.236410,1
SPEEDLOTTO_500_STORE_02675,72960633,채널Q24시로또주월점,,미상,,,,speedlotto_500,19,first,1,200000000,2026-04-26T12:18:46.236410,2026-04-26T12:18:46.236410,1
SPEEDLOTTO_500_STORE_02676,74162879,CU 안산이동제일점,,미상,,,,speedlotto_500,19,first,1,200000000,2026-04-26T12:18:46.236410,2026-04-26T12:18:46.236410,1
SPEEDLOTTO_500_STORE_02677,74861498,채널큐,,미상,,,,speedlotto_500,19,first,1,400000000,2026-04-26T12:18:46.236410,2026-04-26T12:18:46.236410,1
SPEEDLOTTO_500_STORE_02678,74860026,미니스톱 평산점,,미상,,,,speedlotto_500,19,first,1,400000000,2026-04-26T12:18:46.236410,2026-04-26T12:18:46.236410,1
SPEEDLOTTO_500_STORE_02679,72760607,대백마트,,미상,,,,speedlotto_500,19,first,1,200000000,2026-04-26T12:18:46.236410,2026-04-26T12:18:46.236410,1
SPEEDLOTTO_500_STORE_02680,71161288,세븐일레븐,,미상,,,,speedlotto_500,19,first,1,200000000,2026-04-26T12:18:46.236410,2026-04-26T12:18:46.236410,1
SPEEDLOTTO_500_STORE_02681,74163134,CU 구운선경점,,미상,,,,speedlotto_500,19,first,1,200000000,2026-04-26T12:18:46.236410,2026-04-26T12:18:46.236410,1
SPEEDLOTTO_500_STORE_02682,74163861,ANY로또,,미상,,,,speedlotto_500,19,first,1,200000000,2026-04-26T12:18:46.236410,2026-04-26T12:18:46.236410,1
SPEEDLOTTO_500_STORE_02683,71163684,스포츠베팅샵,,미상,,,,speedlotto_500,19,first,1,200000000,2026-04-26T12:18:46.236410,2026-04-26T12:18:46.236410,1
SPEEDLOTTO_500_STORE_02684,74260737,복권뱅크,,미상,,,,speedlotto_500,19,first,1,200000000,2026-04-26T12:18:46.236410,2026-04-26T12:18:46.236410,1
SPEEDLOTTO_500_STORE_02685,74860113,창원25시슈퍼(24시로또복권),,미상,,,,speedlotto_500,19,first,1,200000000,2026-04-26T12:18:46.236410,2026-04-26T12:18:46.236410,1
SPEEDLOTTO_500_STORE_02686,71160248,복마니복권방,,미상,,,,speedlotto_500,19,first,1,200000000,2026-04-26T12:18:46.236410,2026-04-26T12:18:46.236410,1
SPEEDLOTTO_500_STORE_02687,74860442,운동장마트,,미상,,,,speedlotto_500,19,first,1,200000000,2026-04-26T12:18:46.236410,2026-04-26T12:18:46.236410,1
SPEEDLOTTO_500_STORE_02688,71160111,복권나라,,미상,,,,speedlotto_500,19,first,1,200000000,2026-04-26T12:18:46.236410,2026-04-26T12:18:46.236410,1
SPEEDLOTTO_500_STORE_02689,74660663,CU목포비파점,,미상,,,,speedlotto_500,19,first,1,200000000,2026-04-26T12:18:46.236410,2026-04-26T12:18:46.236410,1
SPEEDLOTTO_500_STORE_02690,73060444,씨스페이스유성신우점,,미상,,,,speedlotto_500,19,first,1,200000000,2026-04-26T12:18:46.236410,2026-04-26T12:18:46.236410,1
SPEEDLOTTO_500_STORE_02691,74162956,세븐일레븐 안산고잔금강점,,미상,,,,speedlotto_500,19,first,1,200000000,2026-04-26T12:18:46.236410,2026-04-26T12:18:46.236410,1
SPEEDLOTTO_500_STORE_02692,74960026,하나슈퍼,,미상,,,,speedlotto_500,19,first,1,200000000,2026-04-26T12:18:46.236410,2026-04-26T12:18:46.236410,1
SPEEDLOTTO_500_STORE_02693,71161818,CU,,미상,,,,speedlotto_500,19,first,1,200000000,2026-04-26T12:18:46.236410,2026-04-26T12:18:46.236410,1
SPEEDLOTTO_500_STORE_02694,74163317,명진슈퍼,,미상,,,,speedlotto_500,19,first,1,200000000,2026-04-26T12:18:46.236410,2026-04-26T12:18:46.236410,1
SPEEDLOTTO_500_STORE_02695,71164520,양천24,,미상,,,,speedlotto_500,19,first,1,200000000,2026-04-26T12:18:46.236410,2026-04-26T12:18:46.236410,1
SPEEDLOTTO_500_STORE_02696,74163911,복권방,,미상,,,,speedlotto_500,19,first,1,200000000,2026-04-26T12:18:46.236410,2026-04-26T12:18:46.236410,1
SPEEDLOTTO_500_STORE_02697,71160627,세븐일레븐,,미상,,,,speedlotto_500,19,first,1,200000000,2026-04-26T12:18:46.236410,2026-04-26T12:18:46.236410,1
SPEEDLOTTO_500_STORE_02698,74260514,편의점,,미상,,,,speedlotto_500,19,first,1,200000000,2026-04-26T12:18:46.236410,2026-04-26T12:18:46.236410,1
SPEEDLOTTO_500_STORE_02699,74860121,복권방,,미상,,,,speedlotto_500,19,first,1,200000000,2026-04-26T12:18:46.236410,2026-04-26T12:18:46.236410,1
SPEEDLOTTO_500_STORE_02700,72660480,복권천국 복권방,,미상,,,,speedlotto_500,19,first,1,200000000,2026-04-26T12:18:46.236410,2026-04-26T12:18:46.236410,1
SPEEDLOTTO_500_STORE_02701,74460132,편의점,,미상,,,,speedlotto_500,19,first,1,200000000,2026-04-26T12:18:46.236410,2026-04-26T12:18:46.236410,1
SPEEDLOTTO_500_STORE_02702,71162726,가판대,,미상,,,,speedlotto_500,19,first,1,200000000,2026-04-26T12:18:46.236410,2026-04-26T12:18:46.236410,1
SPEEDLOTTO_500_STORE_02703,71162617,편의점,,미상,,,,speedlotto_500,19,first,1,200000000,2026-04-26T12:18:46.236410,2026-04-26T12:18:46.236410,1
SPEEDLOTTO_500_STORE_02704,71161756,복권방,,미상,,,,speedlotto_500,19,first,1,200000000,2026-04-26T12:18:46.236410,2026-04-26T12:18:46.236410,1
SPEEDLOTTO_500_STORE_02705,73160068,우리들 편의점 서부점,,미상,,,,speedlotto_500,19,first,1,200000000,2026-04-26T12:18:46.236410,2026-04-26T12:18:46.236410,1
SPEEDLOTTO_500_STORE_02706,74860224,슈퍼마켓,,미상,,,,speedlotto_500,19,first,1,200000000,2026-04-26T12:18:46.236410,2026-04-26T12:18:46.236410,1
SPEEDLOTTO_500_STORE_02707,74162739,복권방,,미상,,,,speedlotto_500,19,first,1,200000000,2026-04-26T12:18:46.236410,2026-04-26T12:18:46.236410,1
SPEEDLOTTO_500_STORE_02708,74162534,편의점,,미상,,,,speedlotto_500,19,first,1,200000000,2026-04-26T12:18:46.236410,2026-04-26T12:18:46.236410,1
SPEEDLOTTO_500_STORE_02709,74260488,제일복권,,미상,,,,speedlotto_500,19,first,1,200000000,2026-04-26T12:18:46.236410,2026-04-26T12:18:46.236410,1
SPEEDLOTTO_500_STORE_02710,74260444,복권방,,미상,,,,speedlotto_500,19,first,1,200000000,2026-04-26T12:18:46.236410,2026-04-26T12:18:46.236410,1
SPEEDLOTTO_500_STORE_02711,72863021,수퍼마켓,,미상,,,,speedlotto_500,19,first,1,200000000,2026-04-26T12:18:46.236410,2026-04-26T12:18:46.236410,1
SPEEDLOTTO_500_STORE_02712,74160427,만물복권방,,미상,,,,speedlotto_500,19,first,1,200000000,2026-04-26T12:18:46.236410,2026-04-26T12:18:46.236410,1
SPEEDLOTTO_500_STORE_02713,74861125,편의점,,미상,,,,speedlotto_500,19,first,1,200000000,2026-04-26T12:18:46.236410,2026-04-26T12:18:46.236410,1
SPEEDLOTTO_500_STORE_02714,71160697,가판,,미상,,,,speedlotto_500,19,first,1,200000000,2026-04-26T12:18:46.236410,2026-04-26T12:18:46.236410,1
SPEEDLOTTO_500_STORE_02715,74861027,수퍼마켓,,미상,,,,speedlotto_500,19,first,1,200000000,2026-04-26T12:18:46.236410,2026-04-26T12:18:46.236410,1
SPEEDLOTTO_500_STORE_02716,74460594,수퍼마켓,,미상,,,,speedlotto_500,19,first,1,200000000,2026-04-26T12:18:46.236410,2026-04-26T12:18:46.236410,1
SPEEDLOTTO_500_STORE_02717,74560222,편의점,,미상,,,,speedlotto_500,19,first,1,200000000,2026-04-26T12:18:46.236410,2026-04-26T12:18:46.236410,1
SPEEDLOTTO_500_STORE_02718,74860491,편의점,,미상,,,,speedlotto_500,19,first,1,200000000,2026-04-26T12:18:46.236410,2026-04-26T12:18:46.236410,1
SPEEDLOTTO_500_STORE_02719,74164096,복권방,,미상,,,,speedlotto_500,19,first,1,200000000,2026-04-26T12:18:46.236410,2026-04-26T12:18:46.236410,1
SPEEDLOTTO_500_STORE_02720,73060537,원마트 편의점,,미상,,,,speedlotto_500,19,first,1,200000000,2026-04-26T12:18:46.236410,2026-04-26T12:18:46.236410,1
SPEEDLOTTO_500_STORE_02721,74660195,복권방,,미상,,,,speedlotto_500,19,first,1,200000000,2026-04-26T12:18:46.236410,2026-04-26T12:18:46.236410,1
SPEEDLOTTO_500_STORE_02722,74860751,미니스톱,,미상,,,,speedlotto_500,19,first,1,200000000,2026-04-26T12:18:46.236410,2026-04-26T12:18:46.236410,1
SPEEDLOTTO_500_STORE_02723,72660051,편의점,,미상,,,,speedlotto_500,19,first,1,200000000,2026-04-26T12:18:46.236410,2026-04-26T12:18:46.236410,1
SPEEDLOTTO_500_STORE_02724,71163551,슈퍼,,미상,,,,speedlotto_500,19,first,1,200000000,2026-04-26T12:18:46.236410,2026-04-26T12:18:46.236410,1
SPEEDLOTTO_500_STORE_02725,71161183,가판,,미상,,,,speedlotto_500,19,first,1,200000000,2026-04-26T12:18:46.236410,2026-04-26T12:18:46.236410,1
SPEEDLOTTO_500_STORE_02726,71164341,복권방,,미상,,,,speedlotto_500,19,first,1,200000000,2026-04-26T12:18:46.236410,2026-04-26T12:18:46.236410,1
SPEEDLOTTO_500_STORE_02727,73160111,우리들 편의점 서부점,,미상,,,,speedlotto_500,19,first,1,200000000,2026-04-26T12:18:46.236410,2026-04-26T12:18:46.236410,1
SPEEDLOTTO_500_STORE_02728,72960822,편의점,,미상,,,,speedlotto_500,19,first,1,200000000,2026-04-26T12:18:46.236410,2026-04-26T12:18:46.236410,1
SPEEDLOTTO_500_STORE_02729,74162947,편의점,,미상,,,,speedlotto_500,19,first,1,200000000,2026-04-26T12:18:46.236410,2026-04-26T12:18:46.236410,1
SPEEDLOTTO_500_STORE_02730,72660156,복권방,,미상,,,,speedlotto_500,19,first,1,200000000,2026-04-26T12:18:46.236410,2026-04-26T12:18:46.236410,1
SPEEDLOTTO_500_STORE_02731,74160347,토토마트 (구 편의점사랑),,미상,,,,speedlotto_500,18,first,1,200000000,2026-04-26T12:18:48.084695,2026-04-26T12:18:48.084695,1
SPEEDLOTTO_500_STORE_02732,74760625,CSPACE구미옥계점,,미상,,,,speedlotto_500,18,first,1,200000000,2026-04-26T12:18:48.084695,2026-04-26T12:18:48.084695,1
SPEEDLOTTO_500_STORE_02733,74163706,다우토토샵,,미상,,,,speedlotto_500,18,first,1,200000000,2026-04-26T12:18:48.084695,2026-04-26T12:18:48.084695,1
SPEEDLOTTO_500_STORE_02734,74261788,일등당첨,,미상,,,,speedlotto_500,18,first,1,200000000,2026-04-26T12:18:48.084695,2026-04-26T12:18:48.084695,1
SPEEDLOTTO_500_STORE_02735,72662656,황금복권방,,미상,,,,speedlotto_500,18,first,1,200000000,2026-04-26T12:18:48.084695,2026-04-26T12:18:48.084695,1
SPEEDLOTTO_500_STORE_02736,74660464,드림복권(2호광장),,미상,,,,speedlotto_500,18,first,1,200000000,2026-04-26T12:18:48.084695,2026-04-26T12:18:48.084695,1
SPEEDLOTTO_500_STORE_02737,73160721,또로또,,미상,,,,speedlotto_500,18,first,1,200000000,2026-04-26T12:18:48.084695,2026-04-26T12:18:48.084695,1
SPEEDLOTTO_500_STORE_02738,74166759,GS25이동센터점,,미상,,,,speedlotto_500,18,first,1,200000000,2026-04-26T12:18:48.084695,2026-04-26T12:18:48.084695,1
SPEEDLOTTO_500_STORE_02739,74162803,보물섬복권방,,미상,,,,speedlotto_500,18,first,1,200000000,2026-04-26T12:18:48.084695,2026-04-26T12:18:48.084695,1
SPEEDLOTTO_500_STORE_02740,71162035,천하명당복권방,,미상,,,,speedlotto_500,18,first,1,200000000,2026-04-26T12:18:48.084695,2026-04-26T12:18:48.084695,1
SPEEDLOTTO_500_STORE_02741,73061011,금화로또마트,,미상,,,,speedlotto_500,18,first,1,200000000,2026-04-26T12:18:48.084695,2026-04-26T12:18:48.084695,1
SPEEDLOTTO_500_STORE_02742,72960747,오천억복권방,,미상,,,,speedlotto_500,18,first,1,200000000,2026-04-26T12:18:48.084695,2026-04-26T12:18:48.084695,1
SPEEDLOTTO_500_STORE_02743,74163177,명당골복권방,,미상,,,,speedlotto_500,18,first,1,200000000,2026-04-26T12:18:48.084695,2026-04-26T12:18:48.084695,1
SPEEDLOTTO_500_STORE_02744,72661445,CU사상서부,,미상,,,,speedlotto_500,18,first,1,200000000,2026-04-26T12:18:48.084695,2026-04-26T12:18:48.084695,2
SPEEDLOTTO_500_STORE_02745,74661194,스타복권,,미상,,,,speedlotto_500,18,first,1,200000000,2026-04-26T12:18:48.084695,2026-04-26T12:18:48.084695,1
SPEEDLOTTO_500_STORE_02746,74761757,SE왜관희망점,,미상,,,,speedlotto_500,18,first,1,200000000,2026-04-26T12:18:48.084695,2026-04-26T12:18:48.084695,1
SPEEDLOTTO_500_STORE_02747,74661178,제철로또대리점,,미상,,,,speedlotto_500,18,first,1,200000000,2026-04-26T12:18:48.084695,2026-04-26T12:18:48.084695,1
SPEEDLOTTO_500_STORE_02748,74161285,차부상회,,미상,,,,speedlotto_500,18,first,1,200000000,2026-04-26T12:18:48.084695,2026-04-26T12:18:48.084695,1
SPEEDLOTTO_500_STORE_02749,74360035,복덩어리,,미상,,,,speedlotto_500,18,first,1,200000000,2026-04-26T12:18:48.084695,2026-04-26T12:18:48.084695,1
SPEEDLOTTO_500_STORE_02750,72960008,도울복권,,미상,,,,speedlotto_500,18,first,1,200000000,2026-04-26T12:18:48.084695,2026-04-26T12:18:48.084695,1
SPEEDLOTTO_500_STORE_02751,72860361,프리마트,,미상,,,,speedlotto_500,18,first,1,200000000,2026-04-26T12:18:48.084695,2026-04-26T12:18:48.084695,1
SPEEDLOTTO_500_STORE_02752,73160635,삼우슈퍼,,미상,,,,speedlotto_500,18,first,1,200000000,2026-04-26T12:18:48.084695,2026-04-26T12:18:48.084695,1
SPEEDLOTTO_500_STORE_02753,72860822,복권왕국,,미상,,,,speedlotto_500,18,first,1,200000000,2026-04-26T12:18:48.084695,2026-04-26T12:18:48.084695,1
SPEEDLOTTO_500_STORE_02754,73160368,이마트24삼산본동,,미상,,,,speedlotto_500,18,first,1,200000000,2026-04-26T12:18:48.084695,2026-04-26T12:18:48.084695,1
SPEEDLOTTO_500_STORE_02755,74160255,CU 포천가산점,,미상,,,,speedlotto_500,18,first,1,200000000,2026-04-26T12:18:48.084695,2026-04-26T12:18:48.084695,1
SPEEDLOTTO_500_STORE_02756,72960924,진곡산단로또,,미상,,,,speedlotto_500,18,first,1,200000000,2026-04-26T12:18:48.084695,2026-04-26T12:18:48.084695,1
SPEEDLOTTO_500_STORE_02757,74760798,빙그레마트,,미상,,,,speedlotto_500,18,first,1,200000000,2026-04-26T12:18:48.084695,2026-04-26T12:18:48.084695,1
SPEEDLOTTO_500_STORE_02758,74360026,굿모닝복권방,,미상,,,,speedlotto_500,18,first,1,200000000,2026-04-26T12:18:48.084695,2026-04-26T12:18:48.084695,1
SPEEDLOTTO_500_STORE_02759,74760164,옹천왕대박슈퍼,,미상,,,,speedlotto_500,18,first,1,200000000,2026-04-26T12:18:48.084695,2026-04-26T12:18:48.084695,1
SPEEDLOTTO_500_STORE_02760,72861215,노다지복권방(학익),,미상,,,,speedlotto_500,18,first,1,200000000,2026-04-26T12:18:48.084695,2026-04-26T12:18:48.084695,1
SPEEDLOTTO_500_STORE_02761,71163495,CU 송파한화2호점,,미상,,,,speedlotto_500,18,first,1,200000000,2026-04-26T12:18:48.084695,2026-04-26T12:18:48.084695,1
SPEEDLOTTO_500_STORE_02762,74160110,GS 양주신산점,,미상,,,,speedlotto_500,18,first,1,200000000,2026-04-26T12:18:48.084695,2026-04-26T12:18:48.084695,1
SPEEDLOTTO_500_STORE_02763,74761012,로또훼미리마트왜관점,,미상,,,,speedlotto_500,18,first,1,200000000,2026-04-26T12:18:48.084695,2026-04-26T12:18:48.084695,1
SPEEDLOTTO_500_STORE_02764,99999990,미확인 판매점 ,,미상,,,,speedlotto_500,18,first,1,200000000,2026-04-26T12:18:48.084695,2026-04-26T12:18:48.084695,1
SPEEDLOTTO_500_STORE_02765,74460619,GS25봉명희망점,,미상,,,,speedlotto_500,18,first,1,200000000,2026-04-26T12:18:48.084695,2026-04-26T12:18:48.084695,1
SPEEDLOTTO_500_STORE_02766,72960633,채널Q24시로또주월점,,미상,,,,speedlotto_500,18,first,1,200000000,2026-04-26T12:18:48.084695,2026-04-26T12:18:48.084695,1
SPEEDLOTTO_500_STORE_02767,74162879,CU 안산이동제일점,,미상,,,,speedlotto_500,18,first,1,200000000,2026-04-26T12:18:48.084695,2026-04-26T12:18:48.084695,1
SPEEDLOTTO_500_STORE_02768,74861498,채널큐,,미상,,,,speedlotto_500,18,first,1,400000000,2026-04-26T12:18:48.084695,2026-04-26T12:18:48.084695,1
SPEEDLOTTO_500_STORE_02769,74860026,미니스톱 평산점,,미상,,,,speedlotto_500,18,first,1,400000000,2026-04-26T12:18:48.084695,2026-04-26T12:18:48.084695,1
SPEEDLOTTO_500_STORE_02770,72760607,대백마트,,미상,,,,speedlotto_500,18,first,1,200000000,2026-04-26T12:18:48.084695,2026-04-26T12:18:48.084695,1
SPEEDLOTTO_500_STORE_02771,71161288,세븐일레븐,,미상,,,,speedlotto_500,18,first,1,200000000,2026-04-26T12:18:48.084695,2026-04-26T12:18:48.084695,1
SPEEDLOTTO_500_STORE_02772,74163134,CU 구운선경점,,미상,,,,speedlotto_500,18,first,1,200000000,2026-04-26T12:18:48.084695,2026-04-26T12:18:48.084695,1
SPEEDLOTTO_500_STORE_02773,74163861,ANY로또,,미상,,,,speedlotto_500,18,first,1,200000000,2026-04-26T12:18:48.084695,2026-04-26T12:18:48.084695,1
SPEEDLOTTO_500_STORE_02774,71163684,스포츠베팅샵,,미상,,,,speedlotto_500,18,first,1,200000000,2026-04-26T12:18:48.084695,2026-04-26T12:18:48.084695,1
SPEEDLOTTO_500_STORE_02775,74260737,복권뱅크,,미상,,,,speedlotto_500,18,first,1,200000000,2026-04-26T12:18:48.084695,2026-04-26T12:18:48.084695,1
SPEEDLOTTO_500_STORE_02776,74860113,창원25시슈퍼(24시로또복권),,미상,,,,speedlotto_500,18,first,1,200000000,2026-04-26T12:18:48.084695,2026-04-26T12:18:48.084695,1
SPEEDLOTTO_500_STORE_02777,71160248,복마니복권방,,미상,,,,speedlotto_500,18,first,1,200000000,2026-04-26T12:18:48.084695,2026-04-26T12:18:48.084695,1
SPEEDLOTTO_500_STORE_02778,74860442,운동장마트,,미상,,,,speedlotto_500,18,first,1,200000000,2026-04-26T12:18:48.084695,2026-04-26T12:18:48.084695,1
SPEEDLOTTO_500_STORE_02779,71160111,복권나라,,미상,,,,speedlotto_500,18,first,1,200000000,2026-04-26T12:18:48.084695,2026-04-26T12:18:48.084695,1
SPEEDLOTTO_500_STORE_02780,74660663,CU목포비파점,,미상,,,,speedlotto_500,18,first,1,200000000,2026-04-26T12:18:48.084695,2026-04-26T12:18:48.084695,1
SPEEDLOTTO_500_STORE_02781,73060444,씨스페이스유성신우점,,미상,,,,speedlotto_500,18,first,1,200000000,2026-04-26T12:18:48.084695,2026-04-26T12:18:48.084695,1
SPEEDLOTTO_500_STORE_02782,74162956,세븐일레븐 안산고잔금강점,,미상,,,,speedlotto_500,18,first,1,200000000,2026-04-26T12:18:48.084695,2026-04-26T12:18:48.084695,1
SPEEDLOTTO_500_STORE_02783,74960026,하나슈퍼,,미상,,,,speedlotto_500,18,first,1,200000000,2026-04-26T12:18:48.084695,2026-04-26T12:18:48.084695,1
SPEEDLOTTO_500_STORE_02784,71161818,CU,,미상,,,,speedlotto_500,18,first,1,200000000,2026-04-26T12:18:48.084695,2026-04-26T12:18:48.084695,1
SPEEDLOTTO_500_STORE_02785,74163317,명진슈퍼,,미상,,,,speedlotto_500,18,first,1,200000000,2026-04-26T12:18:48.084695,2026-04-26T12:18:48.084695,1
SPEEDLOTTO_500_STORE_02786,71164520,양천24,,미상,,,,speedlotto_500,18,first,1,200000000,2026-04-26T12:18:48.084695,2026-04-26T12:18:48.084695,1
SPEEDLOTTO_500_STORE_02787,74163911,복권방,,미상,,,,speedlotto_500,18,first,1,200000000,2026-04-26T12:18:48.084695,2026-04-26T12:18:48.084695,1
SPEEDLOTTO_500_STORE_02788,71160627,세븐일레븐,,미상,,,,speedlotto_500,18,first,1,200000000,2026-04-26T12:18:48.084695,2026-04-26T12:18:48.084695,1
SPEEDLOTTO_500_STORE_02789,74260514,편의점,,미상,,,,speedlotto_500,18,first,1,200000000,2026-04-26T12:18:48.084695,2026-04-26T12:18:48.084695,1
SPEEDLOTTO_500_STORE_02790,74860121,복권방,,미상,,,,speedlotto_500,18,first,1,200000000,2026-04-26T12:18:48.084695,2026-04-26T12:18:48.084695,1
SPEEDLOTTO_500_STORE_02791,72660480,복권천국 복권방,,미상,,,,speedlotto_500,18,first,1,200000000,2026-04-26T12:18:48.084695,2026-04-26T12:18:48.084695,1
SPEEDLOTTO_500_STORE_02792,74460132,편의점,,미상,,,,speedlotto_500,18,first,1,200000000,2026-04-26T12:18:48.084695,2026-04-26T12:18:48.084695,1
SPEEDLOTTO_500_STORE_02793,71162726,가판대,,미상,,,,speedlotto_500,18,first,1,200000000,2026-04-26T12:18:48.084695,2026-04-26T12:18:48.084695,1
SPEEDLOTTO_500_STORE_02794,71162617,편의점,,미상,,,,speedlotto_500,18,first,1,200000000,2026-04-26T12:18:48.084695,2026-04-26T12:18:48.084695,1
SPEEDLOTTO_500_STORE_02795,71161756,복권방,,미상,,,,speedlotto_500,18,first,1,200000000,2026-04-26T12:18:48.084695,2026-04-26T12:18:48.084695,1
SPEEDLOTTO_500_STORE_02796,73160068,우리들 편의점 서부점,,미상,,,,speedlotto_500,18,first,1,200000000,2026-04-26T12:18:48.084695,2026-04-26T12:18:48.084695,1
SPEEDLOTTO_500_STORE_02797,74860224,슈퍼마켓,,미상,,,,speedlotto_500,18,first,1,200000000,2026-04-26T12:18:48.084695,2026-04-26T12:18:48.084695,1
SPEEDLOTTO_500_STORE_02798,74162739,복권방,,미상,,,,speedlotto_500,18,first,1,200000000,2026-04-26T12:18:48.084695,2026-04-26T12:18:48.084695,1
SPEEDLOTTO_500_STORE_02799,74162534,편의점,,미상,,,,speedlotto_500,18,first,1,200000000,2026-04-26T12:18:48.084695,2026-04-26T12:18:48.084695,1
SPEEDLOTTO_500_STORE_02800,74260488,제일복권,,미상,,,,speedlotto_500,18,first,1,200000000,2026-04-26T12:18:48.084695,2026-04-26T12:18:48.084695,1
SPEEDLOTTO_500_STORE_02801,74260444,복권방,,미상,,,,speedlotto_500,18,first,1,200000000,2026-04-26T12:18:48.084695,2026-04-26T12:18:48.084695,1
SPEEDLOTTO_500_STORE_02802,72863021,수퍼마켓,,미상,,,,speedlotto_500,18,first,1,200000000,2026-04-26T12:18:48.084695,2026-04-26T12:18:48.084695,1
SPEEDLOTTO_500_STORE_02803,74160427,만물복권방,,미상,,,,speedlotto_500,18,first,1,200000000,2026-04-26T12:18:48.084695,2026-04-26T12:18:48.084695,1
SPEEDLOTTO_500_STORE_02804,74861125,편의점,,미상,,,,speedlotto_500,18,first,1,200000000,2026-04-26T12:18:48.084695,2026-04-26T12:18:48.084695,1
SPEEDLOTTO_500_STORE_02805,71160697,가판,,미상,,,,speedlotto_500,18,first,1,200000000,2026-04-26T12:18:48.085694,2026-04-26T12:18:48.085694,1
SPEEDLOTTO_500_STORE_02806,74861027,수퍼마켓,,미상,,,,speedlotto_500,18,first,1,200000000,2026-04-26T12:18:48.085694,2026-04-26T12:18:48.085694,1
SPEEDLOTTO_500_STORE_02807,74460594,수퍼마켓,,미상,,,,speedlotto_500,18,first,1,200000000,2026-04-26T12:18:48.085694,2026-04-26T12:18:48.085694,1
SPEEDLOTTO_500_STORE_02808,74560222,편의점,,미상,,,,speedlotto_500,18,first,1,200000000,2026-04-26T12:18:48.085694,2026-04-26T12:18:48.085694,1
SPEEDLOTTO_500_STORE_02809,74860491,편의점,,미상,,,,speedlotto_500,18,first,1,200000000,2026-04-26T12:18:48.085694,2026-04-26T12:18:48.085694,1
SPEEDLOTTO_500_STORE_02810,74164096,복권방,,미상,,,,speedlotto_500,18,first,1,200000000,2026-04-26T12:18:48.085694,2026-04-26T12:18:48.085694,1
SPEEDLOTTO_500_STORE_02811,73060537,원마트 편의점,,미상,,,,speedlotto_500,18,first,1,200000000,2026-04-26T12:18:48.085694,2026-04-26T12:18:48.085694,1
SPEEDLOTTO_500_STORE_02812,74660195,복권방,,미상,,,,speedlotto_500,18,first,1,200000000,2026-04-26T12:18:48.085694,2026-04-26T12:18:48.085694,1
SPEEDLOTTO_500_STORE_02813,74860751,미니스톱,,미상,,,,speedlotto_500,18,first,1,200000000,2026-04-26T12:18:48.085694,2026-04-26T12:18:48.085694,1
SPEEDLOTTO_500_STORE_02814,72660051,편의점,,미상,,,,speedlotto_500,18,first,1,200000000,2026-04-26T12:18:48.085694,2026-04-26T12:18:48.085694,1
SPEEDLOTTO_500_STORE_02815,71163551,슈퍼,,미상,,,,speedlotto_500,18,first,1,200000000,2026-04-26T12:18:48.085694,2026-04-26T12:18:48.085694,1
SPEEDLOTTO_500_STORE_02816,71161183,가판,,미상,,,,speedlotto_500,18,first,1,200000000,2026-04-26T12:18:48.085694,2026-04-26T12:18:48.085694,1
SPEEDLOTTO_500_STORE_02817,71164341,복권방,,미상,,,,speedlotto_500,18,first,1,200000000,2026-04-26T12:18:48.085694,2026-04-26T12:18:48.085694,1
SPEEDLOTTO_500_STORE_02818,73160111,우리들 편의점 서부점,,미상,,,,speedlotto_500,18,first,1,200000000,2026-04-26T12:18:48.085694,2026-04-26T12:18:48.085694,1
SPEEDLOTTO_500_STORE_02819,72960822,편의점,,미상,,,,speedlotto_500,18,first,1,200000000,2026-04-26T12:18:48.085694,2026-04-26T12:18:48.085694,1
SPEEDLOTTO_500_STORE_02820,74162947,편의점,,미상,,,,speedlotto_500,18,first,1,200000000,2026-04-26T12:18:48.085694,2026-04-26T12:18:48.085694,1
SPEEDLOTTO_500_STORE_02821,72660156,복권방,,미상,,,,speedlotto_500,18,first,1,200000000,2026-04-26T12:18:48.085694,2026-04-26T12:18:48.085694,1
SPEEDLOTTO_500_STORE_02822,74160347,토토마트 (구 편의점사랑),,미상,,,,speedlotto_500,17,first,1,200000000,2026-04-26T12:18:49.945945,2026-04-26T12:18:49.945945,1
SPEEDLOTTO_500_STORE_02823,74760625,CSPACE구미옥계점,,미상,,,,speedlotto_500,17,first,1,200000000,2026-04-26T12:18:49.945945,2026-04-26T12:18:49.945945,1
SPEEDLOTTO_500_STORE_02824,74163706,다우토토샵,,미상,,,,speedlotto_500,17,first,1,200000000,2026-04-26T12:18:49.945945,2026-04-26T12:18:49.945945,1
SPEEDLOTTO_500_STORE_02825,74261788,일등당첨,,미상,,,,speedlotto_500,17,first,1,200000000,2026-04-26T12:18:49.945945,2026-04-26T12:18:49.945945,1
SPEEDLOTTO_500_STORE_02826,72662656,황금복권방,,미상,,,,speedlotto_500,17,first,1,200000000,2026-04-26T12:18:49.945945,2026-04-26T12:18:49.945945,1
SPEEDLOTTO_500_STORE_02827,74660464,드림복권(2호광장),,미상,,,,speedlotto_500,17,first,1,200000000,2026-04-26T12:18:49.945945,2026-04-26T12:18:49.945945,1
SPEEDLOTTO_500_STORE_02828,73160721,또로또,,미상,,,,speedlotto_500,17,first,1,200000000,2026-04-26T12:18:49.945945,2026-04-26T12:18:49.945945,1
SPEEDLOTTO_500_STORE_02829,74166759,GS25이동센터점,,미상,,,,speedlotto_500,17,first,1,200000000,2026-04-26T12:18:49.945945,2026-04-26T12:18:49.945945,1
SPEEDLOTTO_500_STORE_02830,74162803,보물섬복권방,,미상,,,,speedlotto_500,17,first,1,200000000,2026-04-26T12:18:49.945945,2026-04-26T12:18:49.945945,1
SPEEDLOTTO_500_STORE_02831,71162035,천하명당복권방,,미상,,,,speedlotto_500,17,first,1,200000000,2026-04-26T12:18:49.945945,2026-04-26T12:18:49.945945,1
SPEEDLOTTO_500_STORE_02832,73061011,금화로또마트,,미상,,,,speedlotto_500,17,first,1,200000000,2026-04-26T12:18:49.945945,2026-04-26T12:18:49.945945,1
SPEEDLOTTO_500_STORE_02833,72960747,오천억복권방,,미상,,,,speedlotto_500,17,first,1,200000000,2026-04-26T12:18:49.945945,2026-04-26T12:18:49.945945,1
SPEEDLOTTO_500_STORE_02834,74163177,명당골복권방,,미상,,,,speedlotto_500,17,first,1,200000000,2026-04-26T12:18:49.945945,2026-04-26T12:18:49.945945,1
SPEEDLOTTO_500_STORE_02835,72661445,CU사상서부,,미상,,,,speedlotto_500,17,first,1,200000000,2026-04-26T12:18:49.945945,2026-04-26T12:18:49.945945,2
SPEEDLOTTO_500_STORE_02836,74661194,스타복권,,미상,,,,speedlotto_500,17,first,1,200000000,2026-04-26T12:18:49.945945,2026-04-26T12:18:49.945945,1
SPEEDLOTTO_500_STORE_02837,74761757,SE왜관희망점,,미상,,,,speedlotto_500,17,first,1,200000000,2026-04-26T12:18:49.945945,2026-04-26T12:18:49.945945,1
SPEEDLOTTO_500_STORE_02838,74661178,제철로또대리점,,미상,,,,speedlotto_500,17,first,1,200000000,2026-04-26T12:18:49.945945,2026-04-26T12:18:49.945945,1
SPEEDLOTTO_500_STORE_02839,74161285,차부상회,,미상,,,,speedlotto_500,17,first,1,200000000,2026-04-26T12:18:49.945945,2026-04-26T12:18:49.945945,1
SPEEDLOTTO_500_STORE_02840,74360035,복덩어리,,미상,,,,speedlotto_500,17,first,1,200000000,2026-04-26T12:18:49.945945,2026-04-26T12:18:49.945945,1
SPEEDLOTTO_500_STORE_02841,72960008,도울복권,,미상,,,,speedlotto_500,17,first,1,200000000,2026-04-26T12:18:49.945945,2026-04-26T12:18:49.945945,1
SPEEDLOTTO_500_STORE_02842,72860361,프리마트,,미상,,,,speedlotto_500,17,first,1,200000000,2026-04-26T12:18:49.945945,2026-04-26T12:18:49.945945,1
SPEEDLOTTO_500_STORE_02843,73160635,삼우슈퍼,,미상,,,,speedlotto_500,17,first,1,200000000,2026-04-26T12:18:49.945945,2026-04-26T12:18:49.945945,1
SPEEDLOTTO_500_STORE_02844,72860822,복권왕국,,미상,,,,speedlotto_500,17,first,1,200000000,2026-04-26T12:18:49.945945,2026-04-26T12:18:49.945945,1
SPEEDLOTTO_500_STORE_02845,73160368,이마트24삼산본동,,미상,,,,speedlotto_500,17,first,1,200000000,2026-04-26T12:18:49.945945,2026-04-26T12:18:49.945945,1
SPEEDLOTTO_500_STORE_02846,74160255,CU 포천가산점,,미상,,,,speedlotto_500,17,first,1,200000000,2026-04-26T12:18:49.945945,2026-04-26T12:18:49.945945,1
SPEEDLOTTO_500_STORE_02847,72960924,진곡산단로또,,미상,,,,speedlotto_500,17,first,1,200000000,2026-04-26T12:18:49.945945,2026-04-26T12:18:49.945945,1
SPEEDLOTTO_500_STORE_02848,74760798,빙그레마트,,미상,,,,speedlotto_500,17,first,1,200000000,2026-04-26T12:18:49.945945,2026-04-26T12:18:49.945945,1
SPEEDLOTTO_500_STORE_02849,74360026,굿모닝복권방,,미상,,,,speedlotto_500,17,first,1,200000000,2026-04-26T12:18:49.946947,2026-04-26T12:18:49.946947,1
SPEEDLOTTO_500_STORE_02850,74760164,옹천왕대박슈퍼,,미상,,,,speedlotto_500,17,first,1,200000000,2026-04-26T12:18:49.946947,2026-04-26T12:18:49.946947,1
SPEEDLOTTO_500_STORE_02851,72861215,노다지복권방(학익),,미상,,,,speedlotto_500,17,first,1,200000000,2026-04-26T12:18:49.946947,2026-04-26T12:18:49.946947,1
SPEEDLOTTO_500_STORE_02852,71163495,CU 송파한화2호점,,미상,,,,speedlotto_500,17,first,1,200000000,2026-04-26T12:18:49.946947,2026-04-26T12:18:49.946947,1
SPEEDLOTTO_500_STORE_02853,74160110,GS 양주신산점,,미상,,,,speedlotto_500,17,first,1,200000000,2026-04-26T12:18:49.946947,2026-04-26T12:18:49.946947,1
SPEEDLOTTO_500_STORE_02854,74761012,로또훼미리마트왜관점,,미상,,,,speedlotto_500,17,first,1,200000000,2026-04-26T12:18:49.946947,2026-04-26T12:18:49.946947,1
SPEEDLOTTO_500_STORE_02855,99999990,미확인 판매점 ,,미상,,,,speedlotto_500,17,first,1,200000000,2026-04-26T12:18:49.946947,2026-04-26T12:18:49.946947,1
SPEEDLOTTO_500_STORE_02856,74460619,GS25봉명희망점,,미상,,,,speedlotto_500,17,first,1,200000000,2026-04-26T12:18:49.946947,2026-04-26T12:18:49.946947,1
SPEEDLOTTO_500_STORE_02857,72960633,채널Q24시로또주월점,,미상,,,,speedlotto_500,17,first,1,200000000,2026-04-26T12:18:49.946947,2026-04-26T12:18:49.946947,1
SPEEDLOTTO_500_STORE_02858,74162879,CU 안산이동제일점,,미상,,,,speedlotto_500,17,first,1,200000000,2026-04-26T12:18:49.946947,2026-04-26T12:18:49.946947,1
SPEEDLOTTO_500_STORE_02859,74861498,채널큐,,미상,,,,speedlotto_500,17,first,1,400000000,2026-04-26T12:18:49.946947,2026-04-26T12:18:49.946947,1
SPEEDLOTTO_500_STORE_02860,74860026,미니스톱 평산점,,미상,,,,speedlotto_500,17,first,1,400000000,2026-04-26T12:18:49.946947,2026-04-26T12:18:49.946947,1
SPEEDLOTTO_500_STORE_02861,72760607,대백마트,,미상,,,,speedlotto_500,17,first,1,200000000,2026-04-26T12:18:49.946947,2026-04-26T12:18:49.946947,1
SPEEDLOTTO_500_STORE_02862,71161288,세븐일레븐,,미상,,,,speedlotto_500,17,first,1,200000000,2026-04-26T12:18:49.946947,2026-04-26T12:18:49.946947,1
SPEEDLOTTO_500_STORE_02863,74163134,CU 구운선경점,,미상,,,,speedlotto_500,17,first,1,200000000,2026-04-26T12:18:49.946947,2026-04-26T12:18:49.946947,1
SPEEDLOTTO_500_STORE_02864,74163861,ANY로또,,미상,,,,speedlotto_500,17,first,1,200000000,2026-04-26T12:18:49.946947,2026-04-26T12:18:49.946947,1
SPEEDLOTTO_500_STORE_02865,71163684,스포츠베팅샵,,미상,,,,speedlotto_500,17,first,1,200000000,2026-04-26T12:18:49.946947,2026-04-26T12:18:49.946947,1
SPEEDLOTTO_500_STORE_02866,74260737,복권뱅크,,미상,,,,speedlotto_500,17,first,1,200000000,2026-04-26T12:18:49.946947,2026-04-26T12:18:49.946947,1
SPEEDLOTTO_500_STORE_02867,74860113,창원25시슈퍼(24시로또복권),,미상,,,,speedlotto_500,17,first,1,200000000,2026-04-26T12:18:49.946947,2026-04-26T12:18:49.946947,1
SPEEDLOTTO_500_STORE_02868,71160248,복마니복권방,,미상,,,,speedlotto_500,17,first,1,200000000,2026-04-26T12:18:49.946947,2026-04-26T12:18:49.946947,1
SPEEDLOTTO_500_STORE_02869,74860442,운동장마트,,미상,,,,speedlotto_500,17,first,1,200000000,2026-04-26T12:18:49.946947,2026-04-26T12:18:49.946947,1
SPEEDLOTTO_500_STORE_02870,71160111,복권나라,,미상,,,,speedlotto_500,17,first,1,200000000,2026-04-26T12:18:49.946947,2026-04-26T12:18:49.946947,1
SPEEDLOTTO_500_STORE_02871,74660663,CU목포비파점,,미상,,,,speedlotto_500,17,first,1,200000000,2026-04-26T12:18:49.946947,2026-04-26T12:18:49.946947,1
SPEEDLOTTO_500_STORE_02872,73060444,씨스페이스유성신우점,,미상,,,,speedlotto_500,17,first,1,200000000,2026-04-26T12:18:49.946947,2026-04-26T12:18:49.946947,1
SPEEDLOTTO_500_STORE_02873,74162956,세븐일레븐 안산고잔금강점,,미상,,,,speedlotto_500,17,first,1,200000000,2026-04-26T12:18:49.946947,2026-04-26T12:18:49.946947,1
SPEEDLOTTO_500_STORE_02874,74960026,하나슈퍼,,미상,,,,speedlotto_500,17,first,1,200000000,2026-04-26T12:18:49.946947,2026-04-26T12:18:49.946947,1
SPEEDLOTTO_500_STORE_02875,71161818,CU,,미상,,,,speedlotto_500,17,first,1,200000000,2026-04-26T12:18:49.946947,2026-04-26T12:18:49.946947,1
SPEEDLOTTO_500_STORE_02876,74163317,명진슈퍼,,미상,,,,speedlotto_500,17,first,1,200000000,2026-04-26T12:18:49.946947,2026-04-26T12:18:49.946947,1
SPEEDLOTTO_500_STORE_02877,71164520,양천24,,미상,,,,speedlotto_500,17,first,1,200000000,2026-04-26T12:18:49.946947,2026-04-26T12:18:49.946947,1
SPEEDLOTTO_500_STORE_02878,74163911,복권방,,미상,,,,speedlotto_500,17,first,1,200000000,2026-04-26T12:18:49.946947,2026-04-26T12:18:49.946947,1
SPEEDLOTTO_500_STORE_02879,71160627,세븐일레븐,,미상,,,,speedlotto_500,17,first,1,200000000,2026-04-26T12:18:49.946947,2026-04-26T12:18:49.946947,1
SPEEDLOTTO_500_STORE_02880,74260514,편의점,,미상,,,,speedlotto_500,17,first,1,200000000,2026-04-26T12:18:49.946947,2026-04-26T12:18:49.946947,1
SPEEDLOTTO_500_STORE_02881,74860121,복권방,,미상,,,,speedlotto_500,17,first,1,200000000,2026-04-26T12:18:49.946947,2026-04-26T12:18:49.946947,1
SPEEDLOTTO_500_STORE_02882,72660480,복권천국 복권방,,미상,,,,speedlotto_500,17,first,1,200000000,2026-04-26T12:18:49.946947,2026-04-26T12:18:49.946947,1
SPEEDLOTTO_500_STORE_02883,74460132,편의점,,미상,,,,speedlotto_500,17,first,1,200000000,2026-04-26T12:18:49.946947,2026-04-26T12:18:49.946947,1
SPEEDLOTTO_500_STORE_02884,71162726,가판대,,미상,,,,speedlotto_500,17,first,1,200000000,2026-04-26T12:18:49.946947,2026-04-26T12:18:49.946947,1
SPEEDLOTTO_500_STORE_02885,71162617,편의점,,미상,,,,speedlotto_500,17,first,1,200000000,2026-04-26T12:18:49.946947,2026-04-26T12:18:49.946947,1
SPEEDLOTTO_500_STORE_02886,71161756,복권방,,미상,,,,speedlotto_500,17,first,1,200000000,2026-04-26T12:18:49.946947,2026-04-26T12:18:49.946947,1
SPEEDLOTTO_500_STORE_02887,73160068,우리들 편의점 서부점,,미상,,,,speedlotto_500,17,first,1,200000000,2026-04-26T12:18:49.946947,2026-04-26T12:18:49.946947,1
SPEEDLOTTO_500_STORE_02888,74860224,슈퍼마켓,,미상,,,,speedlotto_500,17,first,1,200000000,2026-04-26T12:18:49.946947,2026-04-26T12:18:49.946947,1
SPEEDLOTTO_500_STORE_02889,74162739,복권방,,미상,,,,speedlotto_500,17,first,1,200000000,2026-04-26T12:18:49.946947,2026-04-26T12:18:49.946947,1
SPEEDLOTTO_500_STORE_02890,74162534,편의점,,미상,,,,speedlotto_500,17,first,1,200000000,2026-04-26T12:18:49.946947,2026-04-26T12:18:49.946947,1
SPEEDLOTTO_500_STORE_02891,74260488,제일복권,,미상,,,,speedlotto_500,17,first,1,200000000,2026-04-26T12:18:49.946947,2026-04-26T12:18:49.946947,1
SPEEDLOTTO_500_STORE_02892,74260444,복권방,,미상,,,,speedlotto_500,17,first,1,200000000,2026-04-26T12:18:49.946947,2026-04-26T12:18:49.946947,1
SPEEDLOTTO_500_STORE_02893,72863021,수퍼마켓,,미상,,,,speedlotto_500,17,first,1,200000000,2026-04-26T12:18:49.946947,2026-04-26T12:18:49.946947,1
SPEEDLOTTO_500_STORE_02894,74160427,만물복권방,,미상,,,,speedlotto_500,17,first,1,200000000,2026-04-26T12:18:49.946947,2026-04-26T12:18:49.946947,1
SPEEDLOTTO_500_STORE_02895,74861125,편의점,,미상,,,,speedlotto_500,17,first,1,200000000,2026-04-26T12:18:49.946947,2026-04-26T12:18:49.946947,1
SPEEDLOTTO_500_STORE_02896,71160697,가판,,미상,,,,speedlotto_500,17,first,1,200000000,2026-04-26T12:18:49.946947,2026-04-26T12:18:49.946947,1
SPEEDLOTTO_500_STORE_02897,74861027,수퍼마켓,,미상,,,,speedlotto_500,17,first,1,200000000,2026-04-26T12:18:49.946947,2026-04-26T12:18:49.946947,1
SPEEDLOTTO_500_STORE_02898,74460594,수퍼마켓,,미상,,,,speedlotto_500,17,first,1,200000000,2026-04-26T12:18:49.946947,2026-04-26T12:18:49.946947,1
SPEEDLOTTO_500_STORE_02899,74560222,편의점,,미상,,,,speedlotto_500,17,first,1,200000000,2026-04-26T12:18:49.946947,2026-04-26T12:18:49.946947,1
SPEEDLOTTO_500_STORE_02900,74860491,편의점,,미상,,,,speedlotto_500,17,first,1,200000000,2026-04-26T12:18:49.946947,2026-04-26T12:18:49.946947,1
SPEEDLOTTO_500_STORE_02901,74164096,복권방,,미상,,,,speedlotto_500,17,first,1,200000000,2026-04-26T12:18:49.946947,2026-04-26T12:18:49.946947,1
SPEEDLOTTO_500_STORE_02902,73060537,원마트 편의점,,미상,,,,speedlotto_500,17,first,1,200000000,2026-04-26T12:18:49.946947,2026-04-26T12:18:49.946947,1
SPEEDLOTTO_500_STORE_02903,74660195,복권방,,미상,,,,speedlotto_500,17,first,1,200000000,2026-04-26T12:18:49.946947,2026-04-26T12:18:49.946947,1
SPEEDLOTTO_500_STORE_02904,74860751,미니스톱,,미상,,,,speedlotto_500,17,first,1,200000000,2026-04-26T12:18:49.946947,2026-04-26T12:18:49.946947,1
SPEEDLOTTO_500_STORE_02905,72660051,편의점,,미상,,,,speedlotto_500,17,first,1,200000000,2026-04-26T12:18:49.946947,2026-04-26T12:18:49.946947,1
SPEEDLOTTO_500_STORE_02906,71163551,슈퍼,,미상,,,,speedlotto_500,17,first,1,200000000,2026-04-26T12:18:49.946947,2026-04-26T12:18:49.946947,1
SPEEDLOTTO_500_STORE_02907,71161183,가판,,미상,,,,speedlotto_500,17,first,1,200000000,2026-04-26T12:18:49.946947,2026-04-26T12:18:49.946947,1
SPEEDLOTTO_500_STORE_02908,71164341,복권방,,미상,,,,speedlotto_500,17,first,1,200000000,2026-04-26T12:18:49.946947,2026-04-26T12:18:49.946947,1
SPEEDLOTTO_500_STORE_02909,73160111,우리들 편의점 서부점,,미상,,,,speedlotto_500,17,first,1,200000000,2026-04-26T12:18:49.946947,2026-04-26T12:18:49.946947,1
SPEEDLOTTO_500_STORE_02910,72960822,편의점,,미상,,,,speedlotto_500,17,first,1,200000000,2026-04-26T12:18:49.946947,2026-04-26T12:18:49.946947,1
SPEEDLOTTO_500_STORE_02911,74162947,편의점,,미상,,,,speedlotto_500,17,first,1,200000000,2026-04-26T12:18:49.946947,2026-04-26T12:18:49.946947,1
SPEEDLOTTO_500_STORE_02912,72660156,복권방,,미상,,,,speedlotto_500,17,first,1,200000000,2026-04-26T12:18:49.946947,2026-04-26T12:18:49.946947,1
SPEEDLOTTO_500_STORE_02913,74160347,토토마트 (구 편의점사랑),,미상,,,,speedlotto_500,16,first,1,200000000,2026-04-26T12:18:51.798565,2026-04-26T12:18:51.798565,1
SPEEDLOTTO_500_STORE_02914,74760625,CSPACE구미옥계점,,미상,,,,speedlotto_500,16,first,1,200000000,2026-04-26T12:18:51.798565,2026-04-26T12:18:51.798565,1
SPEEDLOTTO_500_STORE_02915,74163706,다우토토샵,,미상,,,,speedlotto_500,16,first,1,200000000,2026-04-26T12:18:51.798565,2026-04-26T12:18:51.798565,1
SPEEDLOTTO_500_STORE_02916,74261788,일등당첨,,미상,,,,speedlotto_500,16,first,1,200000000,2026-04-26T12:18:51.798565,2026-04-26T12:18:51.798565,1
SPEEDLOTTO_500_STORE_02917,72662656,황금복권방,,미상,,,,speedlotto_500,16,first,1,200000000,2026-04-26T12:18:51.798565,2026-04-26T12:18:51.798565,1
SPEEDLOTTO_500_STORE_02918,74660464,드림복권(2호광장),,미상,,,,speedlotto_500,16,first,1,200000000,2026-04-26T12:18:51.798565,2026-04-26T12:18:51.798565,1
SPEEDLOTTO_500_STORE_02919,73160721,또로또,,미상,,,,speedlotto_500,16,first,1,200000000,2026-04-26T12:18:51.798565,2026-04-26T12:18:51.798565,1
SPEEDLOTTO_500_STORE_02920,74166759,GS25이동센터점,,미상,,,,speedlotto_500,16,first,1,200000000,2026-04-26T12:18:51.798565,2026-04-26T12:18:51.798565,1
SPEEDLOTTO_500_STORE_02921,74162803,보물섬복권방,,미상,,,,speedlotto_500,16,first,1,200000000,2026-04-26T12:18:51.798565,2026-04-26T12:18:51.798565,1
SPEEDLOTTO_500_STORE_02922,71162035,천하명당복권방,,미상,,,,speedlotto_500,16,first,1,200000000,2026-04-26T12:18:51.798565,2026-04-26T12:18:51.798565,1
SPEEDLOTTO_500_STORE_02923,73061011,금화로또마트,,미상,,,,speedlotto_500,16,first,1,200000000,2026-04-26T12:18:51.798565,2026-04-26T12:18:51.798565,1
SPEEDLOTTO_500_STORE_02924,72960747,오천억복권방,,미상,,,,speedlotto_500,16,first,1,200000000,2026-04-26T12:18:51.798565,2026-04-26T12:18:51.798565,1
SPEEDLOTTO_500_STORE_02925,74163177,명당골복권방,,미상,,,,speedlotto_500,16,first,1,200000000,2026-04-26T12:18:51.798565,2026-04-26T12:18:51.798565,1
SPEEDLOTTO_500_STORE_02926,72661445,CU사상서부,,미상,,,,speedlotto_500,16,first,1,200000000,2026-04-26T12:18:51.798565,2026-04-26T12:18:51.798565,2
SPEEDLOTTO_500_STORE_02927,74661194,스타복권,,미상,,,,speedlotto_500,16,first,1,200000000,2026-04-26T12:18:51.798565,2026-04-26T12:18:51.798565,1
SPEEDLOTTO_500_STORE_02928,74761757,SE왜관희망점,,미상,,,,speedlotto_500,16,first,1,200000000,2026-04-26T12:18:51.798565,2026-04-26T12:18:51.798565,1
SPEEDLOTTO_500_STORE_02929,74661178,제철로또대리점,,미상,,,,speedlotto_500,16,first,1,200000000,2026-04-26T12:18:51.798565,2026-04-26T12:18:51.798565,1
SPEEDLOTTO_500_STORE_02930,74161285,차부상회,,미상,,,,speedlotto_500,16,first,1,200000000,2026-04-26T12:18:51.798565,2026-04-26T12:18:51.798565,1
SPEEDLOTTO_500_STORE_02931,74360035,복덩어리,,미상,,,,speedlotto_500,16,first,1,200000000,2026-04-26T12:18:51.798565,2026-04-26T12:18:51.798565,1
SPEEDLOTTO_500_STORE_02932,72960008,도울복권,,미상,,,,speedlotto_500,16,first,1,200000000,2026-04-26T12:18:51.798565,2026-04-26T12:18:51.798565,1
SPEEDLOTTO_500_STORE_02933,72860361,프리마트,,미상,,,,speedlotto_500,16,first,1,200000000,2026-04-26T12:18:51.798565,2026-04-26T12:18:51.798565,1
SPEEDLOTTO_500_STORE_02934,73160635,삼우슈퍼,,미상,,,,speedlotto_500,16,first,1,200000000,2026-04-26T12:18:51.798565,2026-04-26T12:18:51.798565,1
SPEEDLOTTO_500_STORE_02935,72860822,복권왕국,,미상,,,,speedlotto_500,16,first,1,200000000,2026-04-26T12:18:51.798565,2026-04-26T12:18:51.798565,1
SPEEDLOTTO_500_STORE_02936,73160368,이마트24삼산본동,,미상,,,,speedlotto_500,16,first,1,200000000,2026-04-26T12:18:51.798565,2026-04-26T12:18:51.798565,1
SPEEDLOTTO_500_STORE_02937,74160255,CU 포천가산점,,미상,,,,speedlotto_500,16,first,1,200000000,2026-04-26T12:18:51.798565,2026-04-26T12:18:51.798565,1
SPEEDLOTTO_500_STORE_02938,72960924,진곡산단로또,,미상,,,,speedlotto_500,16,first,1,200000000,2026-04-26T12:18:51.798565,2026-04-26T12:18:51.798565,1
SPEEDLOTTO_500_STORE_02939,74760798,빙그레마트,,미상,,,,speedlotto_500,16,first,1,200000000,2026-04-26T12:18:51.798565,2026-04-26T12:18:51.798565,1
SPEEDLOTTO_500_STORE_02940,74360026,굿모닝복권방,,미상,,,,speedlotto_500,16,first,1,200000000,2026-04-26T12:18:51.798565,2026-04-26T12:18:51.798565,1
SPEEDLOTTO_500_STORE_02941,74760164,옹천왕대박슈퍼,,미상,,,,speedlotto_500,16,first,1,200000000,2026-04-26T12:18:51.798565,2026-04-26T12:18:51.798565,1
SPEEDLOTTO_500_STORE_02942,72861215,노다지복권방(학익),,미상,,,,speedlotto_500,16,first,1,200000000,2026-04-26T12:18:51.798565,2026-04-26T12:18:51.798565,1
SPEEDLOTTO_500_STORE_02943,71163495,CU 송파한화2호점,,미상,,,,speedlotto_500,16,first,1,200000000,2026-04-26T12:18:51.798565,2026-04-26T12:18:51.798565,1
SPEEDLOTTO_500_STORE_02944,74160110,GS 양주신산점,,미상,,,,speedlotto_500,16,first,1,200000000,2026-04-26T12:18:51.798565,2026-04-26T12:18:51.798565,1
SPEEDLOTTO_500_STORE_02945,74761012,로또훼미리마트왜관점,,미상,,,,speedlotto_500,16,first,1,200000000,2026-04-26T12:18:51.798565,2026-04-26T12:18:51.798565,1
SPEEDLOTTO_500_STORE_02946,99999990,미확인 판매점 ,,미상,,,,speedlotto_500,16,first,1,200000000,2026-04-26T12:18:51.798565,2026-04-26T12:18:51.798565,1
SPEEDLOTTO_500_STORE_02947,74460619,GS25봉명희망점,,미상,,,,speedlotto_500,16,first,1,200000000,2026-04-26T12:18:51.798565,2026-04-26T12:18:51.798565,1
SPEEDLOTTO_500_STORE_02948,72960633,채널Q24시로또주월점,,미상,,,,speedlotto_500,16,first,1,200000000,2026-04-26T12:18:51.798565,2026-04-26T12:18:51.798565,1
SPEEDLOTTO_500_STORE_02949,74162879,CU 안산이동제일점,,미상,,,,speedlotto_500,16,first,1,200000000,2026-04-26T12:18:51.798565,2026-04-26T12:18:51.798565,1
SPEEDLOTTO_500_STORE_02950,74861498,채널큐,,미상,,,,speedlotto_500,16,first,1,400000000,2026-04-26T12:18:51.798565,2026-04-26T12:18:51.798565,1
SPEEDLOTTO_500_STORE_02951,74860026,미니스톱 평산점,,미상,,,,speedlotto_500,16,first,1,400000000,2026-04-26T12:18:51.798565,2026-04-26T12:18:51.798565,1
SPEEDLOTTO_500_STORE_02952,72760607,대백마트,,미상,,,,speedlotto_500,16,first,1,200000000,2026-04-26T12:18:51.798565,2026-04-26T12:18:51.798565,1
SPEEDLOTTO_500_STORE_02953,71161288,세븐일레븐,,미상,,,,speedlotto_500,16,first,1,200000000,2026-04-26T12:18:51.798565,2026-04-26T12:18:51.798565,1
SPEEDLOTTO_500_STORE_02954,74163134,CU 구운선경점,,미상,,,,speedlotto_500,16,first,1,200000000,2026-04-26T12:18:51.798565,2026-04-26T12:18:51.798565,1
SPEEDLOTTO_500_STORE_02955,74163861,ANY로또,,미상,,,,speedlotto_500,16,first,1,200000000,2026-04-26T12:18:51.798565,2026-04-26T12:18:51.798565,1
SPEEDLOTTO_500_STORE_02956,71163684,스포츠베팅샵,,미상,,,,speedlotto_500,16,first,1,200000000,2026-04-26T12:18:51.798565,2026-04-26T12:18:51.798565,1
SPEEDLOTTO_500_STORE_02957,74260737,복권뱅크,,미상,,,,speedlotto_500,16,first,1,200000000,2026-04-26T12:18:51.798565,2026-04-26T12:18:51.798565,1
SPEEDLOTTO_500_STORE_02958,74860113,창원25시슈퍼(24시로또복권),,미상,,,,speedlotto_500,16,first,1,200000000,2026-04-26T12:18:51.798565,2026-04-26T12:18:51.798565,1
SPEEDLOTTO_500_STORE_02959,71160248,복마니복권방,,미상,,,,speedlotto_500,16,first,1,200000000,2026-04-26T12:18:51.798565,2026-04-26T12:18:51.798565,1
SPEEDLOTTO_500_STORE_02960,74860442,운동장마트,,미상,,,,speedlotto_500,16,first,1,200000000,2026-04-26T12:18:51.798565,2026-04-26T12:18:51.798565,1
SPEEDLOTTO_500_STORE_02961,71160111,복권나라,,미상,,,,speedlotto_500,16,first,1,200000000,2026-04-26T12:18:51.798565,2026-04-26T12:18:51.798565,1
SPEEDLOTTO_500_STORE_02962,74660663,CU목포비파점,,미상,,,,speedlotto_500,16,first,1,200000000,2026-04-26T12:18:51.798565,2026-04-26T12:18:51.798565,1
SPEEDLOTTO_500_STORE_02963,73060444,씨스페이스유성신우점,,미상,,,,speedlotto_500,16,first,1,200000000,2026-04-26T12:18:51.798565,2026-04-26T12:18:51.798565,1
SPEEDLOTTO_500_STORE_02964,74162956,세븐일레븐 안산고잔금강점,,미상,,,,speedlotto_500,16,first,1,200000000,2026-04-26T12:18:51.798565,2026-04-26T12:18:51.798565,1
SPEEDLOTTO_500_STORE_02965,74960026,하나슈퍼,,미상,,,,speedlotto_500,16,first,1,200000000,2026-04-26T12:18:51.798565,2026-04-26T12:18:51.798565,1
SPEEDLOTTO_500_STORE_02966,71161818,CU,,미상,,,,speedlotto_500,16,first,1,200000000,2026-04-26T12:18:51.798565,2026-04-26T12:18:51.798565,1
SPEEDLOTTO_500_STORE_02967,74163317,명진슈퍼,,미상,,,,speedlotto_500,16,first,1,200000000,2026-04-26T12:18:51.798565,2026-04-26T12:18:51.798565,1
SPEEDLOTTO_500_STORE_02968,71164520,양천24,,미상,,,,speedlotto_500,16,first,1,200000000,2026-04-26T12:18:51.798565,2026-04-26T12:18:51.798565,1
SPEEDLOTTO_500_STORE_02969,74163911,복권방,,미상,,,,speedlotto_500,16,first,1,200000000,2026-04-26T12:18:51.798565,2026-04-26T12:18:51.798565,1
SPEEDLOTTO_500_STORE_02970,71160627,세븐일레븐,,미상,,,,speedlotto_500,16,first,1,200000000,2026-04-26T12:18:51.798565,2026-04-26T12:18:51.798565,1
SPEEDLOTTO_500_STORE_02971,74260514,편의점,,미상,,,,speedlotto_500,16,first,1,200000000,2026-04-26T12:18:51.798565,2026-04-26T12:18:51.798565,1
SPEEDLOTTO_500_STORE_02972,74860121,복권방,,미상,,,,speedlotto_500,16,first,1,200000000,2026-04-26T12:18:51.798565,2026-04-26T12:18:51.798565,1
SPEEDLOTTO_500_STORE_02973,72660480,복권천국 복권방,,미상,,,,speedlotto_500,16,first,1,200000000,2026-04-26T12:18:51.798565,2026-04-26T12:18:51.798565,1
SPEEDLOTTO_500_STORE_02974,74460132,편의점,,미상,,,,speedlotto_500,16,first,1,200000000,2026-04-26T12:18:51.798565,2026-04-26T12:18:51.798565,1
SPEEDLOTTO_500_STORE_02975,71162726,가판대,,미상,,,,speedlotto_500,16,first,1,200000000,2026-04-26T12:18:51.798565,2026-04-26T12:18:51.798565,1
SPEEDLOTTO_500_STORE_02976,71162617,편의점,,미상,,,,speedlotto_500,16,first,1,200000000,2026-04-26T12:18:51.798565,2026-04-26T12:18:51.798565,1
SPEEDLOTTO_500_STORE_02977,71161756,복권방,,미상,,,,speedlotto_500,16,first,1,200000000,2026-04-26T12:18:51.798565,2026-04-26T12:18:51.798565,1
SPEEDLOTTO_500_STORE_02978,73160068,우리들 편의점 서부점,,미상,,,,speedlotto_500,16,first,1,200000000,2026-04-26T12:18:51.798565,2026-04-26T12:18:51.798565,1
SPEEDLOTTO_500_STORE_02979,74860224,슈퍼마켓,,미상,,,,speedlotto_500,16,first,1,200000000,2026-04-26T12:18:51.798565,2026-04-26T12:18:51.798565,1
SPEEDLOTTO_500_STORE_02980,74162739,복권방,,미상,,,,speedlotto_500,16,first,1,200000000,2026-04-26T12:18:51.798565,2026-04-26T12:18:51.798565,1
SPEEDLOTTO_500_STORE_02981,74162534,편의점,,미상,,,,speedlotto_500,16,first,1,200000000,2026-04-26T12:18:51.798565,2026-04-26T12:18:51.798565,1
SPEEDLOTTO_500_STORE_02982,74260488,제일복권,,미상,,,,speedlotto_500,16,first,1,200000000,2026-04-26T12:18:51.798565,2026-04-26T12:18:51.798565,1
SPEEDLOTTO_500_STORE_02983,74260444,복권방,,미상,,,,speedlotto_500,16,first,1,200000000,2026-04-26T12:18:51.798565,2026-04-26T12:18:51.798565,1
SPEEDLOTTO_500_STORE_02984,72863021,수퍼마켓,,미상,,,,speedlotto_500,16,first,1,200000000,2026-04-26T12:18:51.798565,2026-04-26T12:18:51.798565,1
SPEEDLOTTO_500_STORE_02985,74160427,만물복권방,,미상,,,,speedlotto_500,16,first,1,200000000,2026-04-26T12:18:51.798565,2026-04-26T12:18:51.798565,1
SPEEDLOTTO_500_STORE_02986,74861125,편의점,,미상,,,,speedlotto_500,16,first,1,200000000,2026-04-26T12:18:51.798565,2026-04-26T12:18:51.798565,1
SPEEDLOTTO_500_STORE_02987,71160697,가판,,미상,,,,speedlotto_500,16,first,1,200000000,2026-04-26T12:18:51.798565,2026-04-26T12:18:51.798565,1
SPEEDLOTTO_500_STORE_02988,74861027,수퍼마켓,,미상,,,,speedlotto_500,16,first,1,200000000,2026-04-26T12:18:51.798565,2026-04-26T12:18:51.798565,1
SPEEDLOTTO_500_STORE_02989,74460594,수퍼마켓,,미상,,,,speedlotto_500,16,first,1,200000000,2026-04-26T12:18:51.798565,2026-04-26T12:18:51.798565,1
SPEEDLOTTO_500_STORE_02990,74560222,편의점,,미상,,,,speedlotto_500,16,first,1,200000000,2026-04-26T12:18:51.798565,2026-04-26T12:18:51.798565,1
SPEEDLOTTO_500_STORE_02991,74860491,편의점,,미상,,,,speedlotto_500,16,first,1,200000000,2026-04-26T12:18:51.798565,2026-04-26T12:18:51.798565,1
SPEEDLOTTO_500_STORE_02992,74164096,복권방,,미상,,,,speedlotto_500,16,first,1,200000000,2026-04-26T12:18:51.798565,2026-04-26T12:18:51.798565,1
SPEEDLOTTO_500_STORE_02993,73060537,원마트 편의점,,미상,,,,speedlotto_500,16,first,1,200000000,2026-04-26T12:18:51.798565,2026-04-26T12:18:51.798565,1
SPEEDLOTTO_500_STORE_02994,74660195,복권방,,미상,,,,speedlotto_500,16,first,1,200000000,2026-04-26T12:18:51.798565,2026-04-26T12:18:51.798565,1
SPEEDLOTTO_500_STORE_02995,74860751,미니스톱,,미상,,,,speedlotto_500,16,first,1,200000000,2026-04-26T12:18:51.798565,2026-04-26T12:18:51.798565,1
SPEEDLOTTO_500_STORE_02996,72660051,편의점,,미상,,,,speedlotto_500,16,first,1,200000000,2026-04-26T12:18:51.798565,2026-04-26T12:18:51.798565,1
SPEEDLOTTO_500_STORE_02997,71163551,슈퍼,,미상,,,,speedlotto_500,16,first,1,200000000,2026-04-26T12:18:51.798565,2026-04-26T12:18:51.798565,1
SPEEDLOTTO_500_STORE_02998,71161183,가판,,미상,,,,speedlotto_500,16,first,1,200000000,2026-04-26T12:18:51.798565,2026-04-26T12:18:51.798565,1
SPEEDLOTTO_500_STORE_02999,71164341,복권방,,미상,,,,speedlotto_500,16,first,1,200000000,2026-04-26T12:18:51.798565,2026-04-26T12:18:51.798565,1
SPEEDLOTTO_500_STORE_03000,73160111,우리들 편의점 서부점,,미상,,,,speedlotto_500,16,first,1,200000000,2026-04-26T12:18:51.798565,2026-04-26T12:18:51.798565,1
SPEEDLOTTO_500_STORE_03001,72960822,편의점,,미상,,,,speedlotto_500,16,first,1,200000000,2026-04-26T12:18:51.798565,2026-04-26T12:18:51.798565,1
SPEEDLOTTO_500_STORE_03002,74162947,편의점,,미상,,,,speedlotto_500,16,first,1,200000000,2026-04-26T12:18:51.798565,2026-04-26T12:18:51.798565,1
SPEEDLOTTO_500_STORE_03003,72660156,복권방,,미상,,,,speedlotto_500,16,first,1,200000000,2026-04-26T12:18:51.798565,2026-04-26T12:18:51.798565,1
SPEEDLOTTO_500_STORE_03004,74160347,토토마트 (구 편의점사랑),,미상,,,,speedlotto_500,15,first,1,200000000,2026-04-26T12:18:53.660154,2026-04-26T12:18:53.660154,1
SPEEDLOTTO_500_STORE_03005,74760625,CSPACE구미옥계점,,미상,,,,speedlotto_500,15,first,1,200000000,2026-04-26T12:18:53.660154,2026-04-26T12:18:53.660154,1
SPEEDLOTTO_500_STORE_03006,74163706,다우토토샵,,미상,,,,speedlotto_500,15,first,1,200000000,2026-04-26T12:18:53.660154,2026-04-26T12:18:53.660154,1
SPEEDLOTTO_500_STORE_03007,74261788,일등당첨,,미상,,,,speedlotto_500,15,first,1,200000000,2026-04-26T12:18:53.660154,2026-04-26T12:18:53.660154,1
SPEEDLOTTO_500_STORE_03008,72662656,황금복권방,,미상,,,,speedlotto_500,15,first,1,200000000,2026-04-26T12:18:53.660154,2026-04-26T12:18:53.660154,1
SPEEDLOTTO_500_STORE_03009,74660464,드림복권(2호광장),,미상,,,,speedlotto_500,15,first,1,200000000,2026-04-26T12:18:53.660154,2026-04-26T12:18:53.660154,1
SPEEDLOTTO_500_STORE_03010,73160721,또로또,,미상,,,,speedlotto_500,15,first,1,200000000,2026-04-26T12:18:53.660154,2026-04-26T12:18:53.660154,1
SPEEDLOTTO_500_STORE_03011,74166759,GS25이동센터점,,미상,,,,speedlotto_500,15,first,1,200000000,2026-04-26T12:18:53.660154,2026-04-26T12:18:53.660154,1
SPEEDLOTTO_500_STORE_03012,74162803,보물섬복권방,,미상,,,,speedlotto_500,15,first,1,200000000,2026-04-26T12:18:53.660154,2026-04-26T12:18:53.660154,1
SPEEDLOTTO_500_STORE_03013,71162035,천하명당복권방,,미상,,,,speedlotto_500,15,first,1,200000000,2026-04-26T12:18:53.660154,2026-04-26T12:18:53.660154,1
SPEEDLOTTO_500_STORE_03014,73061011,금화로또마트,,미상,,,,speedlotto_500,15,first,1,200000000,2026-04-26T12:18:53.660154,2026-04-26T12:18:53.660154,1
SPEEDLOTTO_500_STORE_03015,72960747,오천억복권방,,미상,,,,speedlotto_500,15,first,1,200000000,2026-04-26T12:18:53.660154,2026-04-26T12:18:53.660154,1
SPEEDLOTTO_500_STORE_03016,74163177,명당골복권방,,미상,,,,speedlotto_500,15,first,1,200000000,2026-04-26T12:18:53.660154,2026-04-26T12:18:53.660154,1
SPEEDLOTTO_500_STORE_03017,72661445,CU사상서부,,미상,,,,speedlotto_500,15,first,1,200000000,2026-04-26T12:18:53.660154,2026-04-26T12:18:53.660154,2
SPEEDLOTTO_500_STORE_03018,74661194,스타복권,,미상,,,,speedlotto_500,15,first,1,200000000,2026-04-26T12:18:53.660154,2026-04-26T12:18:53.660154,1
SPEEDLOTTO_500_STORE_03019,74761757,SE왜관희망점,,미상,,,,speedlotto_500,15,first,1,200000000,2026-04-26T12:18:53.660154,2026-04-26T12:18:53.660154,1
SPEEDLOTTO_500_STORE_03020,74661178,제철로또대리점,,미상,,,,speedlotto_500,15,first,1,200000000,2026-04-26T12:18:53.660154,2026-04-26T12:18:53.660154,1
SPEEDLOTTO_500_STORE_03021,74161285,차부상회,,미상,,,,speedlotto_500,15,first,1,200000000,2026-04-26T12:18:53.660154,2026-04-26T12:18:53.660154,1
SPEEDLOTTO_500_STORE_03022,74360035,복덩어리,,미상,,,,speedlotto_500,15,first,1,200000000,2026-04-26T12:18:53.660154,2026-04-26T12:18:53.660154,1
SPEEDLOTTO_500_STORE_03023,72960008,도울복권,,미상,,,,speedlotto_500,15,first,1,200000000,2026-04-26T12:18:53.660154,2026-04-26T12:18:53.660154,1
SPEEDLOTTO_500_STORE_03024,72860361,프리마트,,미상,,,,speedlotto_500,15,first,1,200000000,2026-04-26T12:18:53.660154,2026-04-26T12:18:53.660154,1
SPEEDLOTTO_500_STORE_03025,73160635,삼우슈퍼,,미상,,,,speedlotto_500,15,first,1,200000000,2026-04-26T12:18:53.660154,2026-04-26T12:18:53.660154,1
SPEEDLOTTO_500_STORE_03026,72860822,복권왕국,,미상,,,,speedlotto_500,15,first,1,200000000,2026-04-26T12:18:53.660154,2026-04-26T12:18:53.660154,1
SPEEDLOTTO_500_STORE_03027,73160368,이마트24삼산본동,,미상,,,,speedlotto_500,15,first,1,200000000,2026-04-26T12:18:53.660154,2026-04-26T12:18:53.660154,1
SPEEDLOTTO_500_STORE_03028,74160255,CU 포천가산점,,미상,,,,speedlotto_500,15,first,1,200000000,2026-04-26T12:18:53.660154,2026-04-26T12:18:53.660154,1
SPEEDLOTTO_500_STORE_03029,72960924,진곡산단로또,,미상,,,,speedlotto_500,15,first,1,200000000,2026-04-26T12:18:53.660154,2026-04-26T12:18:53.660154,1
SPEEDLOTTO_500_STORE_03030,74760798,빙그레마트,,미상,,,,speedlotto_500,15,first,1,200000000,2026-04-26T12:18:53.660154,2026-04-26T12:18:53.660154,1
SPEEDLOTTO_500_STORE_03031,74360026,굿모닝복권방,,미상,,,,speedlotto_500,15,first,1,200000000,2026-04-26T12:18:53.660154,2026-04-26T12:18:53.660154,1
SPEEDLOTTO_500_STORE_03032,74760164,옹천왕대박슈퍼,,미상,,,,speedlotto_500,15,first,1,200000000,2026-04-26T12:18:53.660154,2026-04-26T12:18:53.660154,1
SPEEDLOTTO_500_STORE_03033,72861215,노다지복권방(학익),,미상,,,,speedlotto_500,15,first,1,200000000,2026-04-26T12:18:53.660154,2026-04-26T12:18:53.660154,1
SPEEDLOTTO_500_STORE_03034,71163495,CU 송파한화2호점,,미상,,,,speedlotto_500,15,first,1,200000000,2026-04-26T12:18:53.660154,2026-04-26T12:18:53.660154,1
SPEEDLOTTO_500_STORE_03035,74160110,GS 양주신산점,,미상,,,,speedlotto_500,15,first,1,200000000,2026-04-26T12:18:53.660154,2026-04-26T12:18:53.660154,1
SPEEDLOTTO_500_STORE_03036,74761012,로또훼미리마트왜관점,,미상,,,,speedlotto_500,15,first,1,200000000,2026-04-26T12:18:53.660154,2026-04-26T12:18:53.660154,1
SPEEDLOTTO_500_STORE_03037,99999990,미확인 판매점 ,,미상,,,,speedlotto_500,15,first,1,200000000,2026-04-26T12:18:53.660154,2026-04-26T12:18:53.660154,1
SPEEDLOTTO_500_STORE_03038,74460619,GS25봉명희망점,,미상,,,,speedlotto_500,15,first,1,200000000,2026-04-26T12:18:53.660154,2026-04-26T12:18:53.660154,1
SPEEDLOTTO_500_STORE_03039,72960633,채널Q24시로또주월점,,미상,,,,speedlotto_500,15,first,1,200000000,2026-04-26T12:18:53.660154,2026-04-26T12:18:53.660154,1
SPEEDLOTTO_500_STORE_03040,74162879,CU 안산이동제일점,,미상,,,,speedlotto_500,15,first,1,200000000,2026-04-26T12:18:53.660154,2026-04-26T12:18:53.660154,1
SPEEDLOTTO_500_STORE_03041,74861498,채널큐,,미상,,,,speedlotto_500,15,first,1,400000000,2026-04-26T12:18:53.660154,2026-04-26T12:18:53.660154,1
SPEEDLOTTO_500_STORE_03042,74860026,미니스톱 평산점,,미상,,,,speedlotto_500,15,first,1,400000000,2026-04-26T12:18:53.660154,2026-04-26T12:18:53.660154,1
SPEEDLOTTO_500_STORE_03043,72760607,대백마트,,미상,,,,speedlotto_500,15,first,1,200000000,2026-04-26T12:18:53.660154,2026-04-26T12:18:53.660154,1
SPEEDLOTTO_500_STORE_03044,71161288,세븐일레븐,,미상,,,,speedlotto_500,15,first,1,200000000,2026-04-26T12:18:53.660154,2026-04-26T12:18:53.660154,1
SPEEDLOTTO_500_STORE_03045,74163134,CU 구운선경점,,미상,,,,speedlotto_500,15,first,1,200000000,2026-04-26T12:18:53.660154,2026-04-26T12:18:53.660154,1
SPEEDLOTTO_500_STORE_03046,74163861,ANY로또,,미상,,,,speedlotto_500,15,first,1,200000000,2026-04-26T12:18:53.660154,2026-04-26T12:18:53.660154,1
SPEEDLOTTO_500_STORE_03047,71163684,스포츠베팅샵,,미상,,,,speedlotto_500,15,first,1,200000000,2026-04-26T12:18:53.660154,2026-04-26T12:18:53.660154,1
SPEEDLOTTO_500_STORE_03048,74260737,복권뱅크,,미상,,,,speedlotto_500,15,first,1,200000000,2026-04-26T12:18:53.660154,2026-04-26T12:18:53.660154,1
SPEEDLOTTO_500_STORE_03049,74860113,창원25시슈퍼(24시로또복권),,미상,,,,speedlotto_500,15,first,1,200000000,2026-04-26T12:18:53.660154,2026-04-26T12:18:53.660154,1
SPEEDLOTTO_500_STORE_03050,71160248,복마니복권방,,미상,,,,speedlotto_500,15,first,1,200000000,2026-04-26T12:18:53.660154,2026-04-26T12:18:53.660154,1
SPEEDLOTTO_500_STORE_03051,74860442,운동장마트,,미상,,,,speedlotto_500,15,first,1,200000000,2026-04-26T12:18:53.660154,2026-04-26T12:18:53.660154,1
SPEEDLOTTO_500_STORE_03052,71160111,복권나라,,미상,,,,speedlotto_500,15,first,1,200000000,2026-04-26T12:18:53.660154,2026-04-26T12:18:53.660154,1
SPEEDLOTTO_500_STORE_03053,74660663,CU목포비파점,,미상,,,,speedlotto_500,15,first,1,200000000,2026-04-26T12:18:53.660154,2026-04-26T12:18:53.660154,1
SPEEDLOTTO_500_STORE_03054,73060444,씨스페이스유성신우점,,미상,,,,speedlotto_500,15,first,1,200000000,2026-04-26T12:18:53.660154,2026-04-26T12:18:53.660154,1
SPEEDLOTTO_500_STORE_03055,74162956,세븐일레븐 안산고잔금강점,,미상,,,,speedlotto_500,15,first,1,200000000,2026-04-26T12:18:53.660154,2026-04-26T12:18:53.660154,1
SPEEDLOTTO_500_STORE_03056,74960026,하나슈퍼,,미상,,,,speedlotto_500,15,first,1,200000000,2026-04-26T12:18:53.660154,2026-04-26T12:18:53.660154,1
SPEEDLOTTO_500_STORE_03057,71161818,CU,,미상,,,,speedlotto_500,15,first,1,200000000,2026-04-26T12:18:53.660154,2026-04-26T12:18:53.660154,1
SPEEDLOTTO_500_STORE_03058,74163317,명진슈퍼,,미상,,,,speedlotto_500,15,first,1,200000000,2026-04-26T12:18:53.660154,2026-04-26T12:18:53.660154,1
SPEEDLOTTO_500_STORE_03059,71164520,양천24,,미상,,,,speedlotto_500,15,first,1,200000000,2026-04-26T12:18:53.660154,2026-04-26T12:18:53.660154,1
SPEEDLOTTO_500_STORE_03060,74163911,복권방,,미상,,,,speedlotto_500,15,first,1,200000000,2026-04-26T12:18:53.660154,2026-04-26T12:18:53.660154,1
SPEEDLOTTO_500_STORE_03061,71160627,세븐일레븐,,미상,,,,speedlotto_500,15,first,1,200000000,2026-04-26T12:18:53.660154,2026-04-26T12:18:53.660154,1
SPEEDLOTTO_500_STORE_03062,74260514,편의점,,미상,,,,speedlotto_500,15,first,1,200000000,2026-04-26T12:18:53.660154,2026-04-26T12:18:53.660154,1
SPEEDLOTTO_500_STORE_03063,74860121,복권방,,미상,,,,speedlotto_500,15,first,1,200000000,2026-04-26T12:18:53.660154,2026-04-26T12:18:53.660154,1
SPEEDLOTTO_500_STORE_03064,72660480,복권천국 복권방,,미상,,,,speedlotto_500,15,first,1,200000000,2026-04-26T12:18:53.660154,2026-04-26T12:18:53.660154,1
SPEEDLOTTO_500_STORE_03065,74460132,편의점,,미상,,,,speedlotto_500,15,first,1,200000000,2026-04-26T12:18:53.660154,2026-04-26T12:18:53.660154,1
SPEEDLOTTO_500_STORE_03066,71162726,가판대,,미상,,,,speedlotto_500,15,first,1,200000000,2026-04-26T12:18:53.660154,2026-04-26T12:18:53.660154,1
SPEEDLOTTO_500_STORE_03067,71162617,편의점,,미상,,,,speedlotto_500,15,first,1,200000000,2026-04-26T12:18:53.660154,2026-04-26T12:18:53.660154,1
SPEEDLOTTO_500_STORE_03068,71161756,복권방,,미상,,,,speedlotto_500,15,first,1,200000000,2026-04-26T12:18:53.660154,2026-04-26T12:18:53.660154,1
SPEEDLOTTO_500_STORE_03069,73160068,우리들 편의점 서부점,,미상,,,,speedlotto_500,15,first,1,200000000,2026-04-26T12:18:53.660154,2026-04-26T12:18:53.660154,1
SPEEDLOTTO_500_STORE_03070,74860224,슈퍼마켓,,미상,,,,speedlotto_500,15,first,1,200000000,2026-04-26T12:18:53.660154,2026-04-26T12:18:53.660154,1
SPEEDLOTTO_500_STORE_03071,74162739,복권방,,미상,,,,speedlotto_500,15,first,1,200000000,2026-04-26T12:18:53.660154,2026-04-26T12:18:53.660154,1
SPEEDLOTTO_500_STORE_03072,74162534,편의점,,미상,,,,speedlotto_500,15,first,1,200000000,2026-04-26T12:18:53.660154,2026-04-26T12:18:53.660154,1
SPEEDLOTTO_500_STORE_03073,74260488,제일복권,,미상,,,,speedlotto_500,15,first,1,200000000,2026-04-26T12:18:53.660154,2026-04-26T12:18:53.660154,1
SPEEDLOTTO_500_STORE_03074,74260444,복권방,,미상,,,,speedlotto_500,15,first,1,200000000,2026-04-26T12:18:53.660154,2026-04-26T12:18:53.660154,1
SPEEDLOTTO_500_STORE_03075,72863021,수퍼마켓,,미상,,,,speedlotto_500,15,first,1,200000000,2026-04-26T12:18:53.660154,2026-04-26T12:18:53.660154,1
SPEEDLOTTO_500_STORE_03076,74160427,만물복권방,,미상,,,,speedlotto_500,15,first,1,200000000,2026-04-26T12:18:53.660154,2026-04-26T12:18:53.660154,1
SPEEDLOTTO_500_STORE_03077,74861125,편의점,,미상,,,,speedlotto_500,15,first,1,200000000,2026-04-26T12:18:53.660154,2026-04-26T12:18:53.660154,1
SPEEDLOTTO_500_STORE_03078,71160697,가판,,미상,,,,speedlotto_500,15,first,1,200000000,2026-04-26T12:18:53.660154,2026-04-26T12:18:53.660154,1
SPEEDLOTTO_500_STORE_03079,74861027,수퍼마켓,,미상,,,,speedlotto_500,15,first,1,200000000,2026-04-26T12:18:53.660154,2026-04-26T12:18:53.660154,1
SPEEDLOTTO_500_STORE_03080,74460594,수퍼마켓,,미상,,,,speedlotto_500,15,first,1,200000000,2026-04-26T12:18:53.660154,2026-04-26T12:18:53.660154,1
SPEEDLOTTO_500_STORE_03081,74560222,편의점,,미상,,,,speedlotto_500,15,first,1,200000000,2026-04-26T12:18:53.660154,2026-04-26T12:18:53.660154,1
SPEEDLOTTO_500_STORE_03082,74860491,편의점,,미상,,,,speedlotto_500,15,first,1,200000000,2026-04-26T12:18:53.660154,2026-04-26T12:18:53.660154,1
SPEEDLOTTO_500_STORE_03083,74164096,복권방,,미상,,,,speedlotto_500,15,first,1,200000000,2026-04-26T12:18:53.660154,2026-04-26T12:18:53.660154,1
SPEEDLOTTO_500_STORE_03084,73060537,원마트 편의점,,미상,,,,speedlotto_500,15,first,1,200000000,2026-04-26T12:18:53.660154,2026-04-26T12:18:53.660154,1
SPEEDLOTTO_500_STORE_03085,74660195,복권방,,미상,,,,speedlotto_500,15,first,1,200000000,2026-04-26T12:18:53.660154,2026-04-26T12:18:53.660154,1
SPEEDLOTTO_500_STORE_03086,74860751,미니스톱,,미상,,,,speedlotto_500,15,first,1,200000000,2026-04-26T12:18:53.660154,2026-04-26T12:18:53.660154,1
SPEEDLOTTO_500_STORE_03087,72660051,편의점,,미상,,,,speedlotto_500,15,first,1,200000000,2026-04-26T12:18:53.660154,2026-04-26T12:18:53.660154,1
SPEEDLOTTO_500_STORE_03088,71163551,슈퍼,,미상,,,,speedlotto_500,15,first,1,200000000,2026-04-26T12:18:53.660154,2026-04-26T12:18:53.660154,1
SPEEDLOTTO_500_STORE_03089,71161183,가판,,미상,,,,speedlotto_500,15,first,1,200000000,2026-04-26T12:18:53.660154,2026-04-26T12:18:53.660154,1
SPEEDLOTTO_500_STORE_03090,71164341,복권방,,미상,,,,speedlotto_500,15,first,1,200000000,2026-04-26T12:18:53.660154,2026-04-26T12:18:53.660154,1
SPEEDLOTTO_500_STORE_03091,73160111,우리들 편의점 서부점,,미상,,,,speedlotto_500,15,first,1,200000000,2026-04-26T12:18:53.660154,2026-04-26T12:18:53.660154,1
SPEEDLOTTO_500_STORE_03092,72960822,편의점,,미상,,,,speedlotto_500,15,first,1,200000000,2026-04-26T12:18:53.660154,2026-04-26T12:18:53.660154,1
SPEEDLOTTO_500_STORE_03093,74162947,편의점,,미상,,,,speedlotto_500,15,first,1,200000000,2026-04-26T12:18:53.660154,2026-04-26T12:18:53.660154,1
SPEEDLOTTO_500_STORE_03094,72660156,복권방,,미상,,,,speedlotto_500,15,first,1,200000000,2026-04-26T12:18:53.660154,2026-04-26T12:18:53.660154,1
SPEEDLOTTO_500_STORE_03095,74160347,토토마트 (구 편의점사랑),,미상,,,,speedlotto_500,14,first,1,200000000,2026-04-26T12:18:55.505588,2026-04-26T12:18:55.505588,1
SPEEDLOTTO_500_STORE_03096,74760625,CSPACE구미옥계점,,미상,,,,speedlotto_500,14,first,1,200000000,2026-04-26T12:18:55.505588,2026-04-26T12:18:55.505588,1
SPEEDLOTTO_500_STORE_03097,74163706,다우토토샵,,미상,,,,speedlotto_500,14,first,1,200000000,2026-04-26T12:18:55.505588,2026-04-26T12:18:55.505588,1
SPEEDLOTTO_500_STORE_03098,74261788,일등당첨,,미상,,,,speedlotto_500,14,first,1,200000000,2026-04-26T12:18:55.505588,2026-04-26T12:18:55.505588,1
SPEEDLOTTO_500_STORE_03099,72662656,황금복권방,,미상,,,,speedlotto_500,14,first,1,200000000,2026-04-26T12:18:55.505588,2026-04-26T12:18:55.505588,1
SPEEDLOTTO_500_STORE_03100,74660464,드림복권(2호광장),,미상,,,,speedlotto_500,14,first,1,200000000,2026-04-26T12:18:55.505588,2026-04-26T12:18:55.505588,1
SPEEDLOTTO_500_STORE_03101,73160721,또로또,,미상,,,,speedlotto_500,14,first,1,200000000,2026-04-26T12:18:55.505588,2026-04-26T12:18:55.505588,1
SPEEDLOTTO_500_STORE_03102,74166759,GS25이동센터점,,미상,,,,speedlotto_500,14,first,1,200000000,2026-04-26T12:18:55.505588,2026-04-26T12:18:55.505588,1
SPEEDLOTTO_500_STORE_03103,74162803,보물섬복권방,,미상,,,,speedlotto_500,14,first,1,200000000,2026-04-26T12:18:55.505588,2026-04-26T12:18:55.505588,1
SPEEDLOTTO_500_STORE_03104,71162035,천하명당복권방,,미상,,,,speedlotto_500,14,first,1,200000000,2026-04-26T12:18:55.505588,2026-04-26T12:18:55.505588,1
SPEEDLOTTO_500_STORE_03105,73061011,금화로또마트,,미상,,,,speedlotto_500,14,first,1,200000000,2026-04-26T12:18:55.505588,2026-04-26T12:18:55.505588,1
SPEEDLOTTO_500_STORE_03106,72960747,오천억복권방,,미상,,,,speedlotto_500,14,first,1,200000000,2026-04-26T12:18:55.505588,2026-04-26T12:18:55.505588,1
SPEEDLOTTO_500_STORE_03107,74163177,명당골복권방,,미상,,,,speedlotto_500,14,first,1,200000000,2026-04-26T12:18:55.505588,2026-04-26T12:18:55.505588,1
SPEEDLOTTO_500_STORE_03108,72661445,CU사상서부,,미상,,,,speedlotto_500,14,first,1,200000000,2026-04-26T12:18:55.505588,2026-04-26T12:18:55.505588,2
SPEEDLOTTO_500_STORE_03109,74661194,스타복권,,미상,,,,speedlotto_500,14,first,1,200000000,2026-04-26T12:18:55.505588,2026-04-26T12:18:55.505588,1
SPEEDLOTTO_500_STORE_03110,74761757,SE왜관희망점,,미상,,,,speedlotto_500,14,first,1,200000000,2026-04-26T12:18:55.505588,2026-04-26T12:18:55.505588,1
SPEEDLOTTO_500_STORE_03111,74661178,제철로또대리점,,미상,,,,speedlotto_500,14,first,1,200000000,2026-04-26T12:18:55.505588,2026-04-26T12:18:55.505588,1
SPEEDLOTTO_500_STORE_03112,74161285,차부상회,,미상,,,,speedlotto_500,14,first,1,200000000,2026-04-26T12:18:55.506590,2026-04-26T12:18:55.506590,1
SPEEDLOTTO_500_STORE_03113,74360035,복덩어리,,미상,,,,speedlotto_500,14,first,1,200000000,2026-04-26T12:18:55.506590,2026-04-26T12:18:55.506590,1
SPEEDLOTTO_500_STORE_03114,72960008,도울복권,,미상,,,,speedlotto_500,14,first,1,200000000,2026-04-26T12:18:55.506590,2026-04-26T12:18:55.506590,1
SPEEDLOTTO_500_STORE_03115,72860361,프리마트,,미상,,,,speedlotto_500,14,first,1,200000000,2026-04-26T12:18:55.506590,2026-04-26T12:18:55.506590,1
SPEEDLOTTO_500_STORE_03116,73160635,삼우슈퍼,,미상,,,,speedlotto_500,14,first,1,200000000,2026-04-26T12:18:55.506590,2026-04-26T12:18:55.506590,1
SPEEDLOTTO_500_STORE_03117,72860822,복권왕국,,미상,,,,speedlotto_500,14,first,1,200000000,2026-04-26T12:18:55.506590,2026-04-26T12:18:55.506590,1
SPEEDLOTTO_500_STORE_03118,73160368,이마트24삼산본동,,미상,,,,speedlotto_500,14,first,1,200000000,2026-04-26T12:18:55.506590,2026-04-26T12:18:55.506590,1
SPEEDLOTTO_500_STORE_03119,74160255,CU 포천가산점,,미상,,,,speedlotto_500,14,first,1,200000000,2026-04-26T12:18:55.506590,2026-04-26T12:18:55.506590,1
SPEEDLOTTO_500_STORE_03120,72960924,진곡산단로또,,미상,,,,speedlotto_500,14,first,1,200000000,2026-04-26T12:18:55.506590,2026-04-26T12:18:55.506590,1
SPEEDLOTTO_500_STORE_03121,74760798,빙그레마트,,미상,,,,speedlotto_500,14,first,1,200000000,2026-04-26T12:18:55.506590,2026-04-26T12:18:55.506590,1
SPEEDLOTTO_500_STORE_03122,74360026,굿모닝복권방,,미상,,,,speedlotto_500,14,first,1,200000000,2026-04-26T12:18:55.506590,2026-04-26T12:18:55.506590,1
SPEEDLOTTO_500_STORE_03123,74760164,옹천왕대박슈퍼,,미상,,,,speedlotto_500,14,first,1,200000000,2026-04-26T12:18:55.506590,2026-04-26T12:18:55.506590,1
SPEEDLOTTO_500_STORE_03124,72861215,노다지복권방(학익),,미상,,,,speedlotto_500,14,first,1,200000000,2026-04-26T12:18:55.506590,2026-04-26T12:18:55.506590,1
SPEEDLOTTO_500_STORE_03125,71163495,CU 송파한화2호점,,미상,,,,speedlotto_500,14,first,1,200000000,2026-04-26T12:18:55.506590,2026-04-26T12:18:55.506590,1
SPEEDLOTTO_500_STORE_03126,74160110,GS 양주신산점,,미상,,,,speedlotto_500,14,first,1,200000000,2026-04-26T12:18:55.506590,2026-04-26T12:18:55.506590,1
SPEEDLOTTO_500_STORE_03127,74761012,로또훼미리마트왜관점,,미상,,,,speedlotto_500,14,first,1,200000000,2026-04-26T12:18:55.506590,2026-04-26T12:18:55.506590,1
SPEEDLOTTO_500_STORE_03128,99999990,미확인 판매점 ,,미상,,,,speedlotto_500,14,first,1,200000000,2026-04-26T12:18:55.506590,2026-04-26T12:18:55.506590,1
SPEEDLOTTO_500_STORE_03129,74460619,GS25봉명희망점,,미상,,,,speedlotto_500,14,first,1,200000000,2026-04-26T12:18:55.506590,2026-04-26T12:18:55.506590,1
SPEEDLOTTO_500_STORE_03130,72960633,채널Q24시로또주월점,,미상,,,,speedlotto_500,14,first,1,200000000,2026-04-26T12:18:55.506590,2026-04-26T12:18:55.506590,1
SPEEDLOTTO_500_STORE_03131,74162879,CU 안산이동제일점,,미상,,,,speedlotto_500,14,first,1,200000000,2026-04-26T12:18:55.506590,2026-04-26T12:18:55.506590,1
SPEEDLOTTO_500_STORE_03132,74861498,채널큐,,미상,,,,speedlotto_500,14,first,1,400000000,2026-04-26T12:18:55.506590,2026-04-26T12:18:55.506590,1
SPEEDLOTTO_500_STORE_03133,74860026,미니스톱 평산점,,미상,,,,speedlotto_500,14,first,1,400000000,2026-04-26T12:18:55.506590,2026-04-26T12:18:55.506590,1
SPEEDLOTTO_500_STORE_03134,72760607,대백마트,,미상,,,,speedlotto_500,14,first,1,200000000,2026-04-26T12:18:55.506590,2026-04-26T12:18:55.506590,1
SPEEDLOTTO_500_STORE_03135,71161288,세븐일레븐,,미상,,,,speedlotto_500,14,first,1,200000000,2026-04-26T12:18:55.506590,2026-04-26T12:18:55.506590,1
SPEEDLOTTO_500_STORE_03136,74163134,CU 구운선경점,,미상,,,,speedlotto_500,14,first,1,200000000,2026-04-26T12:18:55.506590,2026-04-26T12:18:55.506590,1
SPEEDLOTTO_500_STORE_03137,74163861,ANY로또,,미상,,,,speedlotto_500,14,first,1,200000000,2026-04-26T12:18:55.506590,2026-04-26T12:18:55.506590,1
SPEEDLOTTO_500_STORE_03138,71163684,스포츠베팅샵,,미상,,,,speedlotto_500,14,first,1,200000000,2026-04-26T12:18:55.506590,2026-04-26T12:18:55.506590,1
SPEEDLOTTO_500_STORE_03139,74260737,복권뱅크,,미상,,,,speedlotto_500,14,first,1,200000000,2026-04-26T12:18:55.506590,2026-04-26T12:18:55.506590,1
SPEEDLOTTO_500_STORE_03140,74860113,창원25시슈퍼(24시로또복권),,미상,,,,speedlotto_500,14,first,1,200000000,2026-04-26T12:18:55.506590,2026-04-26T12:18:55.506590,1
SPEEDLOTTO_500_STORE_03141,71160248,복마니복권방,,미상,,,,speedlotto_500,14,first,1,200000000,2026-04-26T12:18:55.506590,2026-04-26T12:18:55.506590,1
SPEEDLOTTO_500_STORE_03142,74860442,운동장마트,,미상,,,,speedlotto_500,14,first,1,200000000,2026-04-26T12:18:55.506590,2026-04-26T12:18:55.506590,1
SPEEDLOTTO_500_STORE_03143,71160111,복권나라,,미상,,,,speedlotto_500,14,first,1,200000000,2026-04-26T12:18:55.506590,2026-04-26T12:18:55.506590,1
SPEEDLOTTO_500_STORE_03144,74660663,CU목포비파점,,미상,,,,speedlotto_500,14,first,1,200000000,2026-04-26T12:18:55.506590,2026-04-26T12:18:55.506590,1
SPEEDLOTTO_500_STORE_03145,73060444,씨스페이스유성신우점,,미상,,,,speedlotto_500,14,first,1,200000000,2026-04-26T12:18:55.506590,2026-04-26T12:18:55.506590,1
SPEEDLOTTO_500_STORE_03146,74162956,세븐일레븐 안산고잔금강점,,미상,,,,speedlotto_500,14,first,1,200000000,2026-04-26T12:18:55.506590,2026-04-26T12:18:55.506590,1
SPEEDLOTTO_500_STORE_03147,74960026,하나슈퍼,,미상,,,,speedlotto_500,14,first,1,200000000,2026-04-26T12:18:55.506590,2026-04-26T12:18:55.506590,1
SPEEDLOTTO_500_STORE_03148,71161818,CU,,미상,,,,speedlotto_500,14,first,1,200000000,2026-04-26T12:18:55.506590,2026-04-26T12:18:55.506590,1
SPEEDLOTTO_500_STORE_03149,74163317,명진슈퍼,,미상,,,,speedlotto_500,14,first,1,200000000,2026-04-26T12:18:55.506590,2026-04-26T12:18:55.506590,1
SPEEDLOTTO_500_STORE_03150,71164520,양천24,,미상,,,,speedlotto_500,14,first,1,200000000,2026-04-26T12:18:55.506590,2026-04-26T12:18:55.506590,1
SPEEDLOTTO_500_STORE_03151,74163911,복권방,,미상,,,,speedlotto_500,14,first,1,200000000,2026-04-26T12:18:55.506590,2026-04-26T12:18:55.506590,1
SPEEDLOTTO_500_STORE_03152,71160627,세븐일레븐,,미상,,,,speedlotto_500,14,first,1,200000000,2026-04-26T12:18:55.506590,2026-04-26T12:18:55.506590,1
SPEEDLOTTO_500_STORE_03153,74260514,편의점,,미상,,,,speedlotto_500,14,first,1,200000000,2026-04-26T12:18:55.506590,2026-04-26T12:18:55.506590,1
SPEEDLOTTO_500_STORE_03154,74860121,복권방,,미상,,,,speedlotto_500,14,first,1,200000000,2026-04-26T12:18:55.506590,2026-04-26T12:18:55.506590,1
SPEEDLOTTO_500_STORE_03155,72660480,복권천국 복권방,,미상,,,,speedlotto_500,14,first,1,200000000,2026-04-26T12:18:55.506590,2026-04-26T12:18:55.506590,1
SPEEDLOTTO_500_STORE_03156,74460132,편의점,,미상,,,,speedlotto_500,14,first,1,200000000,2026-04-26T12:18:55.506590,2026-04-26T12:18:55.506590,1
SPEEDLOTTO_500_STORE_03157,71162726,가판대,,미상,,,,speedlotto_500,14,first,1,200000000,2026-04-26T12:18:55.506590,2026-04-26T12:18:55.506590,1
SPEEDLOTTO_500_STORE_03158,71162617,편의점,,미상,,,,speedlotto_500,14,first,1,200000000,2026-04-26T12:18:55.506590,2026-04-26T12:18:55.506590,1
SPEEDLOTTO_500_STORE_03159,71161756,복권방,,미상,,,,speedlotto_500,14,first,1,200000000,2026-04-26T12:18:55.506590,2026-04-26T12:18:55.506590,1
SPEEDLOTTO_500_STORE_03160,73160068,우리들 편의점 서부점,,미상,,,,speedlotto_500,14,first,1,200000000,2026-04-26T12:18:55.506590,2026-04-26T12:18:55.506590,1
SPEEDLOTTO_500_STORE_03161,74860224,슈퍼마켓,,미상,,,,speedlotto_500,14,first,1,200000000,2026-04-26T12:18:55.506590,2026-04-26T12:18:55.506590,1
SPEEDLOTTO_500_STORE_03162,74162739,복권방,,미상,,,,speedlotto_500,14,first,1,200000000,2026-04-26T12:18:55.506590,2026-04-26T12:18:55.506590,1
SPEEDLOTTO_500_STORE_03163,74162534,편의점,,미상,,,,speedlotto_500,14,first,1,200000000,2026-04-26T12:18:55.506590,2026-04-26T12:18:55.506590,1
SPEEDLOTTO_500_STORE_03164,74260488,제일복권,,미상,,,,speedlotto_500,14,first,1,200000000,2026-04-26T12:18:55.506590,2026-04-26T12:18:55.506590,1
SPEEDLOTTO_500_STORE_03165,74260444,복권방,,미상,,,,speedlotto_500,14,first,1,200000000,2026-04-26T12:18:55.506590,2026-04-26T12:18:55.506590,1
SPEEDLOTTO_500_STORE_03166,72863021,수퍼마켓,,미상,,,,speedlotto_500,14,first,1,200000000,2026-04-26T12:18:55.506590,2026-04-26T12:18:55.506590,1
SPEEDLOTTO_500_STORE_03167,74160427,만물복권방,,미상,,,,speedlotto_500,14,first,1,200000000,2026-04-26T12:18:55.506590,2026-04-26T12:18:55.506590,1
SPEEDLOTTO_500_STORE_03168,74861125,편의점,,미상,,,,speedlotto_500,14,first,1,200000000,2026-04-26T12:18:55.506590,2026-04-26T12:18:55.506590,1
SPEEDLOTTO_500_STORE_03169,71160697,가판,,미상,,,,speedlotto_500,14,first,1,200000000,2026-04-26T12:18:55.506590,2026-04-26T12:18:55.506590,1
SPEEDLOTTO_500_STORE_03170,74861027,수퍼마켓,,미상,,,,speedlotto_500,14,first,1,200000000,2026-04-26T12:18:55.506590,2026-04-26T12:18:55.506590,1
SPEEDLOTTO_500_STORE_03171,74460594,수퍼마켓,,미상,,,,speedlotto_500,14,first,1,200000000,2026-04-26T12:18:55.506590,2026-04-26T12:18:55.506590,1
SPEEDLOTTO_500_STORE_03172,74560222,편의점,,미상,,,,speedlotto_500,14,first,1,200000000,2026-04-26T12:18:55.506590,2026-04-26T12:18:55.506590,1
SPEEDLOTTO_500_STORE_03173,74860491,편의점,,미상,,,,speedlotto_500,14,first,1,200000000,2026-04-26T12:18:55.506590,2026-04-26T12:18:55.506590,1
SPEEDLOTTO_500_STORE_03174,74164096,복권방,,미상,,,,speedlotto_500,14,first,1,200000000,2026-04-26T12:18:55.506590,2026-04-26T12:18:55.506590,1
SPEEDLOTTO_500_STORE_03175,73060537,원마트 편의점,,미상,,,,speedlotto_500,14,first,1,200000000,2026-04-26T12:18:55.506590,2026-04-26T12:18:55.506590,1
SPEEDLOTTO_500_STORE_03176,74660195,복권방,,미상,,,,speedlotto_500,14,first,1,200000000,2026-04-26T12:18:55.506590,2026-04-26T12:18:55.506590,1
SPEEDLOTTO_500_STORE_03177,74860751,미니스톱,,미상,,,,speedlotto_500,14,first,1,200000000,2026-04-26T12:18:55.506590,2026-04-26T12:18:55.506590,1
SPEEDLOTTO_500_STORE_03178,72660051,편의점,,미상,,,,speedlotto_500,14,first,1,200000000,2026-04-26T12:18:55.506590,2026-04-26T12:18:55.506590,1
SPEEDLOTTO_500_STORE_03179,71163551,슈퍼,,미상,,,,speedlotto_500,14,first,1,200000000,2026-04-26T12:18:55.506590,2026-04-26T12:18:55.506590,1
SPEEDLOTTO_500_STORE_03180,71161183,가판,,미상,,,,speedlotto_500,14,first,1,200000000,2026-04-26T12:18:55.506590,2026-04-26T12:18:55.506590,1
SPEEDLOTTO_500_STORE_03181,71164341,복권방,,미상,,,,speedlotto_500,14,first,1,200000000,2026-04-26T12:18:55.506590,2026-04-26T12:18:55.506590,1
SPEEDLOTTO_500_STORE_03182,73160111,우리들 편의점 서부점,,미상,,,,speedlotto_500,14,first,1,200000000,2026-04-26T12:18:55.506590,2026-04-26T12:18:55.506590,1
SPEEDLOTTO_500_STORE_03183,72960822,편의점,,미상,,,,speedlotto_500,14,first,1,200000000,2026-04-26T12:18:55.506590,2026-04-26T12:18:55.506590,1
SPEEDLOTTO_500_STORE_03184,74162947,편의점,,미상,,,,speedlotto_500,14,first,1,200000000,2026-04-26T12:18:55.506590,2026-04-26T12:18:55.506590,1
SPEEDLOTTO_500_STORE_03185,72660156,복권방,,미상,,,,speedlotto_500,14,first,1,200000000,2026-04-26T12:18:55.506590,2026-04-26T12:18:55.506590,1
SPEEDLOTTO_500_STORE_03186,74160347,토토마트 (구 편의점사랑),,미상,,,,speedlotto_500,13,first,1,200000000,2026-04-26T12:18:57.353126,2026-04-26T12:18:57.353126,1
SPEEDLOTTO_500_STORE_03187,74760625,CSPACE구미옥계점,,미상,,,,speedlotto_500,13,first,1,200000000,2026-04-26T12:18:57.353126,2026-04-26T12:18:57.353126,1
SPEEDLOTTO_500_STORE_03188,74163706,다우토토샵,,미상,,,,speedlotto_500,13,first,1,200000000,2026-04-26T12:18:57.353126,2026-04-26T12:18:57.353126,1
SPEEDLOTTO_500_STORE_03189,74261788,일등당첨,,미상,,,,speedlotto_500,13,first,1,200000000,2026-04-26T12:18:57.353126,2026-04-26T12:18:57.353126,1
SPEEDLOTTO_500_STORE_03190,72662656,황금복권방,,미상,,,,speedlotto_500,13,first,1,200000000,2026-04-26T12:18:57.353126,2026-04-26T12:18:57.353126,1
SPEEDLOTTO_500_STORE_03191,74660464,드림복권(2호광장),,미상,,,,speedlotto_500,13,first,1,200000000,2026-04-26T12:18:57.353126,2026-04-26T12:18:57.353126,1
SPEEDLOTTO_500_STORE_03192,73160721,또로또,,미상,,,,speedlotto_500,13,first,1,200000000,2026-04-26T12:18:57.353126,2026-04-26T12:18:57.353126,1
SPEEDLOTTO_500_STORE_03193,74166759,GS25이동센터점,,미상,,,,speedlotto_500,13,first,1,200000000,2026-04-26T12:18:57.353126,2026-04-26T12:18:57.353126,1
SPEEDLOTTO_500_STORE_03194,74162803,보물섬복권방,,미상,,,,speedlotto_500,13,first,1,200000000,2026-04-26T12:18:57.353126,2026-04-26T12:18:57.353126,1
SPEEDLOTTO_500_STORE_03195,71162035,천하명당복권방,,미상,,,,speedlotto_500,13,first,1,200000000,2026-04-26T12:18:57.353126,2026-04-26T12:18:57.353126,1
SPEEDLOTTO_500_STORE_03196,73061011,금화로또마트,,미상,,,,speedlotto_500,13,first,1,200000000,2026-04-26T12:18:57.353126,2026-04-26T12:18:57.353126,1
SPEEDLOTTO_500_STORE_03197,72960747,오천억복권방,,미상,,,,speedlotto_500,13,first,1,200000000,2026-04-26T12:18:57.353126,2026-04-26T12:18:57.353126,1
SPEEDLOTTO_500_STORE_03198,74163177,명당골복권방,,미상,,,,speedlotto_500,13,first,1,200000000,2026-04-26T12:18:57.353126,2026-04-26T12:18:57.353126,1
SPEEDLOTTO_500_STORE_03199,72661445,CU사상서부,,미상,,,,speedlotto_500,13,first,1,200000000,2026-04-26T12:18:57.353126,2026-04-26T12:18:57.353126,2
SPEEDLOTTO_500_STORE_03200,74661194,스타복권,,미상,,,,speedlotto_500,13,first,1,200000000,2026-04-26T12:18:57.353126,2026-04-26T12:18:57.353126,1
SPEEDLOTTO_500_STORE_03201,74761757,SE왜관희망점,,미상,,,,speedlotto_500,13,first,1,200000000,2026-04-26T12:18:57.353126,2026-04-26T12:18:57.353126,1
SPEEDLOTTO_500_STORE_03202,74661178,제철로또대리점,,미상,,,,speedlotto_500,13,first,1,200000000,2026-04-26T12:18:57.353126,2026-04-26T12:18:57.353126,1
SPEEDLOTTO_500_STORE_03203,74161285,차부상회,,미상,,,,speedlotto_500,13,first,1,200000000,2026-04-26T12:18:57.353126,2026-04-26T12:18:57.353126,1
SPEEDLOTTO_500_STORE_03204,74360035,복덩어리,,미상,,,,speedlotto_500,13,first,1,200000000,2026-04-26T12:18:57.353126,2026-04-26T12:18:57.353126,1
SPEEDLOTTO_500_STORE_03205,72960008,도울복권,,미상,,,,speedlotto_500,13,first,1,200000000,2026-04-26T12:18:57.353126,2026-04-26T12:18:57.353126,1
SPEEDLOTTO_500_STORE_03206,72860361,프리마트,,미상,,,,speedlotto_500,13,first,1,200000000,2026-04-26T12:18:57.353126,2026-04-26T12:18:57.353126,1
SPEEDLOTTO_500_STORE_03207,73160635,삼우슈퍼,,미상,,,,speedlotto_500,13,first,1,200000000,2026-04-26T12:18:57.353126,2026-04-26T12:18:57.353126,1
SPEEDLOTTO_500_STORE_03208,72860822,복권왕국,,미상,,,,speedlotto_500,13,first,1,200000000,2026-04-26T12:18:57.353126,2026-04-26T12:18:57.353126,1
SPEEDLOTTO_500_STORE_03209,73160368,이마트24삼산본동,,미상,,,,speedlotto_500,13,first,1,200000000,2026-04-26T12:18:57.353126,2026-04-26T12:18:57.353126,1
SPEEDLOTTO_500_STORE_03210,74160255,CU 포천가산점,,미상,,,,speedlotto_500,13,first,1,200000000,2026-04-26T12:18:57.353126,2026-04-26T12:18:57.353126,1
SPEEDLOTTO_500_STORE_03211,72960924,진곡산단로또,,미상,,,,speedlotto_500,13,first,1,200000000,2026-04-26T12:18:57.353126,2026-04-26T12:18:57.353126,1
SPEEDLOTTO_500_STORE_03212,74760798,빙그레마트,,미상,,,,speedlotto_500,13,first,1,200000000,2026-04-26T12:18:57.353126,2026-04-26T12:18:57.353126,1
SPEEDLOTTO_500_STORE_03213,74360026,굿모닝복권방,,미상,,,,speedlotto_500,13,first,1,200000000,2026-04-26T12:18:57.353126,2026-04-26T12:18:57.353126,1
SPEEDLOTTO_500_STORE_03214,74760164,옹천왕대박슈퍼,,미상,,,,speedlotto_500,13,first,1,200000000,2026-04-26T12:18:57.353126,2026-04-26T12:18:57.353126,1
SPEEDLOTTO_500_STORE_03215,72861215,노다지복권방(학익),,미상,,,,speedlotto_500,13,first,1,200000000,2026-04-26T12:18:57.353126,2026-04-26T12:18:57.353126,1
SPEEDLOTTO_500_STORE_03216,71163495,CU 송파한화2호점,,미상,,,,speedlotto_500,13,first,1,200000000,2026-04-26T12:18:57.353126,2026-04-26T12:18:57.353126,1
SPEEDLOTTO_500_STORE_03217,74160110,GS 양주신산점,,미상,,,,speedlotto_500,13,first,1,200000000,2026-04-26T12:18:57.353126,2026-04-26T12:18:57.353126,1
SPEEDLOTTO_500_STORE_03218,74761012,로또훼미리마트왜관점,,미상,,,,speedlotto_500,13,first,1,200000000,2026-04-26T12:18:57.353126,2026-04-26T12:18:57.353126,1
SPEEDLOTTO_500_STORE_03219,99999990,미확인 판매점 ,,미상,,,,speedlotto_500,13,first,1,200000000,2026-04-26T12:18:57.353126,2026-04-26T12:18:57.353126,1
SPEEDLOTTO_500_STORE_03220,74460619,GS25봉명희망점,,미상,,,,speedlotto_500,13,first,1,200000000,2026-04-26T12:18:57.353126,2026-04-26T12:18:57.353126,1
SPEEDLOTTO_500_STORE_03221,72960633,채널Q24시로또주월점,,미상,,,,speedlotto_500,13,first,1,200000000,2026-04-26T12:18:57.353126,2026-04-26T12:18:57.353126,1
SPEEDLOTTO_500_STORE_03222,74162879,CU 안산이동제일점,,미상,,,,speedlotto_500,13,first,1,200000000,2026-04-26T12:18:57.353126,2026-04-26T12:18:57.353126,1
SPEEDLOTTO_500_STORE_03223,74861498,채널큐,,미상,,,,speedlotto_500,13,first,1,400000000,2026-04-26T12:18:57.353126,2026-04-26T12:18:57.353126,1
SPEEDLOTTO_500_STORE_03224,74860026,미니스톱 평산점,,미상,,,,speedlotto_500,13,first,1,400000000,2026-04-26T12:18:57.353126,2026-04-26T12:18:57.353126,1
SPEEDLOTTO_500_STORE_03225,72760607,대백마트,,미상,,,,speedlotto_500,13,first,1,200000000,2026-04-26T12:18:57.353126,2026-04-26T12:18:57.353126,1
SPEEDLOTTO_500_STORE_03226,71161288,세븐일레븐,,미상,,,,speedlotto_500,13,first,1,200000000,2026-04-26T12:18:57.353126,2026-04-26T12:18:57.353126,1
SPEEDLOTTO_500_STORE_03227,74163134,CU 구운선경점,,미상,,,,speedlotto_500,13,first,1,200000000,2026-04-26T12:18:57.353126,2026-04-26T12:18:57.353126,1
SPEEDLOTTO_500_STORE_03228,74163861,ANY로또,,미상,,,,speedlotto_500,13,first,1,200000000,2026-04-26T12:18:57.353126,2026-04-26T12:18:57.353126,1
SPEEDLOTTO_500_STORE_03229,71163684,스포츠베팅샵,,미상,,,,speedlotto_500,13,first,1,200000000,2026-04-26T12:18:57.353126,2026-04-26T12:18:57.353126,1
SPEEDLOTTO_500_STORE_03230,74260737,복권뱅크,,미상,,,,speedlotto_500,13,first,1,200000000,2026-04-26T12:18:57.353126,2026-04-26T12:18:57.353126,1
SPEEDLOTTO_500_STORE_03231,74860113,창원25시슈퍼(24시로또복권),,미상,,,,speedlotto_500,13,first,1,200000000,2026-04-26T12:18:57.353126,2026-04-26T12:18:57.353126,1
SPEEDLOTTO_500_STORE_03232,71160248,복마니복권방,,미상,,,,speedlotto_500,13,first,1,200000000,2026-04-26T12:18:57.353126,2026-04-26T12:18:57.353126,1
SPEEDLOTTO_500_STORE_03233,74860442,운동장마트,,미상,,,,speedlotto_500,13,first,1,200000000,2026-04-26T12:18:57.353126,2026-04-26T12:18:57.353126,1
SPEEDLOTTO_500_STORE_03234,71160111,복권나라,,미상,,,,speedlotto_500,13,first,1,200000000,2026-04-26T12:18:57.353126,2026-04-26T12:18:57.353126,1
SPEEDLOTTO_500_STORE_03235,74660663,CU목포비파점,,미상,,,,speedlotto_500,13,first,1,200000000,2026-04-26T12:18:57.353126,2026-04-26T12:18:57.353126,1
SPEEDLOTTO_500_STORE_03236,73060444,씨스페이스유성신우점,,미상,,,,speedlotto_500,13,first,1,200000000,2026-04-26T12:18:57.353126,2026-04-26T12:18:57.353126,1
SPEEDLOTTO_500_STORE_03237,74162956,세븐일레븐 안산고잔금강점,,미상,,,,speedlotto_500,13,first,1,200000000,2026-04-26T12:18:57.353126,2026-04-26T12:18:57.353126,1
SPEEDLOTTO_500_STORE_03238,74960026,하나슈퍼,,미상,,,,speedlotto_500,13,first,1,200000000,2026-04-26T12:18:57.353126,2026-04-26T12:18:57.353126,1
SPEEDLOTTO_500_STORE_03239,71161818,CU,,미상,,,,speedlotto_500,13,first,1,200000000,2026-04-26T12:18:57.353126,2026-04-26T12:18:57.353126,1
SPEEDLOTTO_500_STORE_03240,74163317,명진슈퍼,,미상,,,,speedlotto_500,13,first,1,200000000,2026-04-26T12:18:57.353126,2026-04-26T12:18:57.353126,1
SPEEDLOTTO_500_STORE_03241,71164520,양천24,,미상,,,,speedlotto_500,13,first,1,200000000,2026-04-26T12:18:57.353126,2026-04-26T12:18:57.353126,1
SPEEDLOTTO_500_STORE_03242,74163911,복권방,,미상,,,,speedlotto_500,13,first,1,200000000,2026-04-26T12:18:57.353126,2026-04-26T12:18:57.353126,1
SPEEDLOTTO_500_STORE_03243,71160627,세븐일레븐,,미상,,,,speedlotto_500,13,first,1,200000000,2026-04-26T12:18:57.353126,2026-04-26T12:18:57.353126,1
SPEEDLOTTO_500_STORE_03244,74260514,편의점,,미상,,,,speedlotto_500,13,first,1,200000000,2026-04-26T12:18:57.353126,2026-04-26T12:18:57.353126,1
SPEEDLOTTO_500_STORE_03245,74860121,복권방,,미상,,,,speedlotto_500,13,first,1,200000000,2026-04-26T12:18:57.353126,2026-04-26T12:18:57.353126,1
SPEEDLOTTO_500_STORE_03246,72660480,복권천국 복권방,,미상,,,,speedlotto_500,13,first,1,200000000,2026-04-26T12:18:57.353126,2026-04-26T12:18:57.353126,1
SPEEDLOTTO_500_STORE_03247,74460132,편의점,,미상,,,,speedlotto_500,13,first,1,200000000,2026-04-26T12:18:57.353126,2026-04-26T12:18:57.353126,1
SPEEDLOTTO_500_STORE_03248,71162726,가판대,,미상,,,,speedlotto_500,13,first,1,200000000,2026-04-26T12:18:57.353126,2026-04-26T12:18:57.353126,1
SPEEDLOTTO_500_STORE_03249,71162617,편의점,,미상,,,,speedlotto_500,13,first,1,200000000,2026-04-26T12:18:57.353126,2026-04-26T12:18:57.353126,1
SPEEDLOTTO_500_STORE_03250,71161756,복권방,,미상,,,,speedlotto_500,13,first,1,200000000,2026-04-26T12:18:57.353126,2026-04-26T12:18:57.353126,1
SPEEDLOTTO_500_STORE_03251,73160068,우리들 편의점 서부점,,미상,,,,speedlotto_500,13,first,1,200000000,2026-04-26T12:18:57.353126,2026-04-26T12:18:57.353126,1
SPEEDLOTTO_500_STORE_03252,74860224,슈퍼마켓,,미상,,,,speedlotto_500,13,first,1,200000000,2026-04-26T12:18:57.353126,2026-04-26T12:18:57.353126,1
SPEEDLOTTO_500_STORE_03253,74162739,복권방,,미상,,,,speedlotto_500,13,first,1,200000000,2026-04-26T12:18:57.353126,2026-04-26T12:18:57.353126,1
SPEEDLOTTO_500_STORE_03254,74162534,편의점,,미상,,,,speedlotto_500,13,first,1,200000000,2026-04-26T12:18:57.353126,2026-04-26T12:18:57.353126,1
SPEEDLOTTO_500_STORE_03255,74260488,제일복권,,미상,,,,speedlotto_500,13,first,1,200000000,2026-04-26T12:18:57.353126,2026-04-26T12:18:57.353126,1
SPEEDLOTTO_500_STORE_03256,74260444,복권방,,미상,,,,speedlotto_500,13,first,1,200000000,2026-04-26T12:18:57.353126,2026-04-26T12:18:57.353126,1
SPEEDLOTTO_500_STORE_03257,72863021,수퍼마켓,,미상,,,,speedlotto_500,13,first,1,200000000,2026-04-26T12:18:57.353126,2026-04-26T12:18:57.353126,1
SPEEDLOTTO_500_STORE_03258,74160427,만물복권방,,미상,,,,speedlotto_500,13,first,1,200000000,2026-04-26T12:18:57.353126,2026-04-26T12:18:57.353126,1
SPEEDLOTTO_500_STORE_03259,74861125,편의점,,미상,,,,speedlotto_500,13,first,1,200000000,2026-04-26T12:18:57.353126,2026-04-26T12:18:57.353126,1
SPEEDLOTTO_500_STORE_03260,71160697,가판,,미상,,,,speedlotto_500,13,first,1,200000000,2026-04-26T12:18:57.353126,2026-04-26T12:18:57.353126,1
SPEEDLOTTO_500_STORE_03261,74861027,수퍼마켓,,미상,,,,speedlotto_500,13,first,1,200000000,2026-04-26T12:18:57.353126,2026-04-26T12:18:57.353126,1
SPEEDLOTTO_500_STORE_03262,74460594,수퍼마켓,,미상,,,,speedlotto_500,13,first,1,200000000,2026-04-26T12:18:57.353126,2026-04-26T12:18:57.353126,1
SPEEDLOTTO_500_STORE_03263,74560222,편의점,,미상,,,,speedlotto_500,13,first,1,200000000,2026-04-26T12:18:57.353126,2026-04-26T12:18:57.353126,1
SPEEDLOTTO_500_STORE_03264,74860491,편의점,,미상,,,,speedlotto_500,13,first,1,200000000,2026-04-26T12:18:57.353126,2026-04-26T12:18:57.353126,1
SPEEDLOTTO_500_STORE_03265,74164096,복권방,,미상,,,,speedlotto_500,13,first,1,200000000,2026-04-26T12:18:57.353126,2026-04-26T12:18:57.353126,1
SPEEDLOTTO_500_STORE_03266,73060537,원마트 편의점,,미상,,,,speedlotto_500,13,first,1,200000000,2026-04-26T12:18:57.353126,2026-04-26T12:18:57.353126,1
SPEEDLOTTO_500_STORE_03267,74660195,복권방,,미상,,,,speedlotto_500,13,first,1,200000000,2026-04-26T12:18:57.353126,2026-04-26T12:18:57.353126,1
SPEEDLOTTO_500_STORE_03268,74860751,미니스톱,,미상,,,,speedlotto_500,13,first,1,200000000,2026-04-26T12:18:57.353126,2026-04-26T12:18:57.353126,1
SPEEDLOTTO_500_STORE_03269,72660051,편의점,,미상,,,,speedlotto_500,13,first,1,200000000,2026-04-26T12:18:57.353126,2026-04-26T12:18:57.353126,1
SPEEDLOTTO_500_STORE_03270,71163551,슈퍼,,미상,,,,speedlotto_500,13,first,1,200000000,2026-04-26T12:18:57.353126,2026-04-26T12:18:57.353126,1
SPEEDLOTTO_500_STORE_03271,71161183,가판,,미상,,,,speedlotto_500,13,first,1,200000000,2026-04-26T12:18:57.353126,2026-04-26T12:18:57.353126,1
SPEEDLOTTO_500_STORE_03272,71164341,복권방,,미상,,,,speedlotto_500,13,first,1,200000000,2026-04-26T12:18:57.353126,2026-04-26T12:18:57.353126,1
SPEEDLOTTO_500_STORE_03273,73160111,우리들 편의점 서부점,,미상,,,,speedlotto_500,13,first,1,200000000,2026-04-26T12:18:57.353126,2026-04-26T12:18:57.353126,1
SPEEDLOTTO_500_STORE_03274,72960822,편의점,,미상,,,,speedlotto_500,13,first,1,200000000,2026-04-26T12:18:57.353126,2026-04-26T12:18:57.353126,1
SPEEDLOTTO_500_STORE_03275,74162947,편의점,,미상,,,,speedlotto_500,13,first,1,200000000,2026-04-26T12:18:57.353126,2026-04-26T12:18:57.353126,1
SPEEDLOTTO_500_STORE_03276,72660156,복권방,,미상,,,,speedlotto_500,13,first,1,200000000,2026-04-26T12:18:57.353126,2026-04-26T12:18:57.353126,1
SPEEDLOTTO_500_STORE_03277,74160347,토토마트 (구 편의점사랑),,미상,,,,speedlotto_500,12,first,1,200000000,2026-04-26T12:18:59.212989,2026-04-26T12:18:59.212989,1
SPEEDLOTTO_500_STORE_03278,74760625,CSPACE구미옥계점,,미상,,,,speedlotto_500,12,first,1,200000000,2026-04-26T12:18:59.212989,2026-04-26T12:18:59.212989,1
SPEEDLOTTO_500_STORE_03279,74163706,다우토토샵,,미상,,,,speedlotto_500,12,first,1,200000000,2026-04-26T12:18:59.212989,2026-04-26T12:18:59.212989,1
SPEEDLOTTO_500_STORE_03280,74261788,일등당첨,,미상,,,,speedlotto_500,12,first,1,200000000,2026-04-26T12:18:59.212989,2026-04-26T12:18:59.212989,1
SPEEDLOTTO_500_STORE_03281,72662656,황금복권방,,미상,,,,speedlotto_500,12,first,1,200000000,2026-04-26T12:18:59.212989,2026-04-26T12:18:59.212989,1
SPEEDLOTTO_500_STORE_03282,74660464,드림복권(2호광장),,미상,,,,speedlotto_500,12,first,1,200000000,2026-04-26T12:18:59.212989,2026-04-26T12:18:59.212989,1
SPEEDLOTTO_500_STORE_03283,73160721,또로또,,미상,,,,speedlotto_500,12,first,1,200000000,2026-04-26T12:18:59.212989,2026-04-26T12:18:59.212989,1
SPEEDLOTTO_500_STORE_03284,74166759,GS25이동센터점,,미상,,,,speedlotto_500,12,first,1,200000000,2026-04-26T12:18:59.212989,2026-04-26T12:18:59.212989,1
SPEEDLOTTO_500_STORE_03285,74162803,보물섬복권방,,미상,,,,speedlotto_500,12,first,1,200000000,2026-04-26T12:18:59.212989,2026-04-26T12:18:59.212989,1
SPEEDLOTTO_500_STORE_03286,71162035,천하명당복권방,,미상,,,,speedlotto_500,12,first,1,200000000,2026-04-26T12:18:59.212989,2026-04-26T12:18:59.212989,1
SPEEDLOTTO_500_STORE_03287,73061011,금화로또마트,,미상,,,,speedlotto_500,12,first,1,200000000,2026-04-26T12:18:59.212989,2026-04-26T12:18:59.212989,1
SPEEDLOTTO_500_STORE_03288,72960747,오천억복권방,,미상,,,,speedlotto_500,12,first,1,200000000,2026-04-26T12:18:59.212989,2026-04-26T12:18:59.212989,1
SPEEDLOTTO_500_STORE_03289,74163177,명당골복권방,,미상,,,,speedlotto_500,12,first,1,200000000,2026-04-26T12:18:59.212989,2026-04-26T12:18:59.212989,1
SPEEDLOTTO_500_STORE_03290,72661445,CU사상서부,,미상,,,,speedlotto_500,12,first,1,200000000,2026-04-26T12:18:59.212989,2026-04-26T12:18:59.212989,2
SPEEDLOTTO_500_STORE_03291,74661194,스타복권,,미상,,,,speedlotto_500,12,first,1,200000000,2026-04-26T12:18:59.212989,2026-04-26T12:18:59.212989,1
SPEEDLOTTO_500_STORE_03292,74761757,SE왜관희망점,,미상,,,,speedlotto_500,12,first,1,200000000,2026-04-26T12:18:59.212989,2026-04-26T12:18:59.212989,1
SPEEDLOTTO_500_STORE_03293,74661178,제철로또대리점,,미상,,,,speedlotto_500,12,first,1,200000000,2026-04-26T12:18:59.212989,2026-04-26T12:18:59.212989,1
SPEEDLOTTO_500_STORE_03294,74161285,차부상회,,미상,,,,speedlotto_500,12,first,1,200000000,2026-04-26T12:18:59.212989,2026-04-26T12:18:59.212989,1
SPEEDLOTTO_500_STORE_03295,74360035,복덩어리,,미상,,,,speedlotto_500,12,first,1,200000000,2026-04-26T12:18:59.212989,2026-04-26T12:18:59.212989,1
SPEEDLOTTO_500_STORE_03296,72960008,도울복권,,미상,,,,speedlotto_500,12,first,1,200000000,2026-04-26T12:18:59.212989,2026-04-26T12:18:59.212989,1
SPEEDLOTTO_500_STORE_03297,72860361,프리마트,,미상,,,,speedlotto_500,12,first,1,200000000,2026-04-26T12:18:59.212989,2026-04-26T12:18:59.212989,1
SPEEDLOTTO_500_STORE_03298,73160635,삼우슈퍼,,미상,,,,speedlotto_500,12,first,1,200000000,2026-04-26T12:18:59.212989,2026-04-26T12:18:59.212989,1
SPEEDLOTTO_500_STORE_03299,72860822,복권왕국,,미상,,,,speedlotto_500,12,first,1,200000000,2026-04-26T12:18:59.212989,2026-04-26T12:18:59.212989,1
SPEEDLOTTO_500_STORE_03300,73160368,이마트24삼산본동,,미상,,,,speedlotto_500,12,first,1,200000000,2026-04-26T12:18:59.212989,2026-04-26T12:18:59.212989,1
SPEEDLOTTO_500_STORE_03301,74160255,CU 포천가산점,,미상,,,,speedlotto_500,12,first,1,200000000,2026-04-26T12:18:59.212989,2026-04-26T12:18:59.212989,1
SPEEDLOTTO_500_STORE_03302,72960924,진곡산단로또,,미상,,,,speedlotto_500,12,first,1,200000000,2026-04-26T12:18:59.212989,2026-04-26T12:18:59.212989,1
SPEEDLOTTO_500_STORE_03303,74760798,빙그레마트,,미상,,,,speedlotto_500,12,first,1,200000000,2026-04-26T12:18:59.212989,2026-04-26T12:18:59.212989,1
SPEEDLOTTO_500_STORE_03304,74360026,굿모닝복권방,,미상,,,,speedlotto_500,12,first,1,200000000,2026-04-26T12:18:59.212989,2026-04-26T12:18:59.212989,1
SPEEDLOTTO_500_STORE_03305,74760164,옹천왕대박슈퍼,,미상,,,,speedlotto_500,12,first,1,200000000,2026-04-26T12:18:59.212989,2026-04-26T12:18:59.212989,1
SPEEDLOTTO_500_STORE_03306,72861215,노다지복권방(학익),,미상,,,,speedlotto_500,12,first,1,200000000,2026-04-26T12:18:59.212989,2026-04-26T12:18:59.212989,1
SPEEDLOTTO_500_STORE_03307,71163495,CU 송파한화2호점,,미상,,,,speedlotto_500,12,first,1,200000000,2026-04-26T12:18:59.212989,2026-04-26T12:18:59.212989,1
SPEEDLOTTO_500_STORE_03308,74160110,GS 양주신산점,,미상,,,,speedlotto_500,12,first,1,200000000,2026-04-26T12:18:59.212989,2026-04-26T12:18:59.212989,1
SPEEDLOTTO_500_STORE_03309,74761012,로또훼미리마트왜관점,,미상,,,,speedlotto_500,12,first,1,200000000,2026-04-26T12:18:59.212989,2026-04-26T12:18:59.212989,1
SPEEDLOTTO_500_STORE_03310,99999990,미확인 판매점 ,,미상,,,,speedlotto_500,12,first,1,200000000,2026-04-26T12:18:59.212989,2026-04-26T12:18:59.212989,1
SPEEDLOTTO_500_STORE_03311,74460619,GS25봉명희망점,,미상,,,,speedlotto_500,12,first,1,200000000,2026-04-26T12:18:59.212989,2026-04-26T12:18:59.212989,1
SPEEDLOTTO_500_STORE_03312,72960633,채널Q24시로또주월점,,미상,,,,speedlotto_500,12,first,1,200000000,2026-04-26T12:18:59.212989,2026-04-26T12:18:59.212989,1
SPEEDLOTTO_500_STORE_03313,74162879,CU 안산이동제일점,,미상,,,,speedlotto_500,12,first,1,200000000,2026-04-26T12:18:59.212989,2026-04-26T12:18:59.212989,1
SPEEDLOTTO_500_STORE_03314,74861498,채널큐,,미상,,,,speedlotto_500,12,first,1,400000000,2026-04-26T12:18:59.212989,2026-04-26T12:18:59.212989,1
SPEEDLOTTO_500_STORE_03315,74860026,미니스톱 평산점,,미상,,,,speedlotto_500,12,first,1,400000000,2026-04-26T12:18:59.212989,2026-04-26T12:18:59.212989,1
SPEEDLOTTO_500_STORE_03316,72760607,대백마트,,미상,,,,speedlotto_500,12,first,1,200000000,2026-04-26T12:18:59.212989,2026-04-26T12:18:59.212989,1
SPEEDLOTTO_500_STORE_03317,71161288,세븐일레븐,,미상,,,,speedlotto_500,12,first,1,200000000,2026-04-26T12:18:59.212989,2026-04-26T12:18:59.212989,1
SPEEDLOTTO_500_STORE_03318,74163134,CU 구운선경점,,미상,,,,speedlotto_500,12,first,1,200000000,2026-04-26T12:18:59.212989,2026-04-26T12:18:59.212989,1
SPEEDLOTTO_500_STORE_03319,74163861,ANY로또,,미상,,,,speedlotto_500,12,first,1,200000000,2026-04-26T12:18:59.212989,2026-04-26T12:18:59.212989,1
SPEEDLOTTO_500_STORE_03320,71163684,스포츠베팅샵,,미상,,,,speedlotto_500,12,first,1,200000000,2026-04-26T12:18:59.212989,2026-04-26T12:18:59.212989,1
SPEEDLOTTO_500_STORE_03321,74260737,복권뱅크,,미상,,,,speedlotto_500,12,first,1,200000000,2026-04-26T12:18:59.212989,2026-04-26T12:18:59.212989,1
SPEEDLOTTO_500_STORE_03322,74860113,창원25시슈퍼(24시로또복권),,미상,,,,speedlotto_500,12,first,1,200000000,2026-04-26T12:18:59.212989,2026-04-26T12:18:59.212989,1
SPEEDLOTTO_500_STORE_03323,71160248,복마니복권방,,미상,,,,speedlotto_500,12,first,1,200000000,2026-04-26T12:18:59.212989,2026-04-26T12:18:59.212989,1
SPEEDLOTTO_500_STORE_03324,74860442,운동장마트,,미상,,,,speedlotto_500,12,first,1,200000000,2026-04-26T12:18:59.212989,2026-04-26T12:18:59.212989,1
SPEEDLOTTO_500_STORE_03325,71160111,복권나라,,미상,,,,speedlotto_500,12,first,1,200000000,2026-04-26T12:18:59.212989,2026-04-26T12:18:59.212989,1
SPEEDLOTTO_500_STORE_03326,74660663,CU목포비파점,,미상,,,,speedlotto_500,12,first,1,200000000,2026-04-26T12:18:59.212989,2026-04-26T12:18:59.212989,1
SPEEDLOTTO_500_STORE_03327,73060444,씨스페이스유성신우점,,미상,,,,speedlotto_500,12,first,1,200000000,2026-04-26T12:18:59.212989,2026-04-26T12:18:59.212989,1
SPEEDLOTTO_500_STORE_03328,74162956,세븐일레븐 안산고잔금강점,,미상,,,,speedlotto_500,12,first,1,200000000,2026-04-26T12:18:59.212989,2026-04-26T12:18:59.212989,1
SPEEDLOTTO_500_STORE_03329,74960026,하나슈퍼,,미상,,,,speedlotto_500,12,first,1,200000000,2026-04-26T12:18:59.212989,2026-04-26T12:18:59.212989,1
SPEEDLOTTO_500_STORE_03330,71161818,CU,,미상,,,,speedlotto_500,12,first,1,200000000,2026-04-26T12:18:59.212989,2026-04-26T12:18:59.212989,1
SPEEDLOTTO_500_STORE_03331,74163317,명진슈퍼,,미상,,,,speedlotto_500,12,first,1,200000000,2026-04-26T12:18:59.212989,2026-04-26T12:18:59.212989,1
SPEEDLOTTO_500_STORE_03332,71164520,양천24,,미상,,,,speedlotto_500,12,first,1,200000000,2026-04-26T12:18:59.212989,2026-04-26T12:18:59.212989,1
SPEEDLOTTO_500_STORE_03333,74163911,복권방,,미상,,,,speedlotto_500,12,first,1,200000000,2026-04-26T12:18:59.212989,2026-04-26T12:18:59.212989,1
SPEEDLOTTO_500_STORE_03334,71160627,세븐일레븐,,미상,,,,speedlotto_500,12,first,1,200000000,2026-04-26T12:18:59.212989,2026-04-26T12:18:59.212989,1
SPEEDLOTTO_500_STORE_03335,74260514,편의점,,미상,,,,speedlotto_500,12,first,1,200000000,2026-04-26T12:18:59.212989,2026-04-26T12:18:59.212989,1
SPEEDLOTTO_500_STORE_03336,74860121,복권방,,미상,,,,speedlotto_500,12,first,1,200000000,2026-04-26T12:18:59.212989,2026-04-26T12:18:59.212989,1
SPEEDLOTTO_500_STORE_03337,72660480,복권천국 복권방,,미상,,,,speedlotto_500,12,first,1,200000000,2026-04-26T12:18:59.212989,2026-04-26T12:18:59.212989,1
SPEEDLOTTO_500_STORE_03338,74460132,편의점,,미상,,,,speedlotto_500,12,first,1,200000000,2026-04-26T12:18:59.212989,2026-04-26T12:18:59.212989,1
SPEEDLOTTO_500_STORE_03339,71162726,가판대,,미상,,,,speedlotto_500,12,first,1,200000000,2026-04-26T12:18:59.212989,2026-04-26T12:18:59.212989,1
SPEEDLOTTO_500_STORE_03340,71162617,편의점,,미상,,,,speedlotto_500,12,first,1,200000000,2026-04-26T12:18:59.212989,2026-04-26T12:18:59.212989,1
SPEEDLOTTO_500_STORE_03341,71161756,복권방,,미상,,,,speedlotto_500,12,first,1,200000000,2026-04-26T12:18:59.212989,2026-04-26T12:18:59.212989,1
SPEEDLOTTO_500_STORE_03342,73160068,우리들 편의점 서부점,,미상,,,,speedlotto_500,12,first,1,200000000,2026-04-26T12:18:59.212989,2026-04-26T12:18:59.212989,1
SPEEDLOTTO_500_STORE_03343,74860224,슈퍼마켓,,미상,,,,speedlotto_500,12,first,1,200000000,2026-04-26T12:18:59.212989,2026-04-26T12:18:59.212989,1
SPEEDLOTTO_500_STORE_03344,74162739,복권방,,미상,,,,speedlotto_500,12,first,1,200000000,2026-04-26T12:18:59.212989,2026-04-26T12:18:59.212989,1
SPEEDLOTTO_500_STORE_03345,74162534,편의점,,미상,,,,speedlotto_500,12,first,1,200000000,2026-04-26T12:18:59.212989,2026-04-26T12:18:59.212989,1
SPEEDLOTTO_500_STORE_03346,74260488,제일복권,,미상,,,,speedlotto_500,12,first,1,200000000,2026-04-26T12:18:59.212989,2026-04-26T12:18:59.212989,1
SPEEDLOTTO_500_STORE_03347,74260444,복권방,,미상,,,,speedlotto_500,12,first,1,200000000,2026-04-26T12:18:59.212989,2026-04-26T12:18:59.212989,1
SPEEDLOTTO_500_STORE_03348,72863021,수퍼마켓,,미상,,,,speedlotto_500,12,first,1,200000000,2026-04-26T12:18:59.212989,2026-04-26T12:18:59.212989,1
SPEEDLOTTO_500_STORE_03349,74160427,만물복권방,,미상,,,,speedlotto_500,12,first,1,200000000,2026-04-26T12:18:59.212989,2026-04-26T12:18:59.212989,1
SPEEDLOTTO_500_STORE_03350,74861125,편의점,,미상,,,,speedlotto_500,12,first,1,200000000,2026-04-26T12:18:59.212989,2026-04-26T12:18:59.212989,1
SPEEDLOTTO_500_STORE_03351,71160697,가판,,미상,,,,speedlotto_500,12,first,1,200000000,2026-04-26T12:18:59.212989,2026-04-26T12:18:59.212989,1
SPEEDLOTTO_500_STORE_03352,74861027,수퍼마켓,,미상,,,,speedlotto_500,12,first,1,200000000,2026-04-26T12:18:59.212989,2026-04-26T12:18:59.212989,1
SPEEDLOTTO_500_STORE_03353,74460594,수퍼마켓,,미상,,,,speedlotto_500,12,first,1,200000000,2026-04-26T12:18:59.212989,2026-04-26T12:18:59.212989,1
SPEEDLOTTO_500_STORE_03354,74560222,편의점,,미상,,,,speedlotto_500,12,first,1,200000000,2026-04-26T12:18:59.212989,2026-04-26T12:18:59.212989,1
SPEEDLOTTO_500_STORE_03355,74860491,편의점,,미상,,,,speedlotto_500,12,first,1,200000000,2026-04-26T12:18:59.212989,2026-04-26T12:18:59.212989,1
SPEEDLOTTO_500_STORE_03356,74164096,복권방,,미상,,,,speedlotto_500,12,first,1,200000000,2026-04-26T12:18:59.212989,2026-04-26T12:18:59.212989,1
SPEEDLOTTO_500_STORE_03357,73060537,원마트 편의점,,미상,,,,speedlotto_500,12,first,1,200000000,2026-04-26T12:18:59.213989,2026-04-26T12:18:59.213989,1
SPEEDLOTTO_500_STORE_03358,74660195,복권방,,미상,,,,speedlotto_500,12,first,1,200000000,2026-04-26T12:18:59.213989,2026-04-26T12:18:59.213989,1
SPEEDLOTTO_500_STORE_03359,74860751,미니스톱,,미상,,,,speedlotto_500,12,first,1,200000000,2026-04-26T12:18:59.213989,2026-04-26T12:18:59.213989,1
SPEEDLOTTO_500_STORE_03360,72660051,편의점,,미상,,,,speedlotto_500,12,first,1,200000000,2026-04-26T12:18:59.213989,2026-04-26T12:18:59.213989,1
SPEEDLOTTO_500_STORE_03361,71163551,슈퍼,,미상,,,,speedlotto_500,12,first,1,200000000,2026-04-26T12:18:59.213989,2026-04-26T12:18:59.213989,1
SPEEDLOTTO_500_STORE_03362,71161183,가판,,미상,,,,speedlotto_500,12,first,1,200000000,2026-04-26T12:18:59.213989,2026-04-26T12:18:59.213989,1
SPEEDLOTTO_500_STORE_03363,71164341,복권방,,미상,,,,speedlotto_500,12,first,1,200000000,2026-04-26T12:18:59.213989,2026-04-26T12:18:59.213989,1
SPEEDLOTTO_500_STORE_03364,73160111,우리들 편의점 서부점,,미상,,,,speedlotto_500,12,first,1,200000000,2026-04-26T12:18:59.213989,2026-04-26T12:18:59.213989,1
SPEEDLOTTO_500_STORE_03365,72960822,편의점,,미상,,,,speedlotto_500,12,first,1,200000000,2026-04-26T12:18:59.213989,2026-04-26T12:18:59.213989,1
SPEEDLOTTO_500_STORE_03366,74162947,편의점,,미상,,,,speedlotto_500,12,first,1,200000000,2026-04-26T12:18:59.213989,2026-04-26T12:18:59.213989,1
SPEEDLOTTO_500_STORE_03367,72660156,복권방,,미상,,,,speedlotto_500,12,first,1,200000000,2026-04-26T12:18:59.213989,2026-04-26T12:18:59.213989,1
SPEEDLOTTO_500_STORE_03368,74160347,토토마트 (구 편의점사랑),,미상,,,,speedlotto_500,11,first,1,200000000,2026-04-26T12:19:01.063625,2026-04-26T12:19:01.063625,1
SPEEDLOTTO_500_STORE_03369,74760625,CSPACE구미옥계점,,미상,,,,speedlotto_500,11,first,1,200000000,2026-04-26T12:19:01.063625,2026-04-26T12:19:01.063625,1
SPEEDLOTTO_500_STORE_03370,74163706,다우토토샵,,미상,,,,speedlotto_500,11,first,1,200000000,2026-04-26T12:19:01.063625,2026-04-26T12:19:01.063625,1
SPEEDLOTTO_500_STORE_03371,74261788,일등당첨,,미상,,,,speedlotto_500,11,first,1,200000000,2026-04-26T12:19:01.063625,2026-04-26T12:19:01.063625,1
SPEEDLOTTO_500_STORE_03372,72662656,황금복권방,,미상,,,,speedlotto_500,11,first,1,200000000,2026-04-26T12:19:01.063625,2026-04-26T12:19:01.063625,1
SPEEDLOTTO_500_STORE_03373,74660464,드림복권(2호광장),,미상,,,,speedlotto_500,11,first,1,200000000,2026-04-26T12:19:01.063625,2026-04-26T12:19:01.063625,1
SPEEDLOTTO_500_STORE_03374,73160721,또로또,,미상,,,,speedlotto_500,11,first,1,200000000,2026-04-26T12:19:01.063625,2026-04-26T12:19:01.063625,1
SPEEDLOTTO_500_STORE_03375,74166759,GS25이동센터점,,미상,,,,speedlotto_500,11,first,1,200000000,2026-04-26T12:19:01.063625,2026-04-26T12:19:01.063625,1
SPEEDLOTTO_500_STORE_03376,74162803,보물섬복권방,,미상,,,,speedlotto_500,11,first,1,200000000,2026-04-26T12:19:01.063625,2026-04-26T12:19:01.063625,1
SPEEDLOTTO_500_STORE_03377,71162035,천하명당복권방,,미상,,,,speedlotto_500,11,first,1,200000000,2026-04-26T12:19:01.063625,2026-04-26T12:19:01.063625,1
SPEEDLOTTO_500_STORE_03378,73061011,금화로또마트,,미상,,,,speedlotto_500,11,first,1,200000000,2026-04-26T12:19:01.063625,2026-04-26T12:19:01.063625,1
SPEEDLOTTO_500_STORE_03379,72960747,오천억복권방,,미상,,,,speedlotto_500,11,first,1,200000000,2026-04-26T12:19:01.063625,2026-04-26T12:19:01.063625,1
SPEEDLOTTO_500_STORE_03380,74163177,명당골복권방,,미상,,,,speedlotto_500,11,first,1,200000000,2026-04-26T12:19:01.063625,2026-04-26T12:19:01.063625,1
SPEEDLOTTO_500_STORE_03381,72661445,CU사상서부,,미상,,,,speedlotto_500,11,first,1,200000000,2026-04-26T12:19:01.063625,2026-04-26T12:19:01.063625,2
SPEEDLOTTO_500_STORE_03382,74661194,스타복권,,미상,,,,speedlotto_500,11,first,1,200000000,2026-04-26T12:19:01.063625,2026-04-26T12:19:01.063625,1
SPEEDLOTTO_500_STORE_03383,74761757,SE왜관희망점,,미상,,,,speedlotto_500,11,first,1,200000000,2026-04-26T12:19:01.063625,2026-04-26T12:19:01.063625,1
SPEEDLOTTO_500_STORE_03384,74661178,제철로또대리점,,미상,,,,speedlotto_500,11,first,1,200000000,2026-04-26T12:19:01.063625,2026-04-26T12:19:01.063625,1
SPEEDLOTTO_500_STORE_03385,74161285,차부상회,,미상,,,,speedlotto_500,11,first,1,200000000,2026-04-26T12:19:01.063625,2026-04-26T12:19:01.063625,1
SPEEDLOTTO_500_STORE_03386,74360035,복덩어리,,미상,,,,speedlotto_500,11,first,1,200000000,2026-04-26T12:19:01.063625,2026-04-26T12:19:01.063625,1
SPEEDLOTTO_500_STORE_03387,72960008,도울복권,,미상,,,,speedlotto_500,11,first,1,200000000,2026-04-26T12:19:01.063625,2026-04-26T12:19:01.063625,1
SPEEDLOTTO_500_STORE_03388,72860361,프리마트,,미상,,,,speedlotto_500,11,first,1,200000000,2026-04-26T12:19:01.063625,2026-04-26T12:19:01.063625,1
SPEEDLOTTO_500_STORE_03389,73160635,삼우슈퍼,,미상,,,,speedlotto_500,11,first,1,200000000,2026-04-26T12:19:01.063625,2026-04-26T12:19:01.063625,1
SPEEDLOTTO_500_STORE_03390,72860822,복권왕국,,미상,,,,speedlotto_500,11,first,1,200000000,2026-04-26T12:19:01.063625,2026-04-26T12:19:01.063625,1
SPEEDLOTTO_500_STORE_03391,73160368,이마트24삼산본동,,미상,,,,speedlotto_500,11,first,1,200000000,2026-04-26T12:19:01.063625,2026-04-26T12:19:01.063625,1
SPEEDLOTTO_500_STORE_03392,74160255,CU 포천가산점,,미상,,,,speedlotto_500,11,first,1,200000000,2026-04-26T12:19:01.063625,2026-04-26T12:19:01.063625,1
SPEEDLOTTO_500_STORE_03393,72960924,진곡산단로또,,미상,,,,speedlotto_500,11,first,1,200000000,2026-04-26T12:19:01.063625,2026-04-26T12:19:01.063625,1
SPEEDLOTTO_500_STORE_03394,74760798,빙그레마트,,미상,,,,speedlotto_500,11,first,1,200000000,2026-04-26T12:19:01.063625,2026-04-26T12:19:01.063625,1
SPEEDLOTTO_500_STORE_03395,74360026,굿모닝복권방,,미상,,,,speedlotto_500,11,first,1,200000000,2026-04-26T12:19:01.063625,2026-04-26T12:19:01.063625,1
SPEEDLOTTO_500_STORE_03396,74760164,옹천왕대박슈퍼,,미상,,,,speedlotto_500,11,first,1,200000000,2026-04-26T12:19:01.063625,2026-04-26T12:19:01.063625,1
SPEEDLOTTO_500_STORE_03397,72861215,노다지복권방(학익),,미상,,,,speedlotto_500,11,first,1,200000000,2026-04-26T12:19:01.063625,2026-04-26T12:19:01.063625,1
SPEEDLOTTO_500_STORE_03398,71163495,CU 송파한화2호점,,미상,,,,speedlotto_500,11,first,1,200000000,2026-04-26T12:19:01.063625,2026-04-26T12:19:01.063625,1
SPEEDLOTTO_500_STORE_03399,74160110,GS 양주신산점,,미상,,,,speedlotto_500,11,first,1,200000000,2026-04-26T12:19:01.063625,2026-04-26T12:19:01.063625,1
SPEEDLOTTO_500_STORE_03400,74761012,로또훼미리마트왜관점,,미상,,,,speedlotto_500,11,first,1,200000000,2026-04-26T12:19:01.063625,2026-04-26T12:19:01.063625,1
SPEEDLOTTO_500_STORE_03401,99999990,미확인 판매점 ,,미상,,,,speedlotto_500,11,first,1,200000000,2026-04-26T12:19:01.063625,2026-04-26T12:19:01.063625,1
SPEEDLOTTO_500_STORE_03402,74460619,GS25봉명희망점,,미상,,,,speedlotto_500,11,first,1,200000000,2026-04-26T12:19:01.063625,2026-04-26T12:19:01.063625,1
SPEEDLOTTO_500_STORE_03403,72960633,채널Q24시로또주월점,,미상,,,,speedlotto_500,11,first,1,200000000,2026-04-26T12:19:01.063625,2026-04-26T12:19:01.063625,1
SPEEDLOTTO_500_STORE_03404,74162879,CU 안산이동제일점,,미상,,,,speedlotto_500,11,first,1,200000000,2026-04-26T12:19:01.063625,2026-04-26T12:19:01.063625,1
SPEEDLOTTO_500_STORE_03405,74861498,채널큐,,미상,,,,speedlotto_500,11,first,1,400000000,2026-04-26T12:19:01.063625,2026-04-26T12:19:01.063625,1
SPEEDLOTTO_500_STORE_03406,74860026,미니스톱 평산점,,미상,,,,speedlotto_500,11,first,1,400000000,2026-04-26T12:19:01.063625,2026-04-26T12:19:01.063625,1
SPEEDLOTTO_500_STORE_03407,72760607,대백마트,,미상,,,,speedlotto_500,11,first,1,200000000,2026-04-26T12:19:01.063625,2026-04-26T12:19:01.063625,1
SPEEDLOTTO_500_STORE_03408,71161288,세븐일레븐,,미상,,,,speedlotto_500,11,first,1,200000000,2026-04-26T12:19:01.063625,2026-04-26T12:19:01.063625,1
SPEEDLOTTO_500_STORE_03409,74163134,CU 구운선경점,,미상,,,,speedlotto_500,11,first,1,200000000,2026-04-26T12:19:01.063625,2026-04-26T12:19:01.063625,1
SPEEDLOTTO_500_STORE_03410,74163861,ANY로또,,미상,,,,speedlotto_500,11,first,1,200000000,2026-04-26T12:19:01.063625,2026-04-26T12:19:01.063625,1
SPEEDLOTTO_500_STORE_03411,71163684,스포츠베팅샵,,미상,,,,speedlotto_500,11,first,1,200000000,2026-04-26T12:19:01.063625,2026-04-26T12:19:01.063625,1
SPEEDLOTTO_500_STORE_03412,74260737,복권뱅크,,미상,,,,speedlotto_500,11,first,1,200000000,2026-04-26T12:19:01.063625,2026-04-26T12:19:01.063625,1
SPEEDLOTTO_500_STORE_03413,74860113,창원25시슈퍼(24시로또복권),,미상,,,,speedlotto_500,11,first,1,200000000,2026-04-26T12:19:01.063625,2026-04-26T12:19:01.063625,1
SPEEDLOTTO_500_STORE_03414,71160248,복마니복권방,,미상,,,,speedlotto_500,11,first,1,200000000,2026-04-26T12:19:01.063625,2026-04-26T12:19:01.063625,1
SPEEDLOTTO_500_STORE_03415,74860442,운동장마트,,미상,,,,speedlotto_500,11,first,1,200000000,2026-04-26T12:19:01.063625,2026-04-26T12:19:01.063625,1
SPEEDLOTTO_500_STORE_03416,71160111,복권나라,,미상,,,,speedlotto_500,11,first,1,200000000,2026-04-26T12:19:01.063625,2026-04-26T12:19:01.063625,1
SPEEDLOTTO_500_STORE_03417,74660663,CU목포비파점,,미상,,,,speedlotto_500,11,first,1,200000000,2026-04-26T12:19:01.064625,2026-04-26T12:19:01.064625,1
SPEEDLOTTO_500_STORE_03418,73060444,씨스페이스유성신우점,,미상,,,,speedlotto_500,11,first,1,200000000,2026-04-26T12:19:01.064625,2026-04-26T12:19:01.064625,1
SPEEDLOTTO_500_STORE_03419,74162956,세븐일레븐 안산고잔금강점,,미상,,,,speedlotto_500,11,first,1,200000000,2026-04-26T12:19:01.064625,2026-04-26T12:19:01.064625,1
SPEEDLOTTO_500_STORE_03420,74960026,하나슈퍼,,미상,,,,speedlotto_500,11,first,1,200000000,2026-04-26T12:19:01.064625,2026-04-26T12:19:01.064625,1
SPEEDLOTTO_500_STORE_03421,71161818,CU,,미상,,,,speedlotto_500,11,first,1,200000000,2026-04-26T12:19:01.064625,2026-04-26T12:19:01.064625,1
SPEEDLOTTO_500_STORE_03422,74163317,명진슈퍼,,미상,,,,speedlotto_500,11,first,1,200000000,2026-04-26T12:19:01.064625,2026-04-26T12:19:01.064625,1
SPEEDLOTTO_500_STORE_03423,71164520,양천24,,미상,,,,speedlotto_500,11,first,1,200000000,2026-04-26T12:19:01.064625,2026-04-26T12:19:01.064625,1
SPEEDLOTTO_500_STORE_03424,74163911,복권방,,미상,,,,speedlotto_500,11,first,1,200000000,2026-04-26T12:19:01.064625,2026-04-26T12:19:01.064625,1
SPEEDLOTTO_500_STORE_03425,71160627,세븐일레븐,,미상,,,,speedlotto_500,11,first,1,200000000,2026-04-26T12:19:01.064625,2026-04-26T12:19:01.064625,1
SPEEDLOTTO_500_STORE_03426,74260514,편의점,,미상,,,,speedlotto_500,11,first,1,200000000,2026-04-26T12:19:01.064625,2026-04-26T12:19:01.064625,1
SPEEDLOTTO_500_STORE_03427,74860121,복권방,,미상,,,,speedlotto_500,11,first,1,200000000,2026-04-26T12:19:01.064625,2026-04-26T12:19:01.064625,1
SPEEDLOTTO_500_STORE_03428,72660480,복권천국 복권방,,미상,,,,speedlotto_500,11,first,1,200000000,2026-04-26T12:19:01.064625,2026-04-26T12:19:01.064625,1
SPEEDLOTTO_500_STORE_03429,74460132,편의점,,미상,,,,speedlotto_500,11,first,1,200000000,2026-04-26T12:19:01.064625,2026-04-26T12:19:01.064625,1
SPEEDLOTTO_500_STORE_03430,71162726,가판대,,미상,,,,speedlotto_500,11,first,1,200000000,2026-04-26T12:19:01.064625,2026-04-26T12:19:01.064625,1
SPEEDLOTTO_500_STORE_03431,71162617,편의점,,미상,,,,speedlotto_500,11,first,1,200000000,2026-04-26T12:19:01.064625,2026-04-26T12:19:01.064625,1
SPEEDLOTTO_500_STORE_03432,71161756,복권방,,미상,,,,speedlotto_500,11,first,1,200000000,2026-04-26T12:19:01.064625,2026-04-26T12:19:01.064625,1
SPEEDLOTTO_500_STORE_03433,73160068,우리들 편의점 서부점,,미상,,,,speedlotto_500,11,first,1,200000000,2026-04-26T12:19:01.064625,2026-04-26T12:19:01.064625,1
SPEEDLOTTO_500_STORE_03434,74860224,슈퍼마켓,,미상,,,,speedlotto_500,11,first,1,200000000,2026-04-26T12:19:01.064625,2026-04-26T12:19:01.064625,1
SPEEDLOTTO_500_STORE_03435,74162739,복권방,,미상,,,,speedlotto_500,11,first,1,200000000,2026-04-26T12:19:01.064625,2026-04-26T12:19:01.064625,1
SPEEDLOTTO_500_STORE_03436,74162534,편의점,,미상,,,,speedlotto_500,11,first,1,200000000,2026-04-26T12:19:01.064625,2026-04-26T12:19:01.064625,1
SPEEDLOTTO_500_STORE_03437,74260488,제일복권,,미상,,,,speedlotto_500,11,first,1,200000000,2026-04-26T12:19:01.064625,2026-04-26T12:19:01.064625,1
SPEEDLOTTO_500_STORE_03438,74260444,복권방,,미상,,,,speedlotto_500,11,first,1,200000000,2026-04-26T12:19:01.064625,2026-04-26T12:19:01.064625,1
SPEEDLOTTO_500_STORE_03439,72863021,수퍼마켓,,미상,,,,speedlotto_500,11,first,1,200000000,2026-04-26T12:19:01.064625,2026-04-26T12:19:01.064625,1
SPEEDLOTTO_500_STORE_03440,74160427,만물복권방,,미상,,,,speedlotto_500,11,first,1,200000000,2026-04-26T12:19:01.064625,2026-04-26T12:19:01.064625,1
SPEEDLOTTO_500_STORE_03441,74861125,편의점,,미상,,,,speedlotto_500,11,first,1,200000000,2026-04-26T12:19:01.064625,2026-04-26T12:19:01.064625,1
SPEEDLOTTO_500_STORE_03442,71160697,가판,,미상,,,,speedlotto_500,11,first,1,200000000,2026-04-26T12:19:01.064625,2026-04-26T12:19:01.064625,1
SPEEDLOTTO_500_STORE_03443,74861027,수퍼마켓,,미상,,,,speedlotto_500,11,first,1,200000000,2026-04-26T12:19:01.064625,2026-04-26T12:19:01.064625,1
SPEEDLOTTO_500_STORE_03444,74460594,수퍼마켓,,미상,,,,speedlotto_500,11,first,1,200000000,2026-04-26T12:19:01.064625,2026-04-26T12:19:01.064625,1
SPEEDLOTTO_500_STORE_03445,74560222,편의점,,미상,,,,speedlotto_500,11,first,1,200000000,2026-04-26T12:19:01.064625,2026-04-26T12:19:01.064625,1
SPEEDLOTTO_500_STORE_03446,74860491,편의점,,미상,,,,speedlotto_500,11,first,1,200000000,2026-04-26T12:19:01.064625,2026-04-26T12:19:01.064625,1
SPEEDLOTTO_500_STORE_03447,74164096,복권방,,미상,,,,speedlotto_500,11,first,1,200000000,2026-04-26T12:19:01.064625,2026-04-26T12:19:01.064625,1
SPEEDLOTTO_500_STORE_03448,73060537,원마트 편의점,,미상,,,,speedlotto_500,11,first,1,200000000,2026-04-26T12:19:01.064625,2026-04-26T12:19:01.064625,1
SPEEDLOTTO_500_STORE_03449,74660195,복권방,,미상,,,,speedlotto_500,11,first,1,200000000,2026-04-26T12:19:01.064625,2026-04-26T12:19:01.064625,1
SPEEDLOTTO_500_STORE_03450,74860751,미니스톱,,미상,,,,speedlotto_500,11,first,1,200000000,2026-04-26T12:19:01.064625,2026-04-26T12:19:01.064625,1
SPEEDLOTTO_500_STORE_03451,72660051,편의점,,미상,,,,speedlotto_500,11,first,1,200000000,2026-04-26T12:19:01.064625,2026-04-26T12:19:01.064625,1
SPEEDLOTTO_500_STORE_03452,71163551,슈퍼,,미상,,,,speedlotto_500,11,first,1,200000000,2026-04-26T12:19:01.064625,2026-04-26T12:19:01.064625,1
SPEEDLOTTO_500_STORE_03453,71161183,가판,,미상,,,,speedlotto_500,11,first,1,200000000,2026-04-26T12:19:01.064625,2026-04-26T12:19:01.064625,1
SPEEDLOTTO_500_STORE_03454,71164341,복권방,,미상,,,,speedlotto_500,11,first,1,200000000,2026-04-26T12:19:01.064625,2026-04-26T12:19:01.064625,1
SPEEDLOTTO_500_STORE_03455,73160111,우리들 편의점 서부점,,미상,,,,speedlotto_500,11,first,1,200000000,2026-04-26T12:19:01.064625,2026-04-26T12:19:01.064625,1
SPEEDLOTTO_500_STORE_03456,72960822,편의점,,미상,,,,speedlotto_500,11,first,1,200000000,2026-04-26T12:19:01.064625,2026-04-26T12:19:01.064625,1
SPEEDLOTTO_500_STORE_03457,74162947,편의점,,미상,,,,speedlotto_500,11,first,1,200000000,2026-04-26T12:19:01.064625,2026-04-26T12:19:01.064625,1
SPEEDLOTTO_500_STORE_03458,72660156,복권방,,미상,,,,speedlotto_500,11,first,1,200000000,2026-04-26T12:19:01.064625,2026-04-26T12:19:01.064625,1
SPEEDLOTTO_500_STORE_03459,74160347,토토마트 (구 편의점사랑),,미상,,,,speedlotto_500,10,first,1,200000000,2026-04-26T12:19:02.906688,2026-04-26T12:19:02.906688,1
SPEEDLOTTO_500_STORE_03460,74760625,CSPACE구미옥계점,,미상,,,,speedlotto_500,10,first,1,200000000,2026-04-26T12:19:02.906688,2026-04-26T12:19:02.906688,1
SPEEDLOTTO_500_STORE_03461,74163706,다우토토샵,,미상,,,,speedlotto_500,10,first,1,200000000,2026-04-26T12:19:02.906688,2026-04-26T12:19:02.906688,1
SPEEDLOTTO_500_STORE_03462,74261788,일등당첨,,미상,,,,speedlotto_500,10,first,1,200000000,2026-04-26T12:19:02.906688,2026-04-26T12:19:02.906688,1
SPEEDLOTTO_500_STORE_03463,72662656,황금복권방,,미상,,,,speedlotto_500,10,first,1,200000000,2026-04-26T12:19:02.906688,2026-04-26T12:19:02.906688,1
SPEEDLOTTO_500_STORE_03464,74660464,드림복권(2호광장),,미상,,,,speedlotto_500,10,first,1,200000000,2026-04-26T12:19:02.906688,2026-04-26T12:19:02.906688,1
SPEEDLOTTO_500_STORE_03465,73160721,또로또,,미상,,,,speedlotto_500,10,first,1,200000000,2026-04-26T12:19:02.906688,2026-04-26T12:19:02.906688,1
SPEEDLOTTO_500_STORE_03466,74166759,GS25이동센터점,,미상,,,,speedlotto_500,10,first,1,200000000,2026-04-26T12:19:02.906688,2026-04-26T12:19:02.906688,1
SPEEDLOTTO_500_STORE_03467,74162803,보물섬복권방,,미상,,,,speedlotto_500,10,first,1,200000000,2026-04-26T12:19:02.906688,2026-04-26T12:19:02.906688,1
SPEEDLOTTO_500_STORE_03468,71162035,천하명당복권방,,미상,,,,speedlotto_500,10,first,1,200000000,2026-04-26T12:19:02.906688,2026-04-26T12:19:02.906688,1
SPEEDLOTTO_500_STORE_03469,73061011,금화로또마트,,미상,,,,speedlotto_500,10,first,1,200000000,2026-04-26T12:19:02.906688,2026-04-26T12:19:02.906688,1
SPEEDLOTTO_500_STORE_03470,72960747,오천억복권방,,미상,,,,speedlotto_500,10,first,1,200000000,2026-04-26T12:19:02.906688,2026-04-26T12:19:02.906688,1
SPEEDLOTTO_500_STORE_03471,74163177,명당골복권방,,미상,,,,speedlotto_500,10,first,1,200000000,2026-04-26T12:19:02.906688,2026-04-26T12:19:02.906688,1
SPEEDLOTTO_500_STORE_03472,72661445,CU사상서부,,미상,,,,speedlotto_500,10,first,1,200000000,2026-04-26T12:19:02.906688,2026-04-26T12:19:02.906688,2
SPEEDLOTTO_500_STORE_03473,74661194,스타복권,,미상,,,,speedlotto_500,10,first,1,200000000,2026-04-26T12:19:02.906688,2026-04-26T12:19:02.906688,1
SPEEDLOTTO_500_STORE_03474,74761757,SE왜관희망점,,미상,,,,speedlotto_500,10,first,1,200000000,2026-04-26T12:19:02.906688,2026-04-26T12:19:02.906688,1
SPEEDLOTTO_500_STORE_03475,74661178,제철로또대리점,,미상,,,,speedlotto_500,10,first,1,200000000,2026-04-26T12:19:02.906688,2026-04-26T12:19:02.906688,1
SPEEDLOTTO_500_STORE_03476,74161285,차부상회,,미상,,,,speedlotto_500,10,first,1,200000000,2026-04-26T12:19:02.906688,2026-04-26T12:19:02.906688,1
SPEEDLOTTO_500_STORE_03477,74360035,복덩어리,,미상,,,,speedlotto_500,10,first,1,200000000,2026-04-26T12:19:02.906688,2026-04-26T12:19:02.906688,1
SPEEDLOTTO_500_STORE_03478,72960008,도울복권,,미상,,,,speedlotto_500,10,first,1,200000000,2026-04-26T12:19:02.906688,2026-04-26T12:19:02.906688,1
SPEEDLOTTO_500_STORE_03479,72860361,프리마트,,미상,,,,speedlotto_500,10,first,1,200000000,2026-04-26T12:19:02.906688,2026-04-26T12:19:02.906688,1
SPEEDLOTTO_500_STORE_03480,73160635,삼우슈퍼,,미상,,,,speedlotto_500,10,first,1,200000000,2026-04-26T12:19:02.906688,2026-04-26T12:19:02.906688,1
SPEEDLOTTO_500_STORE_03481,72860822,복권왕국,,미상,,,,speedlotto_500,10,first,1,200000000,2026-04-26T12:19:02.906688,2026-04-26T12:19:02.906688,1
SPEEDLOTTO_500_STORE_03482,73160368,이마트24삼산본동,,미상,,,,speedlotto_500,10,first,1,200000000,2026-04-26T12:19:02.906688,2026-04-26T12:19:02.906688,1
SPEEDLOTTO_500_STORE_03483,74160255,CU 포천가산점,,미상,,,,speedlotto_500,10,first,1,200000000,2026-04-26T12:19:02.906688,2026-04-26T12:19:02.906688,1
SPEEDLOTTO_500_STORE_03484,72960924,진곡산단로또,,미상,,,,speedlotto_500,10,first,1,200000000,2026-04-26T12:19:02.906688,2026-04-26T12:19:02.906688,1
SPEEDLOTTO_500_STORE_03485,74760798,빙그레마트,,미상,,,,speedlotto_500,10,first,1,200000000,2026-04-26T12:19:02.906688,2026-04-26T12:19:02.906688,1
SPEEDLOTTO_500_STORE_03486,74360026,굿모닝복권방,,미상,,,,speedlotto_500,10,first,1,200000000,2026-04-26T12:19:02.906688,2026-04-26T12:19:02.906688,1
SPEEDLOTTO_500_STORE_03487,74760164,옹천왕대박슈퍼,,미상,,,,speedlotto_500,10,first,1,200000000,2026-04-26T12:19:02.906688,2026-04-26T12:19:02.906688,1
SPEEDLOTTO_500_STORE_03488,72861215,노다지복권방(학익),,미상,,,,speedlotto_500,10,first,1,200000000,2026-04-26T12:19:02.906688,2026-04-26T12:19:02.906688,1
SPEEDLOTTO_500_STORE_03489,71163495,CU 송파한화2호점,,미상,,,,speedlotto_500,10,first,1,200000000,2026-04-26T12:19:02.906688,2026-04-26T12:19:02.906688,1
SPEEDLOTTO_500_STORE_03490,74160110,GS 양주신산점,,미상,,,,speedlotto_500,10,first,1,200000000,2026-04-26T12:19:02.906688,2026-04-26T12:19:02.906688,1
SPEEDLOTTO_500_STORE_03491,74761012,로또훼미리마트왜관점,,미상,,,,speedlotto_500,10,first,1,200000000,2026-04-26T12:19:02.906688,2026-04-26T12:19:02.906688,1
SPEEDLOTTO_500_STORE_03492,99999990,미확인 판매점 ,,미상,,,,speedlotto_500,10,first,1,200000000,2026-04-26T12:19:02.906688,2026-04-26T12:19:02.906688,1
SPEEDLOTTO_500_STORE_03493,74460619,GS25봉명희망점,,미상,,,,speedlotto_500,10,first,1,200000000,2026-04-26T12:19:02.906688,2026-04-26T12:19:02.906688,1
SPEEDLOTTO_500_STORE_03494,72960633,채널Q24시로또주월점,,미상,,,,speedlotto_500,10,first,1,200000000,2026-04-26T12:19:02.906688,2026-04-26T12:19:02.906688,1
SPEEDLOTTO_500_STORE_03495,74162879,CU 안산이동제일점,,미상,,,,speedlotto_500,10,first,1,200000000,2026-04-26T12:19:02.906688,2026-04-26T12:19:02.906688,1
SPEEDLOTTO_500_STORE_03496,74861498,채널큐,,미상,,,,speedlotto_500,10,first,1,400000000,2026-04-26T12:19:02.906688,2026-04-26T12:19:02.906688,1
SPEEDLOTTO_500_STORE_03497,74860026,미니스톱 평산점,,미상,,,,speedlotto_500,10,first,1,400000000,2026-04-26T12:19:02.906688,2026-04-26T12:19:02.906688,1
SPEEDLOTTO_500_STORE_03498,72760607,대백마트,,미상,,,,speedlotto_500,10,first,1,200000000,2026-04-26T12:19:02.906688,2026-04-26T12:19:02.906688,1
SPEEDLOTTO_500_STORE_03499,71161288,세븐일레븐,,미상,,,,speedlotto_500,10,first,1,200000000,2026-04-26T12:19:02.906688,2026-04-26T12:19:02.906688,1
SPEEDLOTTO_500_STORE_03500,74163134,CU 구운선경점,,미상,,,,speedlotto_500,10,first,1,200000000,2026-04-26T12:19:02.906688,2026-04-26T12:19:02.906688,1
SPEEDLOTTO_500_STORE_03501,74163861,ANY로또,,미상,,,,speedlotto_500,10,first,1,200000000,2026-04-26T12:19:02.906688,2026-04-26T12:19:02.906688,1
SPEEDLOTTO_500_STORE_03502,71163684,스포츠베팅샵,,미상,,,,speedlotto_500,10,first,1,200000000,2026-04-26T12:19:02.906688,2026-04-26T12:19:02.906688,1
SPEEDLOTTO_500_STORE_03503,74260737,복권뱅크,,미상,,,,speedlotto_500,10,first,1,200000000,2026-04-26T12:19:02.906688,2026-04-26T12:19:02.906688,1
SPEEDLOTTO_500_STORE_03504,74860113,창원25시슈퍼(24시로또복권),,미상,,,,speedlotto_500,10,first,1,200000000,2026-04-26T12:19:02.906688,2026-04-26T12:19:02.906688,1
SPEEDLOTTO_500_STORE_03505,71160248,복마니복권방,,미상,,,,speedlotto_500,10,first,1,200000000,2026-04-26T12:19:02.906688,2026-04-26T12:19:02.906688,1
SPEEDLOTTO_500_STORE_03506,74860442,운동장마트,,미상,,,,speedlotto_500,10,first,1,200000000,2026-04-26T12:19:02.906688,2026-04-26T12:19:02.906688,1
SPEEDLOTTO_500_STORE_03507,71160111,복권나라,,미상,,,,speedlotto_500,10,first,1,200000000,2026-04-26T12:19:02.906688,2026-04-26T12:19:02.906688,1
SPEEDLOTTO_500_STORE_03508,74660663,CU목포비파점,,미상,,,,speedlotto_500,10,first,1,200000000,2026-04-26T12:19:02.906688,2026-04-26T12:19:02.906688,1
SPEEDLOTTO_500_STORE_03509,73060444,씨스페이스유성신우점,,미상,,,,speedlotto_500,10,first,1,200000000,2026-04-26T12:19:02.906688,2026-04-26T12:19:02.906688,1
SPEEDLOTTO_500_STORE_03510,74162956,세븐일레븐 안산고잔금강점,,미상,,,,speedlotto_500,10,first,1,200000000,2026-04-26T12:19:02.906688,2026-04-26T12:19:02.906688,1
SPEEDLOTTO_500_STORE_03511,74960026,하나슈퍼,,미상,,,,speedlotto_500,10,first,1,200000000,2026-04-26T12:19:02.906688,2026-04-26T12:19:02.906688,1
SPEEDLOTTO_500_STORE_03512,71161818,CU,,미상,,,,speedlotto_500,10,first,1,200000000,2026-04-26T12:19:02.906688,2026-04-26T12:19:02.906688,1
SPEEDLOTTO_500_STORE_03513,74163317,명진슈퍼,,미상,,,,speedlotto_500,10,first,1,200000000,2026-04-26T12:19:02.906688,2026-04-26T12:19:02.906688,1
SPEEDLOTTO_500_STORE_03514,71164520,양천24,,미상,,,,speedlotto_500,10,first,1,200000000,2026-04-26T12:19:02.906688,2026-04-26T12:19:02.906688,1
SPEEDLOTTO_500_STORE_03515,74163911,복권방,,미상,,,,speedlotto_500,10,first,1,200000000,2026-04-26T12:19:02.907688,2026-04-26T12:19:02.907688,1
SPEEDLOTTO_500_STORE_03516,71160627,세븐일레븐,,미상,,,,speedlotto_500,10,first,1,200000000,2026-04-26T12:19:02.907688,2026-04-26T12:19:02.907688,1
SPEEDLOTTO_500_STORE_03517,74260514,편의점,,미상,,,,speedlotto_500,10,first,1,200000000,2026-04-26T12:19:02.907688,2026-04-26T12:19:02.907688,1
SPEEDLOTTO_500_STORE_03518,74860121,복권방,,미상,,,,speedlotto_500,10,first,1,200000000,2026-04-26T12:19:02.907688,2026-04-26T12:19:02.907688,1
SPEEDLOTTO_500_STORE_03519,72660480,복권천국 복권방,,미상,,,,speedlotto_500,10,first,1,200000000,2026-04-26T12:19:02.907688,2026-04-26T12:19:02.907688,1
SPEEDLOTTO_500_STORE_03520,74460132,편의점,,미상,,,,speedlotto_500,10,first,1,200000000,2026-04-26T12:19:02.907688,2026-04-26T12:19:02.907688,1
SPEEDLOTTO_500_STORE_03521,71162726,가판대,,미상,,,,speedlotto_500,10,first,1,200000000,2026-04-26T12:19:02.907688,2026-04-26T12:19:02.907688,1
SPEEDLOTTO_500_STORE_03522,71162617,편의점,,미상,,,,speedlotto_500,10,first,1,200000000,2026-04-26T12:19:02.907688,2026-04-26T12:19:02.907688,1
SPEEDLOTTO_500_STORE_03523,71161756,복권방,,미상,,,,speedlotto_500,10,first,1,200000000,2026-04-26T12:19:02.907688,2026-04-26T12:19:02.907688,1
SPEEDLOTTO_500_STORE_03524,73160068,우리들 편의점 서부점,,미상,,,,speedlotto_500,10,first,1,200000000,2026-04-26T12:19:02.907688,2026-04-26T12:19:02.907688,1
SPEEDLOTTO_500_STORE_03525,74860224,슈퍼마켓,,미상,,,,speedlotto_500,10,first,1,200000000,2026-04-26T12:19:02.907688,2026-04-26T12:19:02.907688,1
SPEEDLOTTO_500_STORE_03526,74162739,복권방,,미상,,,,speedlotto_500,10,first,1,200000000,2026-04-26T12:19:02.907688,2026-04-26T12:19:02.907688,1
SPEEDLOTTO_500_STORE_03527,74162534,편의점,,미상,,,,speedlotto_500,10,first,1,200000000,2026-04-26T12:19:02.907688,2026-04-26T12:19:02.907688,1
SPEEDLOTTO_500_STORE_03528,74260488,제일복권,,미상,,,,speedlotto_500,10,first,1,200000000,2026-04-26T12:19:02.907688,2026-04-26T12:19:02.907688,1
SPEEDLOTTO_500_STORE_03529,74260444,복권방,,미상,,,,speedlotto_500,10,first,1,200000000,2026-04-26T12:19:02.907688,2026-04-26T12:19:02.907688,1
SPEEDLOTTO_500_STORE_03530,72863021,수퍼마켓,,미상,,,,speedlotto_500,10,first,1,200000000,2026-04-26T12:19:02.907688,2026-04-26T12:19:02.907688,1
SPEEDLOTTO_500_STORE_03531,74160427,만물복권방,,미상,,,,speedlotto_500,10,first,1,200000000,2026-04-26T12:19:02.907688,2026-04-26T12:19:02.907688,1
SPEEDLOTTO_500_STORE_03532,74861125,편의점,,미상,,,,speedlotto_500,10,first,1,200000000,2026-04-26T12:19:02.907688,2026-04-26T12:19:02.907688,1
SPEEDLOTTO_500_STORE_03533,71160697,가판,,미상,,,,speedlotto_500,10,first,1,200000000,2026-04-26T12:19:02.907688,2026-04-26T12:19:02.907688,1
SPEEDLOTTO_500_STORE_03534,74861027,수퍼마켓,,미상,,,,speedlotto_500,10,first,1,200000000,2026-04-26T12:19:02.907688,2026-04-26T12:19:02.907688,1
SPEEDLOTTO_500_STORE_03535,74460594,수퍼마켓,,미상,,,,speedlotto_500,10,first,1,200000000,2026-04-26T12:19:02.907688,2026-04-26T12:19:02.907688,1
SPEEDLOTTO_500_STORE_03536,74560222,편의점,,미상,,,,speedlotto_500,10,first,1,200000000,2026-04-26T12:19:02.907688,2026-04-26T12:19:02.907688,1
SPEEDLOTTO_500_STORE_03537,74860491,편의점,,미상,,,,speedlotto_500,10,first,1,200000000,2026-04-26T12:19:02.907688,2026-04-26T12:19:02.907688,1
SPEEDLOTTO_500_STORE_03538,74164096,복권방,,미상,,,,speedlotto_500,10,first,1,200000000,2026-04-26T12:19:02.907688,2026-04-26T12:19:02.907688,1
SPEEDLOTTO_500_STORE_03539,73060537,원마트 편의점,,미상,,,,speedlotto_500,10,first,1,200000000,2026-04-26T12:19:02.907688,2026-04-26T12:19:02.907688,1
SPEEDLOTTO_500_STORE_03540,74660195,복권방,,미상,,,,speedlotto_500,10,first,1,200000000,2026-04-26T12:19:02.907688,2026-04-26T12:19:02.907688,1
SPEEDLOTTO_500_STORE_03541,74860751,미니스톱,,미상,,,,speedlotto_500,10,first,1,200000000,2026-04-26T12:19:02.907688,2026-04-26T12:19:02.907688,1
SPEEDLOTTO_500_STORE_03542,72660051,편의점,,미상,,,,speedlotto_500,10,first,1,200000000,2026-04-26T12:19:02.907688,2026-04-26T12:19:02.907688,1
SPEEDLOTTO_500_STORE_03543,71163551,슈퍼,,미상,,,,speedlotto_500,10,first,1,200000000,2026-04-26T12:19:02.907688,2026-04-26T12:19:02.907688,1
SPEEDLOTTO_500_STORE_03544,71161183,가판,,미상,,,,speedlotto_500,10,first,1,200000000,2026-04-26T12:19:02.907688,2026-04-26T12:19:02.907688,1
SPEEDLOTTO_500_STORE_03545,71164341,복권방,,미상,,,,speedlotto_500,10,first,1,200000000,2026-04-26T12:19:02.907688,2026-04-26T12:19:02.907688,1
SPEEDLOTTO_500_STORE_03546,73160111,우리들 편의점 서부점,,미상,,,,speedlotto_500,10,first,1,200000000,2026-04-26T12:19:02.907688,2026-04-26T12:19:02.907688,1
SPEEDLOTTO_500_STORE_03547,72960822,편의점,,미상,,,,speedlotto_500,10,first,1,200000000,2026-04-26T12:19:02.907688,2026-04-26T12:19:02.907688,1
SPEEDLOTTO_500_STORE_03548,74162947,편의점,,미상,,,,speedlotto_500,10,first,1,200000000,2026-04-26T12:19:02.907688,2026-04-26T12:19:02.907688,1
SPEEDLOTTO_500_STORE_03549,72660156,복권방,,미상,,,,speedlotto_500,10,first,1,200000000,2026-04-26T12:19:02.907688,2026-04-26T12:19:02.907688,1
SPEEDLOTTO_500_STORE_03550,74160347,토토마트 (구 편의점사랑),,미상,,,,speedlotto_500,9,first,1,200000000,2026-04-26T12:19:04.758347,2026-04-26T12:19:04.758347,1
SPEEDLOTTO_500_STORE_03551,74760625,CSPACE구미옥계점,,미상,,,,speedlotto_500,9,first,1,200000000,2026-04-26T12:19:04.758347,2026-04-26T12:19:04.758347,1
SPEEDLOTTO_500_STORE_03552,74163706,다우토토샵,,미상,,,,speedlotto_500,9,first,1,200000000,2026-04-26T12:19:04.758347,2026-04-26T12:19:04.758347,1
SPEEDLOTTO_500_STORE_03553,74261788,일등당첨,,미상,,,,speedlotto_500,9,first,1,200000000,2026-04-26T12:19:04.758347,2026-04-26T12:19:04.758347,1
SPEEDLOTTO_500_STORE_03554,72662656,황금복권방,,미상,,,,speedlotto_500,9,first,1,200000000,2026-04-26T12:19:04.758347,2026-04-26T12:19:04.758347,1
SPEEDLOTTO_500_STORE_03555,74660464,드림복권(2호광장),,미상,,,,speedlotto_500,9,first,1,200000000,2026-04-26T12:19:04.758347,2026-04-26T12:19:04.758347,1
SPEEDLOTTO_500_STORE_03556,73160721,또로또,,미상,,,,speedlotto_500,9,first,1,200000000,2026-04-26T12:19:04.758347,2026-04-26T12:19:04.758347,1
SPEEDLOTTO_500_STORE_03557,74166759,GS25이동센터점,,미상,,,,speedlotto_500,9,first,1,200000000,2026-04-26T12:19:04.758347,2026-04-26T12:19:04.758347,1
SPEEDLOTTO_500_STORE_03558,74162803,보물섬복권방,,미상,,,,speedlotto_500,9,first,1,200000000,2026-04-26T12:19:04.758347,2026-04-26T12:19:04.758347,1
SPEEDLOTTO_500_STORE_03559,71162035,천하명당복권방,,미상,,,,speedlotto_500,9,first,1,200000000,2026-04-26T12:19:04.758347,2026-04-26T12:19:04.758347,1
SPEEDLOTTO_500_STORE_03560,73061011,금화로또마트,,미상,,,,speedlotto_500,9,first,1,200000000,2026-04-26T12:19:04.758347,2026-04-26T12:19:04.758347,1
SPEEDLOTTO_500_STORE_03561,72960747,오천억복권방,,미상,,,,speedlotto_500,9,first,1,200000000,2026-04-26T12:19:04.758347,2026-04-26T12:19:04.758347,1
SPEEDLOTTO_500_STORE_03562,74163177,명당골복권방,,미상,,,,speedlotto_500,9,first,1,200000000,2026-04-26T12:19:04.758347,2026-04-26T12:19:04.758347,1
SPEEDLOTTO_500_STORE_03563,72661445,CU사상서부,,미상,,,,speedlotto_500,9,first,1,200000000,2026-04-26T12:19:04.758347,2026-04-26T12:19:04.758347,2
SPEEDLOTTO_500_STORE_03564,74661194,스타복권,,미상,,,,speedlotto_500,9,first,1,200000000,2026-04-26T12:19:04.758347,2026-04-26T12:19:04.758347,1
SPEEDLOTTO_500_STORE_03565,74761757,SE왜관희망점,,미상,,,,speedlotto_500,9,first,1,200000000,2026-04-26T12:19:04.758347,2026-04-26T12:19:04.758347,1
SPEEDLOTTO_500_STORE_03566,74661178,제철로또대리점,,미상,,,,speedlotto_500,9,first,1,200000000,2026-04-26T12:19:04.758347,2026-04-26T12:19:04.758347,1
SPEEDLOTTO_500_STORE_03567,74161285,차부상회,,미상,,,,speedlotto_500,9,first,1,200000000,2026-04-26T12:19:04.758347,2026-04-26T12:19:04.758347,1
SPEEDLOTTO_500_STORE_03568,74360035,복덩어리,,미상,,,,speedlotto_500,9,first,1,200000000,2026-04-26T12:19:04.758347,2026-04-26T12:19:04.758347,1
SPEEDLOTTO_500_STORE_03569,72960008,도울복권,,미상,,,,speedlotto_500,9,first,1,200000000,2026-04-26T12:19:04.758347,2026-04-26T12:19:04.758347,1
SPEEDLOTTO_500_STORE_03570,72860361,프리마트,,미상,,,,speedlotto_500,9,first,1,200000000,2026-04-26T12:19:04.758347,2026-04-26T12:19:04.758347,1
SPEEDLOTTO_500_STORE_03571,73160635,삼우슈퍼,,미상,,,,speedlotto_500,9,first,1,200000000,2026-04-26T12:19:04.758347,2026-04-26T12:19:04.758347,1
SPEEDLOTTO_500_STORE_03572,72860822,복권왕국,,미상,,,,speedlotto_500,9,first,1,200000000,2026-04-26T12:19:04.758347,2026-04-26T12:19:04.758347,1
SPEEDLOTTO_500_STORE_03573,73160368,이마트24삼산본동,,미상,,,,speedlotto_500,9,first,1,200000000,2026-04-26T12:19:04.758347,2026-04-26T12:19:04.758347,1
SPEEDLOTTO_500_STORE_03574,74160255,CU 포천가산점,,미상,,,,speedlotto_500,9,first,1,200000000,2026-04-26T12:19:04.758347,2026-04-26T12:19:04.758347,1
SPEEDLOTTO_500_STORE_03575,72960924,진곡산단로또,,미상,,,,speedlotto_500,9,first,1,200000000,2026-04-26T12:19:04.758347,2026-04-26T12:19:04.758347,1
SPEEDLOTTO_500_STORE_03576,74760798,빙그레마트,,미상,,,,speedlotto_500,9,first,1,200000000,2026-04-26T12:19:04.758347,2026-04-26T12:19:04.758347,1
SPEEDLOTTO_500_STORE_03577,74360026,굿모닝복권방,,미상,,,,speedlotto_500,9,first,1,200000000,2026-04-26T12:19:04.758347,2026-04-26T12:19:04.758347,1
SPEEDLOTTO_500_STORE_03578,74760164,옹천왕대박슈퍼,,미상,,,,speedlotto_500,9,first,1,200000000,2026-04-26T12:19:04.758347,2026-04-26T12:19:04.758347,1
SPEEDLOTTO_500_STORE_03579,72861215,노다지복권방(학익),,미상,,,,speedlotto_500,9,first,1,200000000,2026-04-26T12:19:04.758347,2026-04-26T12:19:04.758347,1
SPEEDLOTTO_500_STORE_03580,71163495,CU 송파한화2호점,,미상,,,,speedlotto_500,9,first,1,200000000,2026-04-26T12:19:04.758347,2026-04-26T12:19:04.758347,1
SPEEDLOTTO_500_STORE_03581,74160110,GS 양주신산점,,미상,,,,speedlotto_500,9,first,1,200000000,2026-04-26T12:19:04.758347,2026-04-26T12:19:04.758347,1
SPEEDLOTTO_500_STORE_03582,74761012,로또훼미리마트왜관점,,미상,,,,speedlotto_500,9,first,1,200000000,2026-04-26T12:19:04.758347,2026-04-26T12:19:04.758347,1
SPEEDLOTTO_500_STORE_03583,99999990,미확인 판매점 ,,미상,,,,speedlotto_500,9,first,1,200000000,2026-04-26T12:19:04.758347,2026-04-26T12:19:04.758347,1
SPEEDLOTTO_500_STORE_03584,74460619,GS25봉명희망점,,미상,,,,speedlotto_500,9,first,1,200000000,2026-04-26T12:19:04.758347,2026-04-26T12:19:04.758347,1
SPEEDLOTTO_500_STORE_03585,72960633,채널Q24시로또주월점,,미상,,,,speedlotto_500,9,first,1,200000000,2026-04-26T12:19:04.758347,2026-04-26T12:19:04.758347,1
SPEEDLOTTO_500_STORE_03586,74162879,CU 안산이동제일점,,미상,,,,speedlotto_500,9,first,1,200000000,2026-04-26T12:19:04.758347,2026-04-26T12:19:04.758347,1
SPEEDLOTTO_500_STORE_03587,74861498,채널큐,,미상,,,,speedlotto_500,9,first,1,400000000,2026-04-26T12:19:04.758347,2026-04-26T12:19:04.758347,1
SPEEDLOTTO_500_STORE_03588,74860026,미니스톱 평산점,,미상,,,,speedlotto_500,9,first,1,400000000,2026-04-26T12:19:04.758347,2026-04-26T12:19:04.758347,1
SPEEDLOTTO_500_STORE_03589,72760607,대백마트,,미상,,,,speedlotto_500,9,first,1,200000000,2026-04-26T12:19:04.758347,2026-04-26T12:19:04.758347,1
SPEEDLOTTO_500_STORE_03590,71161288,세븐일레븐,,미상,,,,speedlotto_500,9,first,1,200000000,2026-04-26T12:19:04.758347,2026-04-26T12:19:04.758347,1
SPEEDLOTTO_500_STORE_03591,74163134,CU 구운선경점,,미상,,,,speedlotto_500,9,first,1,200000000,2026-04-26T12:19:04.758347,2026-04-26T12:19:04.758347,1
SPEEDLOTTO_500_STORE_03592,74163861,ANY로또,,미상,,,,speedlotto_500,9,first,1,200000000,2026-04-26T12:19:04.758347,2026-04-26T12:19:04.758347,1
SPEEDLOTTO_500_STORE_03593,71163684,스포츠베팅샵,,미상,,,,speedlotto_500,9,first,1,200000000,2026-04-26T12:19:04.758347,2026-04-26T12:19:04.758347,1
SPEEDLOTTO_500_STORE_03594,74260737,복권뱅크,,미상,,,,speedlotto_500,9,first,1,200000000,2026-04-26T12:19:04.758347,2026-04-26T12:19:04.758347,1
SPEEDLOTTO_500_STORE_03595,74860113,창원25시슈퍼(24시로또복권),,미상,,,,speedlotto_500,9,first,1,200000000,2026-04-26T12:19:04.758347,2026-04-26T12:19:04.758347,1
SPEEDLOTTO_500_STORE_03596,71160248,복마니복권방,,미상,,,,speedlotto_500,9,first,1,200000000,2026-04-26T12:19:04.758347,2026-04-26T12:19:04.758347,1
SPEEDLOTTO_500_STORE_03597,74860442,운동장마트,,미상,,,,speedlotto_500,9,first,1,200000000,2026-04-26T12:19:04.758347,2026-04-26T12:19:04.758347,1
SPEEDLOTTO_500_STORE_03598,71160111,복권나라,,미상,,,,speedlotto_500,9,first,1,200000000,2026-04-26T12:19:04.758347,2026-04-26T12:19:04.758347,1
SPEEDLOTTO_500_STORE_03599,74660663,CU목포비파점,,미상,,,,speedlotto_500,9,first,1,200000000,2026-04-26T12:19:04.758347,2026-04-26T12:19:04.758347,1
SPEEDLOTTO_500_STORE_03600,73060444,씨스페이스유성신우점,,미상,,,,speedlotto_500,9,first,1,200000000,2026-04-26T12:19:04.758347,2026-04-26T12:19:04.758347,1
SPEEDLOTTO_500_STORE_03601,74162956,세븐일레븐 안산고잔금강점,,미상,,,,speedlotto_500,9,first,1,200000000,2026-04-26T12:19:04.758347,2026-04-26T12:19:04.758347,1
SPEEDLOTTO_500_STORE_03602,74960026,하나슈퍼,,미상,,,,speedlotto_500,9,first,1,200000000,2026-04-26T12:19:04.758347,2026-04-26T12:19:04.758347,1
SPEEDLOTTO_500_STORE_03603,71161818,CU,,미상,,,,speedlotto_500,9,first,1,200000000,2026-04-26T12:19:04.758347,2026-04-26T12:19:04.758347,1
SPEEDLOTTO_500_STORE_03604,74163317,명진슈퍼,,미상,,,,speedlotto_500,9,first,1,200000000,2026-04-26T12:19:04.758347,2026-04-26T12:19:04.758347,1
SPEEDLOTTO_500_STORE_03605,71164520,양천24,,미상,,,,speedlotto_500,9,first,1,200000000,2026-04-26T12:19:04.758347,2026-04-26T12:19:04.758347,1
SPEEDLOTTO_500_STORE_03606,74163911,복권방,,미상,,,,speedlotto_500,9,first,1,200000000,2026-04-26T12:19:04.758347,2026-04-26T12:19:04.758347,1
SPEEDLOTTO_500_STORE_03607,71160627,세븐일레븐,,미상,,,,speedlotto_500,9,first,1,200000000,2026-04-26T12:19:04.758347,2026-04-26T12:19:04.758347,1
SPEEDLOTTO_500_STORE_03608,74260514,편의점,,미상,,,,speedlotto_500,9,first,1,200000000,2026-04-26T12:19:04.758347,2026-04-26T12:19:04.758347,1
SPEEDLOTTO_500_STORE_03609,74860121,복권방,,미상,,,,speedlotto_500,9,first,1,200000000,2026-04-26T12:19:04.758347,2026-04-26T12:19:04.758347,1
SPEEDLOTTO_500_STORE_03610,72660480,복권천국 복권방,,미상,,,,speedlotto_500,9,first,1,200000000,2026-04-26T12:19:04.758347,2026-04-26T12:19:04.758347,1
SPEEDLOTTO_500_STORE_03611,74460132,편의점,,미상,,,,speedlotto_500,9,first,1,200000000,2026-04-26T12:19:04.758347,2026-04-26T12:19:04.758347,1
SPEEDLOTTO_500_STORE_03612,71162726,가판대,,미상,,,,speedlotto_500,9,first,1,200000000,2026-04-26T12:19:04.758347,2026-04-26T12:19:04.758347,1
SPEEDLOTTO_500_STORE_03613,71162617,편의점,,미상,,,,speedlotto_500,9,first,1,200000000,2026-04-26T12:19:04.758347,2026-04-26T12:19:04.758347,1
SPEEDLOTTO_500_STORE_03614,71161756,복권방,,미상,,,,speedlotto_500,9,first,1,200000000,2026-04-26T12:19:04.758347,2026-04-26T12:19:04.758347,1
SPEEDLOTTO_500_STORE_03615,73160068,우리들 편의점 서부점,,미상,,,,speedlotto_500,9,first,1,200000000,2026-04-26T12:19:04.758347,2026-04-26T12:19:04.758347,1
SPEEDLOTTO_500_STORE_03616,74860224,슈퍼마켓,,미상,,,,speedlotto_500,9,first,1,200000000,2026-04-26T12:19:04.758347,2026-04-26T12:19:04.758347,1
SPEEDLOTTO_500_STORE_03617,74162739,복권방,,미상,,,,speedlotto_500,9,first,1,200000000,2026-04-26T12:19:04.758347,2026-04-26T12:19:04.758347,1
SPEEDLOTTO_500_STORE_03618,74162534,편의점,,미상,,,,speedlotto_500,9,first,1,200000000,2026-04-26T12:19:04.758347,2026-04-26T12:19:04.758347,1
SPEEDLOTTO_500_STORE_03619,74260488,제일복권,,미상,,,,speedlotto_500,9,first,1,200000000,2026-04-26T12:19:04.758347,2026-04-26T12:19:04.758347,1
SPEEDLOTTO_500_STORE_03620,74260444,복권방,,미상,,,,speedlotto_500,9,first,1,200000000,2026-04-26T12:19:04.758347,2026-04-26T12:19:04.758347,1
SPEEDLOTTO_500_STORE_03621,72863021,수퍼마켓,,미상,,,,speedlotto_500,9,first,1,200000000,2026-04-26T12:19:04.758347,2026-04-26T12:19:04.758347,1
SPEEDLOTTO_500_STORE_03622,74160427,만물복권방,,미상,,,,speedlotto_500,9,first,1,200000000,2026-04-26T12:19:04.758347,2026-04-26T12:19:04.758347,1
SPEEDLOTTO_500_STORE_03623,74861125,편의점,,미상,,,,speedlotto_500,9,first,1,200000000,2026-04-26T12:19:04.758347,2026-04-26T12:19:04.758347,1
SPEEDLOTTO_500_STORE_03624,71160697,가판,,미상,,,,speedlotto_500,9,first,1,200000000,2026-04-26T12:19:04.758347,2026-04-26T12:19:04.758347,1
SPEEDLOTTO_500_STORE_03625,74861027,수퍼마켓,,미상,,,,speedlotto_500,9,first,1,200000000,2026-04-26T12:19:04.758347,2026-04-26T12:19:04.758347,1
SPEEDLOTTO_500_STORE_03626,74460594,수퍼마켓,,미상,,,,speedlotto_500,9,first,1,200000000,2026-04-26T12:19:04.758347,2026-04-26T12:19:04.758347,1
SPEEDLOTTO_500_STORE_03627,74560222,편의점,,미상,,,,speedlotto_500,9,first,1,200000000,2026-04-26T12:19:04.758347,2026-04-26T12:19:04.758347,1
SPEEDLOTTO_500_STORE_03628,74860491,편의점,,미상,,,,speedlotto_500,9,first,1,200000000,2026-04-26T12:19:04.758347,2026-04-26T12:19:04.758347,1
SPEEDLOTTO_500_STORE_03629,74164096,복권방,,미상,,,,speedlotto_500,9,first,1,200000000,2026-04-26T12:19:04.758347,2026-04-26T12:19:04.758347,1
SPEEDLOTTO_500_STORE_03630,73060537,원마트 편의점,,미상,,,,speedlotto_500,9,first,1,200000000,2026-04-26T12:19:04.758347,2026-04-26T12:19:04.758347,1
SPEEDLOTTO_500_STORE_03631,74660195,복권방,,미상,,,,speedlotto_500,9,first,1,200000000,2026-04-26T12:19:04.758347,2026-04-26T12:19:04.758347,1
SPEEDLOTTO_500_STORE_03632,74860751,미니스톱,,미상,,,,speedlotto_500,9,first,1,200000000,2026-04-26T12:19:04.758347,2026-04-26T12:19:04.758347,1
SPEEDLOTTO_500_STORE_03633,72660051,편의점,,미상,,,,speedlotto_500,9,first,1,200000000,2026-04-26T12:19:04.758347,2026-04-26T12:19:04.758347,1
SPEEDLOTTO_500_STORE_03634,71163551,슈퍼,,미상,,,,speedlotto_500,9,first,1,200000000,2026-04-26T12:19:04.758347,2026-04-26T12:19:04.758347,1
SPEEDLOTTO_500_STORE_03635,71161183,가판,,미상,,,,speedlotto_500,9,first,1,200000000,2026-04-26T12:19:04.758347,2026-04-26T12:19:04.758347,1
SPEEDLOTTO_500_STORE_03636,71164341,복권방,,미상,,,,speedlotto_500,9,first,1,200000000,2026-04-26T12:19:04.758347,2026-04-26T12:19:04.758347,1
SPEEDLOTTO_500_STORE_03637,73160111,우리들 편의점 서부점,,미상,,,,speedlotto_500,9,first,1,200000000,2026-04-26T12:19:04.758347,2026-04-26T12:19:04.758347,1
SPEEDLOTTO_500_STORE_03638,72960822,편의점,,미상,,,,speedlotto_500,9,first,1,200000000,2026-04-26T12:19:04.758347,2026-04-26T12:19:04.758347,1
SPEEDLOTTO_500_STORE_03639,74162947,편의점,,미상,,,,speedlotto_500,9,first,1,200000000,2026-04-26T12:19:04.758347,2026-04-26T12:19:04.758347,1
SPEEDLOTTO_500_STORE_03640,72660156,복권방,,미상,,,,speedlotto_500,9,first,1,200000000,2026-04-26T12:19:04.758347,2026-04-26T12:19:04.758347,1
SPEEDLOTTO_500_STORE_03641,74160347,토토마트 (구 편의점사랑),,미상,,,,speedlotto_500,8,first,1,200000000,2026-04-26T12:19:06.600650,2026-04-26T12:19:06.600650,1
SPEEDLOTTO_500_STORE_03642,74760625,CSPACE구미옥계점,,미상,,,,speedlotto_500,8,first,1,200000000,2026-04-26T12:19:06.600650,2026-04-26T12:19:06.600650,1
SPEEDLOTTO_500_STORE_03643,74163706,다우토토샵,,미상,,,,speedlotto_500,8,first,1,200000000,2026-04-26T12:19:06.601650,2026-04-26T12:19:06.601650,1
SPEEDLOTTO_500_STORE_03644,74261788,일등당첨,,미상,,,,speedlotto_500,8,first,1,200000000,2026-04-26T12:19:06.601650,2026-04-26T12:19:06.601650,1
SPEEDLOTTO_500_STORE_03645,72662656,황금복권방,,미상,,,,speedlotto_500,8,first,1,200000000,2026-04-26T12:19:06.601650,2026-04-26T12:19:06.601650,1
SPEEDLOTTO_500_STORE_03646,74660464,드림복권(2호광장),,미상,,,,speedlotto_500,8,first,1,200000000,2026-04-26T12:19:06.601650,2026-04-26T12:19:06.601650,1
SPEEDLOTTO_500_STORE_03647,73160721,또로또,,미상,,,,speedlotto_500,8,first,1,200000000,2026-04-26T12:19:06.601650,2026-04-26T12:19:06.601650,1
SPEEDLOTTO_500_STORE_03648,74166759,GS25이동센터점,,미상,,,,speedlotto_500,8,first,1,200000000,2026-04-26T12:19:06.601650,2026-04-26T12:19:06.601650,1
SPEEDLOTTO_500_STORE_03649,74162803,보물섬복권방,,미상,,,,speedlotto_500,8,first,1,200000000,2026-04-26T12:19:06.601650,2026-04-26T12:19:06.601650,1
SPEEDLOTTO_500_STORE_03650,71162035,천하명당복권방,,미상,,,,speedlotto_500,8,first,1,200000000,2026-04-26T12:19:06.601650,2026-04-26T12:19:06.601650,1
SPEEDLOTTO_500_STORE_03651,73061011,금화로또마트,,미상,,,,speedlotto_500,8,first,1,200000000,2026-04-26T12:19:06.601650,2026-04-26T12:19:06.601650,1
SPEEDLOTTO_500_STORE_03652,72960747,오천억복권방,,미상,,,,speedlotto_500,8,first,1,200000000,2026-04-26T12:19:06.601650,2026-04-26T12:19:06.601650,1
SPEEDLOTTO_500_STORE_03653,74163177,명당골복권방,,미상,,,,speedlotto_500,8,first,1,200000000,2026-04-26T12:19:06.601650,2026-04-26T12:19:06.601650,1
SPEEDLOTTO_500_STORE_03654,72661445,CU사상서부,,미상,,,,speedlotto_500,8,first,1,200000000,2026-04-26T12:19:06.601650,2026-04-26T12:19:06.601650,2
SPEEDLOTTO_500_STORE_03655,74661194,스타복권,,미상,,,,speedlotto_500,8,first,1,200000000,2026-04-26T12:19:06.601650,2026-04-26T12:19:06.601650,1
SPEEDLOTTO_500_STORE_03656,74761757,SE왜관희망점,,미상,,,,speedlotto_500,8,first,1,200000000,2026-04-26T12:19:06.601650,2026-04-26T12:19:06.601650,1
SPEEDLOTTO_500_STORE_03657,74661178,제철로또대리점,,미상,,,,speedlotto_500,8,first,1,200000000,2026-04-26T12:19:06.601650,2026-04-26T12:19:06.601650,1
SPEEDLOTTO_500_STORE_03658,74161285,차부상회,,미상,,,,speedlotto_500,8,first,1,200000000,2026-04-26T12:19:06.601650,2026-04-26T12:19:06.601650,1
SPEEDLOTTO_500_STORE_03659,74360035,복덩어리,,미상,,,,speedlotto_500,8,first,1,200000000,2026-04-26T12:19:06.601650,2026-04-26T12:19:06.601650,1
SPEEDLOTTO_500_STORE_03660,72960008,도울복권,,미상,,,,speedlotto_500,8,first,1,200000000,2026-04-26T12:19:06.601650,2026-04-26T12:19:06.601650,1
SPEEDLOTTO_500_STORE_03661,72860361,프리마트,,미상,,,,speedlotto_500,8,first,1,200000000,2026-04-26T12:19:06.601650,2026-04-26T12:19:06.601650,1
SPEEDLOTTO_500_STORE_03662,73160635,삼우슈퍼,,미상,,,,speedlotto_500,8,first,1,200000000,2026-04-26T12:19:06.601650,2026-04-26T12:19:06.601650,1
SPEEDLOTTO_500_STORE_03663,72860822,복권왕국,,미상,,,,speedlotto_500,8,first,1,200000000,2026-04-26T12:19:06.601650,2026-04-26T12:19:06.601650,1
SPEEDLOTTO_500_STORE_03664,73160368,이마트24삼산본동,,미상,,,,speedlotto_500,8,first,1,200000000,2026-04-26T12:19:06.601650,2026-04-26T12:19:06.601650,1
SPEEDLOTTO_500_STORE_03665,74160255,CU 포천가산점,,미상,,,,speedlotto_500,8,first,1,200000000,2026-04-26T12:19:06.601650,2026-04-26T12:19:06.601650,1
SPEEDLOTTO_500_STORE_03666,72960924,진곡산단로또,,미상,,,,speedlotto_500,8,first,1,200000000,2026-04-26T12:19:06.601650,2026-04-26T12:19:06.601650,1
SPEEDLOTTO_500_STORE_03667,74760798,빙그레마트,,미상,,,,speedlotto_500,8,first,1,200000000,2026-04-26T12:19:06.601650,2026-04-26T12:19:06.601650,1
SPEEDLOTTO_500_STORE_03668,74360026,굿모닝복권방,,미상,,,,speedlotto_500,8,first,1,200000000,2026-04-26T12:19:06.601650,2026-04-26T12:19:06.601650,1
SPEEDLOTTO_500_STORE_03669,74760164,옹천왕대박슈퍼,,미상,,,,speedlotto_500,8,first,1,200000000,2026-04-26T12:19:06.601650,2026-04-26T12:19:06.601650,1
SPEEDLOTTO_500_STORE_03670,72861215,노다지복권방(학익),,미상,,,,speedlotto_500,8,first,1,200000000,2026-04-26T12:19:06.601650,2026-04-26T12:19:06.601650,1
SPEEDLOTTO_500_STORE_03671,71163495,CU 송파한화2호점,,미상,,,,speedlotto_500,8,first,1,200000000,2026-04-26T12:19:06.601650,2026-04-26T12:19:06.601650,1
SPEEDLOTTO_500_STORE_03672,74160110,GS 양주신산점,,미상,,,,speedlotto_500,8,first,1,200000000,2026-04-26T12:19:06.601650,2026-04-26T12:19:06.601650,1
SPEEDLOTTO_500_STORE_03673,74761012,로또훼미리마트왜관점,,미상,,,,speedlotto_500,8,first,1,200000000,2026-04-26T12:19:06.601650,2026-04-26T12:19:06.601650,1
SPEEDLOTTO_500_STORE_03674,99999990,미확인 판매점 ,,미상,,,,speedlotto_500,8,first,1,200000000,2026-04-26T12:19:06.601650,2026-04-26T12:19:06.601650,1
SPEEDLOTTO_500_STORE_03675,74460619,GS25봉명희망점,,미상,,,,speedlotto_500,8,first,1,200000000,2026-04-26T12:19:06.601650,2026-04-26T12:19:06.601650,1
SPEEDLOTTO_500_STORE_03676,72960633,채널Q24시로또주월점,,미상,,,,speedlotto_500,8,first,1,200000000,2026-04-26T12:19:06.601650,2026-04-26T12:19:06.601650,1
SPEEDLOTTO_500_STORE_03677,74162879,CU 안산이동제일점,,미상,,,,speedlotto_500,8,first,1,200000000,2026-04-26T12:19:06.601650,2026-04-26T12:19:06.601650,1
SPEEDLOTTO_500_STORE_03678,74861498,채널큐,,미상,,,,speedlotto_500,8,first,1,400000000,2026-04-26T12:19:06.601650,2026-04-26T12:19:06.601650,1
SPEEDLOTTO_500_STORE_03679,74860026,미니스톱 평산점,,미상,,,,speedlotto_500,8,first,1,400000000,2026-04-26T12:19:06.601650,2026-04-26T12:19:06.601650,1
SPEEDLOTTO_500_STORE_03680,72760607,대백마트,,미상,,,,speedlotto_500,8,first,1,200000000,2026-04-26T12:19:06.601650,2026-04-26T12:19:06.601650,1
SPEEDLOTTO_500_STORE_03681,71161288,세븐일레븐,,미상,,,,speedlotto_500,8,first,1,200000000,2026-04-26T12:19:06.601650,2026-04-26T12:19:06.601650,1
SPEEDLOTTO_500_STORE_03682,74163134,CU 구운선경점,,미상,,,,speedlotto_500,8,first,1,200000000,2026-04-26T12:19:06.601650,2026-04-26T12:19:06.601650,1
SPEEDLOTTO_500_STORE_03683,74163861,ANY로또,,미상,,,,speedlotto_500,8,first,1,200000000,2026-04-26T12:19:06.601650,2026-04-26T12:19:06.601650,1
SPEEDLOTTO_500_STORE_03684,71163684,스포츠베팅샵,,미상,,,,speedlotto_500,8,first,1,200000000,2026-04-26T12:19:06.601650,2026-04-26T12:19:06.601650,1
SPEEDLOTTO_500_STORE_03685,74260737,복권뱅크,,미상,,,,speedlotto_500,8,first,1,200000000,2026-04-26T12:19:06.601650,2026-04-26T12:19:06.601650,1
SPEEDLOTTO_500_STORE_03686,74860113,창원25시슈퍼(24시로또복권),,미상,,,,speedlotto_500,8,first,1,200000000,2026-04-26T12:19:06.601650,2026-04-26T12:19:06.601650,1
SPEEDLOTTO_500_STORE_03687,71160248,복마니복권방,,미상,,,,speedlotto_500,8,first,1,200000000,2026-04-26T12:19:06.601650,2026-04-26T12:19:06.601650,1
SPEEDLOTTO_500_STORE_03688,74860442,운동장마트,,미상,,,,speedlotto_500,8,first,1,200000000,2026-04-26T12:19:06.601650,2026-04-26T12:19:06.601650,1
SPEEDLOTTO_500_STORE_03689,71160111,복권나라,,미상,,,,speedlotto_500,8,first,1,200000000,2026-04-26T12:19:06.601650,2026-04-26T12:19:06.601650,1
SPEEDLOTTO_500_STORE_03690,74660663,CU목포비파점,,미상,,,,speedlotto_500,8,first,1,200000000,2026-04-26T12:19:06.601650,2026-04-26T12:19:06.601650,1
SPEEDLOTTO_500_STORE_03691,73060444,씨스페이스유성신우점,,미상,,,,speedlotto_500,8,first,1,200000000,2026-04-26T12:19:06.601650,2026-04-26T12:19:06.601650,1
SPEEDLOTTO_500_STORE_03692,74162956,세븐일레븐 안산고잔금강점,,미상,,,,speedlotto_500,8,first,1,200000000,2026-04-26T12:19:06.601650,2026-04-26T12:19:06.601650,1
SPEEDLOTTO_500_STORE_03693,74960026,하나슈퍼,,미상,,,,speedlotto_500,8,first,1,200000000,2026-04-26T12:19:06.601650,2026-04-26T12:19:06.601650,1
SPEEDLOTTO_500_STORE_03694,71161818,CU,,미상,,,,speedlotto_500,8,first,1,200000000,2026-04-26T12:19:06.601650,2026-04-26T12:19:06.601650,1
SPEEDLOTTO_500_STORE_03695,74163317,명진슈퍼,,미상,,,,speedlotto_500,8,first,1,200000000,2026-04-26T12:19:06.601650,2026-04-26T12:19:06.601650,1
SPEEDLOTTO_500_STORE_03696,71164520,양천24,,미상,,,,speedlotto_500,8,first,1,200000000,2026-04-26T12:19:06.601650,2026-04-26T12:19:06.601650,1
SPEEDLOTTO_500_STORE_03697,74163911,복권방,,미상,,,,speedlotto_500,8,first,1,200000000,2026-04-26T12:19:06.601650,2026-04-26T12:19:06.601650,1
SPEEDLOTTO_500_STORE_03698,71160627,세븐일레븐,,미상,,,,speedlotto_500,8,first,1,200000000,2026-04-26T12:19:06.601650,2026-04-26T12:19:06.601650,1
SPEEDLOTTO_500_STORE_03699,74260514,편의점,,미상,,,,speedlotto_500,8,first,1,200000000,2026-04-26T12:19:06.601650,2026-04-26T12:19:06.601650,1
SPEEDLOTTO_500_STORE_03700,74860121,복권방,,미상,,,,speedlotto_500,8,first,1,200000000,2026-04-26T12:19:06.601650,2026-04-26T12:19:06.601650,1
SPEEDLOTTO_500_STORE_03701,72660480,복권천국 복권방,,미상,,,,speedlotto_500,8,first,1,200000000,2026-04-26T12:19:06.601650,2026-04-26T12:19:06.601650,1
SPEEDLOTTO_500_STORE_03702,74460132,편의점,,미상,,,,speedlotto_500,8,first,1,200000000,2026-04-26T12:19:06.601650,2026-04-26T12:19:06.601650,1
SPEEDLOTTO_500_STORE_03703,71162726,가판대,,미상,,,,speedlotto_500,8,first,1,200000000,2026-04-26T12:19:06.601650,2026-04-26T12:19:06.601650,1
SPEEDLOTTO_500_STORE_03704,71162617,편의점,,미상,,,,speedlotto_500,8,first,1,200000000,2026-04-26T12:19:06.601650,2026-04-26T12:19:06.601650,1
SPEEDLOTTO_500_STORE_03705,71161756,복권방,,미상,,,,speedlotto_500,8,first,1,200000000,2026-04-26T12:19:06.601650,2026-04-26T12:19:06.601650,1
SPEEDLOTTO_500_STORE_03706,73160068,우리들 편의점 서부점,,미상,,,,speedlotto_500,8,first,1,200000000,2026-04-26T12:19:06.601650,2026-04-26T12:19:06.601650,1
SPEEDLOTTO_500_STORE_03707,74860224,슈퍼마켓,,미상,,,,speedlotto_500,8,first,1,200000000,2026-04-26T12:19:06.601650,2026-04-26T12:19:06.601650,1
SPEEDLOTTO_500_STORE_03708,74162739,복권방,,미상,,,,speedlotto_500,8,first,1,200000000,2026-04-26T12:19:06.601650,2026-04-26T12:19:06.601650,1
SPEEDLOTTO_500_STORE_03709,74162534,편의점,,미상,,,,speedlotto_500,8,first,1,200000000,2026-04-26T12:19:06.601650,2026-04-26T12:19:06.601650,1
SPEEDLOTTO_500_STORE_03710,74260488,제일복권,,미상,,,,speedlotto_500,8,first,1,200000000,2026-04-26T12:19:06.601650,2026-04-26T12:19:06.601650,1
SPEEDLOTTO_500_STORE_03711,74260444,복권방,,미상,,,,speedlotto_500,8,first,1,200000000,2026-04-26T12:19:06.601650,2026-04-26T12:19:06.601650,1
SPEEDLOTTO_500_STORE_03712,72863021,수퍼마켓,,미상,,,,speedlotto_500,8,first,1,200000000,2026-04-26T12:19:06.601650,2026-04-26T12:19:06.601650,1
SPEEDLOTTO_500_STORE_03713,74160427,만물복권방,,미상,,,,speedlotto_500,8,first,1,200000000,2026-04-26T12:19:06.601650,2026-04-26T12:19:06.601650,1
SPEEDLOTTO_500_STORE_03714,74861125,편의점,,미상,,,,speedlotto_500,8,first,1,200000000,2026-04-26T12:19:06.601650,2026-04-26T12:19:06.601650,1
SPEEDLOTTO_500_STORE_03715,71160697,가판,,미상,,,,speedlotto_500,8,first,1,200000000,2026-04-26T12:19:06.601650,2026-04-26T12:19:06.601650,1
SPEEDLOTTO_500_STORE_03716,74861027,수퍼마켓,,미상,,,,speedlotto_500,8,first,1,200000000,2026-04-26T12:19:06.601650,2026-04-26T12:19:06.601650,1
SPEEDLOTTO_500_STORE_03717,74460594,수퍼마켓,,미상,,,,speedlotto_500,8,first,1,200000000,2026-04-26T12:19:06.601650,2026-04-26T12:19:06.601650,1
SPEEDLOTTO_500_STORE_03718,74560222,편의점,,미상,,,,speedlotto_500,8,first,1,200000000,2026-04-26T12:19:06.601650,2026-04-26T12:19:06.601650,1
SPEEDLOTTO_500_STORE_03719,74860491,편의점,,미상,,,,speedlotto_500,8,first,1,200000000,2026-04-26T12:19:06.601650,2026-04-26T12:19:06.601650,1
SPEEDLOTTO_500_STORE_03720,74164096,복권방,,미상,,,,speedlotto_500,8,first,1,200000000,2026-04-26T12:19:06.601650,2026-04-26T12:19:06.601650,1
SPEEDLOTTO_500_STORE_03721,73060537,원마트 편의점,,미상,,,,speedlotto_500,8,first,1,200000000,2026-04-26T12:19:06.601650,2026-04-26T12:19:06.601650,1
SPEEDLOTTO_500_STORE_03722,74660195,복권방,,미상,,,,speedlotto_500,8,first,1,200000000,2026-04-26T12:19:06.601650,2026-04-26T12:19:06.601650,1
SPEEDLOTTO_500_STORE_03723,74860751,미니스톱,,미상,,,,speedlotto_500,8,first,1,200000000,2026-04-26T12:19:06.601650,2026-04-26T12:19:06.601650,1
SPEEDLOTTO_500_STORE_03724,72660051,편의점,,미상,,,,speedlotto_500,8,first,1,200000000,2026-04-26T12:19:06.601650,2026-04-26T12:19:06.601650,1
SPEEDLOTTO_500_STORE_03725,71163551,슈퍼,,미상,,,,speedlotto_500,8,first,1,200000000,2026-04-26T12:19:06.601650,2026-04-26T12:19:06.601650,1
SPEEDLOTTO_500_STORE_03726,71161183,가판,,미상,,,,speedlotto_500,8,first,1,200000000,2026-04-26T12:19:06.601650,2026-04-26T12:19:06.601650,1
SPEEDLOTTO_500_STORE_03727,71164341,복권방,,미상,,,,speedlotto_500,8,first,1,200000000,2026-04-26T12:19:06.601650,2026-04-26T12:19:06.601650,1
SPEEDLOTTO_500_STORE_03728,73160111,우리들 편의점 서부점,,미상,,,,speedlotto_500,8,first,1,200000000,2026-04-26T12:19:06.601650,2026-04-26T12:19:06.601650,1
SPEEDLOTTO_500_STORE_03729,72960822,편의점,,미상,,,,speedlotto_500,8,first,1,200000000,2026-04-26T12:19:06.601650,2026-04-26T12:19:06.601650,1
SPEEDLOTTO_500_STORE_03730,74162947,편의점,,미상,,,,speedlotto_500,8,first,1,200000000,2026-04-26T12:19:06.601650,2026-04-26T12:19:06.601650,1
SPEEDLOTTO_500_STORE_03731,72660156,복권방,,미상,,,,speedlotto_500,8,first,1,200000000,2026-04-26T12:19:06.601650,2026-04-26T12:19:06.601650,1
SPEEDLOTTO_500_STORE_03732,74160347,토토마트 (구 편의점사랑),,미상,,,,speedlotto_500,7,first,1,200000000,2026-04-26T12:19:08.461390,2026-04-26T12:19:08.461390,1
SPEEDLOTTO_500_STORE_03733,74760625,CSPACE구미옥계점,,미상,,,,speedlotto_500,7,first,1,200000000,2026-04-26T12:19:08.461390,2026-04-26T12:19:08.461390,1
SPEEDLOTTO_500_STORE_03734,74163706,다우토토샵,,미상,,,,speedlotto_500,7,first,1,200000000,2026-04-26T12:19:08.461390,2026-04-26T12:19:08.461390,1
SPEEDLOTTO_500_STORE_03735,74261788,일등당첨,,미상,,,,speedlotto_500,7,first,1,200000000,2026-04-26T12:19:08.461390,2026-04-26T12:19:08.461390,1
SPEEDLOTTO_500_STORE_03736,72662656,황금복권방,,미상,,,,speedlotto_500,7,first,1,200000000,2026-04-26T12:19:08.461390,2026-04-26T12:19:08.461390,1
SPEEDLOTTO_500_STORE_03737,74660464,드림복권(2호광장),,미상,,,,speedlotto_500,7,first,1,200000000,2026-04-26T12:19:08.461390,2026-04-26T12:19:08.461390,1
SPEEDLOTTO_500_STORE_03738,73160721,또로또,,미상,,,,speedlotto_500,7,first,1,200000000,2026-04-26T12:19:08.461390,2026-04-26T12:19:08.461390,1
SPEEDLOTTO_500_STORE_03739,74166759,GS25이동센터점,,미상,,,,speedlotto_500,7,first,1,200000000,2026-04-26T12:19:08.461390,2026-04-26T12:19:08.461390,1
SPEEDLOTTO_500_STORE_03740,74162803,보물섬복권방,,미상,,,,speedlotto_500,7,first,1,200000000,2026-04-26T12:19:08.461390,2026-04-26T12:19:08.461390,1
SPEEDLOTTO_500_STORE_03741,71162035,천하명당복권방,,미상,,,,speedlotto_500,7,first,1,200000000,2026-04-26T12:19:08.461390,2026-04-26T12:19:08.461390,1
SPEEDLOTTO_500_STORE_03742,73061011,금화로또마트,,미상,,,,speedlotto_500,7,first,1,200000000,2026-04-26T12:19:08.461390,2026-04-26T12:19:08.461390,1
SPEEDLOTTO_500_STORE_03743,72960747,오천억복권방,,미상,,,,speedlotto_500,7,first,1,200000000,2026-04-26T12:19:08.461390,2026-04-26T12:19:08.461390,1
SPEEDLOTTO_500_STORE_03744,74163177,명당골복권방,,미상,,,,speedlotto_500,7,first,1,200000000,2026-04-26T12:19:08.461390,2026-04-26T12:19:08.461390,1
SPEEDLOTTO_500_STORE_03745,72661445,CU사상서부,,미상,,,,speedlotto_500,7,first,1,200000000,2026-04-26T12:19:08.461390,2026-04-26T12:19:08.461390,2
SPEEDLOTTO_500_STORE_03746,74661194,스타복권,,미상,,,,speedlotto_500,7,first,1,200000000,2026-04-26T12:19:08.461390,2026-04-26T12:19:08.461390,1
SPEEDLOTTO_500_STORE_03747,74761757,SE왜관희망점,,미상,,,,speedlotto_500,7,first,1,200000000,2026-04-26T12:19:08.461390,2026-04-26T12:19:08.461390,1
SPEEDLOTTO_500_STORE_03748,74661178,제철로또대리점,,미상,,,,speedlotto_500,7,first,1,200000000,2026-04-26T12:19:08.461390,2026-04-26T12:19:08.461390,1
SPEEDLOTTO_500_STORE_03749,74161285,차부상회,,미상,,,,speedlotto_500,7,first,1,200000000,2026-04-26T12:19:08.461390,2026-04-26T12:19:08.461390,1
SPEEDLOTTO_500_STORE_03750,74360035,복덩어리,,미상,,,,speedlotto_500,7,first,1,200000000,2026-04-26T12:19:08.461390,2026-04-26T12:19:08.461390,1
SPEEDLOTTO_500_STORE_03751,72960008,도울복권,,미상,,,,speedlotto_500,7,first,1,200000000,2026-04-26T12:19:08.461390,2026-04-26T12:19:08.461390,1
SPEEDLOTTO_500_STORE_03752,72860361,프리마트,,미상,,,,speedlotto_500,7,first,1,200000000,2026-04-26T12:19:08.461390,2026-04-26T12:19:08.461390,1
SPEEDLOTTO_500_STORE_03753,73160635,삼우슈퍼,,미상,,,,speedlotto_500,7,first,1,200000000,2026-04-26T12:19:08.461390,2026-04-26T12:19:08.461390,1
SPEEDLOTTO_500_STORE_03754,72860822,복권왕국,,미상,,,,speedlotto_500,7,first,1,200000000,2026-04-26T12:19:08.461390,2026-04-26T12:19:08.461390,1
SPEEDLOTTO_500_STORE_03755,73160368,이마트24삼산본동,,미상,,,,speedlotto_500,7,first,1,200000000,2026-04-26T12:19:08.461390,2026-04-26T12:19:08.461390,1
SPEEDLOTTO_500_STORE_03756,74160255,CU 포천가산점,,미상,,,,speedlotto_500,7,first,1,200000000,2026-04-26T12:19:08.461390,2026-04-26T12:19:08.461390,1
SPEEDLOTTO_500_STORE_03757,72960924,진곡산단로또,,미상,,,,speedlotto_500,7,first,1,200000000,2026-04-26T12:19:08.461390,2026-04-26T12:19:08.461390,1
SPEEDLOTTO_500_STORE_03758,74760798,빙그레마트,,미상,,,,speedlotto_500,7,first,1,200000000,2026-04-26T12:19:08.461390,2026-04-26T12:19:08.461390,1
SPEEDLOTTO_500_STORE_03759,74360026,굿모닝복권방,,미상,,,,speedlotto_500,7,first,1,200000000,2026-04-26T12:19:08.461390,2026-04-26T12:19:08.461390,1
SPEEDLOTTO_500_STORE_03760,74760164,옹천왕대박슈퍼,,미상,,,,speedlotto_500,7,first,1,200000000,2026-04-26T12:19:08.461390,2026-04-26T12:19:08.461390,1
SPEEDLOTTO_500_STORE_03761,72861215,노다지복권방(학익),,미상,,,,speedlotto_500,7,first,1,200000000,2026-04-26T12:19:08.461390,2026-04-26T12:19:08.461390,1
SPEEDLOTTO_500_STORE_03762,71163495,CU 송파한화2호점,,미상,,,,speedlotto_500,7,first,1,200000000,2026-04-26T12:19:08.461390,2026-04-26T12:19:08.461390,1
SPEEDLOTTO_500_STORE_03763,74160110,GS 양주신산점,,미상,,,,speedlotto_500,7,first,1,200000000,2026-04-26T12:19:08.461390,2026-04-26T12:19:08.461390,1
SPEEDLOTTO_500_STORE_03764,74761012,로또훼미리마트왜관점,,미상,,,,speedlotto_500,7,first,1,200000000,2026-04-26T12:19:08.461390,2026-04-26T12:19:08.461390,1
SPEEDLOTTO_500_STORE_03765,99999990,미확인 판매점 ,,미상,,,,speedlotto_500,7,first,1,200000000,2026-04-26T12:19:08.461390,2026-04-26T12:19:08.461390,1
SPEEDLOTTO_500_STORE_03766,74460619,GS25봉명희망점,,미상,,,,speedlotto_500,7,first,1,200000000,2026-04-26T12:19:08.461390,2026-04-26T12:19:08.461390,1
SPEEDLOTTO_500_STORE_03767,72960633,채널Q24시로또주월점,,미상,,,,speedlotto_500,7,first,1,200000000,2026-04-26T12:19:08.461390,2026-04-26T12:19:08.461390,1
SPEEDLOTTO_500_STORE_03768,74162879,CU 안산이동제일점,,미상,,,,speedlotto_500,7,first,1,200000000,2026-04-26T12:19:08.461390,2026-04-26T12:19:08.461390,1
SPEEDLOTTO_500_STORE_03769,74861498,채널큐,,미상,,,,speedlotto_500,7,first,1,400000000,2026-04-26T12:19:08.461390,2026-04-26T12:19:08.461390,1
SPEEDLOTTO_500_STORE_03770,74860026,미니스톱 평산점,,미상,,,,speedlotto_500,7,first,1,400000000,2026-04-26T12:19:08.461390,2026-04-26T12:19:08.461390,1
SPEEDLOTTO_500_STORE_03771,72760607,대백마트,,미상,,,,speedlotto_500,7,first,1,200000000,2026-04-26T12:19:08.461390,2026-04-26T12:19:08.461390,1
SPEEDLOTTO_500_STORE_03772,71161288,세븐일레븐,,미상,,,,speedlotto_500,7,first,1,200000000,2026-04-26T12:19:08.461390,2026-04-26T12:19:08.461390,1
SPEEDLOTTO_500_STORE_03773,74163134,CU 구운선경점,,미상,,,,speedlotto_500,7,first,1,200000000,2026-04-26T12:19:08.461390,2026-04-26T12:19:08.461390,1
SPEEDLOTTO_500_STORE_03774,74163861,ANY로또,,미상,,,,speedlotto_500,7,first,1,200000000,2026-04-26T12:19:08.461390,2026-04-26T12:19:08.461390,1
SPEEDLOTTO_500_STORE_03775,71163684,스포츠베팅샵,,미상,,,,speedlotto_500,7,first,1,200000000,2026-04-26T12:19:08.461390,2026-04-26T12:19:08.461390,1
SPEEDLOTTO_500_STORE_03776,74260737,복권뱅크,,미상,,,,speedlotto_500,7,first,1,200000000,2026-04-26T12:19:08.461390,2026-04-26T12:19:08.461390,1
SPEEDLOTTO_500_STORE_03777,74860113,창원25시슈퍼(24시로또복권),,미상,,,,speedlotto_500,7,first,1,200000000,2026-04-26T12:19:08.461390,2026-04-26T12:19:08.461390,1
SPEEDLOTTO_500_STORE_03778,71160248,복마니복권방,,미상,,,,speedlotto_500,7,first,1,200000000,2026-04-26T12:19:08.461390,2026-04-26T12:19:08.461390,1
SPEEDLOTTO_500_STORE_03779,74860442,운동장마트,,미상,,,,speedlotto_500,7,first,1,200000000,2026-04-26T12:19:08.461390,2026-04-26T12:19:08.461390,1
SPEEDLOTTO_500_STORE_03780,71160111,복권나라,,미상,,,,speedlotto_500,7,first,1,200000000,2026-04-26T12:19:08.461390,2026-04-26T12:19:08.461390,1
SPEEDLOTTO_500_STORE_03781,74660663,CU목포비파점,,미상,,,,speedlotto_500,7,first,1,200000000,2026-04-26T12:19:08.461390,2026-04-26T12:19:08.461390,1
SPEEDLOTTO_500_STORE_03782,73060444,씨스페이스유성신우점,,미상,,,,speedlotto_500,7,first,1,200000000,2026-04-26T12:19:08.461390,2026-04-26T12:19:08.461390,1
SPEEDLOTTO_500_STORE_03783,74162956,세븐일레븐 안산고잔금강점,,미상,,,,speedlotto_500,7,first,1,200000000,2026-04-26T12:19:08.461390,2026-04-26T12:19:08.461390,1
SPEEDLOTTO_500_STORE_03784,74960026,하나슈퍼,,미상,,,,speedlotto_500,7,first,1,200000000,2026-04-26T12:19:08.461390,2026-04-26T12:19:08.461390,1
SPEEDLOTTO_500_STORE_03785,71161818,CU,,미상,,,,speedlotto_500,7,first,1,200000000,2026-04-26T12:19:08.461390,2026-04-26T12:19:08.461390,1
SPEEDLOTTO_500_STORE_03786,74163317,명진슈퍼,,미상,,,,speedlotto_500,7,first,1,200000000,2026-04-26T12:19:08.461390,2026-04-26T12:19:08.461390,1
SPEEDLOTTO_500_STORE_03787,71164520,양천24,,미상,,,,speedlotto_500,7,first,1,200000000,2026-04-26T12:19:08.461390,2026-04-26T12:19:08.461390,1
SPEEDLOTTO_500_STORE_03788,74163911,복권방,,미상,,,,speedlotto_500,7,first,1,200000000,2026-04-26T12:19:08.461390,2026-04-26T12:19:08.461390,1
SPEEDLOTTO_500_STORE_03789,71160627,세븐일레븐,,미상,,,,speedlotto_500,7,first,1,200000000,2026-04-26T12:19:08.461390,2026-04-26T12:19:08.461390,1
SPEEDLOTTO_500_STORE_03790,74260514,편의점,,미상,,,,speedlotto_500,7,first,1,200000000,2026-04-26T12:19:08.461390,2026-04-26T12:19:08.461390,1
SPEEDLOTTO_500_STORE_03791,74860121,복권방,,미상,,,,speedlotto_500,7,first,1,200000000,2026-04-26T12:19:08.461390,2026-04-26T12:19:08.461390,1
SPEEDLOTTO_500_STORE_03792,72660480,복권천국 복권방,,미상,,,,speedlotto_500,7,first,1,200000000,2026-04-26T12:19:08.461390,2026-04-26T12:19:08.461390,1
SPEEDLOTTO_500_STORE_03793,74460132,편의점,,미상,,,,speedlotto_500,7,first,1,200000000,2026-04-26T12:19:08.461390,2026-04-26T12:19:08.461390,1
SPEEDLOTTO_500_STORE_03794,71162726,가판대,,미상,,,,speedlotto_500,7,first,1,200000000,2026-04-26T12:19:08.461390,2026-04-26T12:19:08.461390,1
SPEEDLOTTO_500_STORE_03795,71162617,편의점,,미상,,,,speedlotto_500,7,first,1,200000000,2026-04-26T12:19:08.461390,2026-04-26T12:19:08.461390,1
SPEEDLOTTO_500_STORE_03796,71161756,복권방,,미상,,,,speedlotto_500,7,first,1,200000000,2026-04-26T12:19:08.461390,2026-04-26T12:19:08.461390,1
SPEEDLOTTO_500_STORE_03797,73160068,우리들 편의점 서부점,,미상,,,,speedlotto_500,7,first,1,200000000,2026-04-26T12:19:08.461390,2026-04-26T12:19:08.461390,1
SPEEDLOTTO_500_STORE_03798,74860224,슈퍼마켓,,미상,,,,speedlotto_500,7,first,1,200000000,2026-04-26T12:19:08.461390,2026-04-26T12:19:08.461390,1
SPEEDLOTTO_500_STORE_03799,74162739,복권방,,미상,,,,speedlotto_500,7,first,1,200000000,2026-04-26T12:19:08.461390,2026-04-26T12:19:08.461390,1
SPEEDLOTTO_500_STORE_03800,74162534,편의점,,미상,,,,speedlotto_500,7,first,1,200000000,2026-04-26T12:19:08.461390,2026-04-26T12:19:08.461390,1
SPEEDLOTTO_500_STORE_03801,74260488,제일복권,,미상,,,,speedlotto_500,7,first,1,200000000,2026-04-26T12:19:08.461390,2026-04-26T12:19:08.461390,1
SPEEDLOTTO_500_STORE_03802,74260444,복권방,,미상,,,,speedlotto_500,7,first,1,200000000,2026-04-26T12:19:08.461390,2026-04-26T12:19:08.461390,1
SPEEDLOTTO_500_STORE_03803,72863021,수퍼마켓,,미상,,,,speedlotto_500,7,first,1,200000000,2026-04-26T12:19:08.461390,2026-04-26T12:19:08.461390,1
SPEEDLOTTO_500_STORE_03804,74160427,만물복권방,,미상,,,,speedlotto_500,7,first,1,200000000,2026-04-26T12:19:08.461390,2026-04-26T12:19:08.461390,1
SPEEDLOTTO_500_STORE_03805,74861125,편의점,,미상,,,,speedlotto_500,7,first,1,200000000,2026-04-26T12:19:08.461390,2026-04-26T12:19:08.461390,1
SPEEDLOTTO_500_STORE_03806,71160697,가판,,미상,,,,speedlotto_500,7,first,1,200000000,2026-04-26T12:19:08.461390,2026-04-26T12:19:08.461390,1
SPEEDLOTTO_500_STORE_03807,74861027,수퍼마켓,,미상,,,,speedlotto_500,7,first,1,200000000,2026-04-26T12:19:08.461390,2026-04-26T12:19:08.461390,1
SPEEDLOTTO_500_STORE_03808,74460594,수퍼마켓,,미상,,,,speedlotto_500,7,first,1,200000000,2026-04-26T12:19:08.461390,2026-04-26T12:19:08.461390,1
SPEEDLOTTO_500_STORE_03809,74560222,편의점,,미상,,,,speedlotto_500,7,first,1,200000000,2026-04-26T12:19:08.461390,2026-04-26T12:19:08.461390,1
SPEEDLOTTO_500_STORE_03810,74860491,편의점,,미상,,,,speedlotto_500,7,first,1,200000000,2026-04-26T12:19:08.461390,2026-04-26T12:19:08.461390,1
SPEEDLOTTO_500_STORE_03811,74164096,복권방,,미상,,,,speedlotto_500,7,first,1,200000000,2026-04-26T12:19:08.461390,2026-04-26T12:19:08.461390,1
SPEEDLOTTO_500_STORE_03812,73060537,원마트 편의점,,미상,,,,speedlotto_500,7,first,1,200000000,2026-04-26T12:19:08.461390,2026-04-26T12:19:08.461390,1
SPEEDLOTTO_500_STORE_03813,74660195,복권방,,미상,,,,speedlotto_500,7,first,1,200000000,2026-04-26T12:19:08.461390,2026-04-26T12:19:08.461390,1
SPEEDLOTTO_500_STORE_03814,74860751,미니스톱,,미상,,,,speedlotto_500,7,first,1,200000000,2026-04-26T12:19:08.461390,2026-04-26T12:19:08.461390,1
SPEEDLOTTO_500_STORE_03815,72660051,편의점,,미상,,,,speedlotto_500,7,first,1,200000000,2026-04-26T12:19:08.461390,2026-04-26T12:19:08.461390,1
SPEEDLOTTO_500_STORE_03816,71163551,슈퍼,,미상,,,,speedlotto_500,7,first,1,200000000,2026-04-26T12:19:08.461390,2026-04-26T12:19:08.461390,1
SPEEDLOTTO_500_STORE_03817,71161183,가판,,미상,,,,speedlotto_500,7,first,1,200000000,2026-04-26T12:19:08.461390,2026-04-26T12:19:08.461390,1
SPEEDLOTTO_500_STORE_03818,71164341,복권방,,미상,,,,speedlotto_500,7,first,1,200000000,2026-04-26T12:19:08.461390,2026-04-26T12:19:08.461390,1
SPEEDLOTTO_500_STORE_03819,73160111,우리들 편의점 서부점,,미상,,,,speedlotto_500,7,first,1,200000000,2026-04-26T12:19:08.461390,2026-04-26T12:19:08.461390,1
SPEEDLOTTO_500_STORE_03820,72960822,편의점,,미상,,,,speedlotto_500,7,first,1,200000000,2026-04-26T12:19:08.461390,2026-04-26T12:19:08.461390,1
SPEEDLOTTO_500_STORE_03821,74162947,편의점,,미상,,,,speedlotto_500,7,first,1,200000000,2026-04-26T12:19:08.461390,2026-04-26T12:19:08.461390,1
SPEEDLOTTO_500_STORE_03822,72660156,복권방,,미상,,,,speedlotto_500,7,first,1,200000000,2026-04-26T12:19:08.461390,2026-04-26T12:19:08.461390,1
SPEEDLOTTO_500_STORE_03823,74160347,토토마트 (구 편의점사랑),,미상,,,,speedlotto_500,6,first,1,200000000,2026-04-26T12:19:10.321769,2026-04-26T12:19:10.321769,1
SPEEDLOTTO_500_STORE_03824,74760625,CSPACE구미옥계점,,미상,,,,speedlotto_500,6,first,1,200000000,2026-04-26T12:19:10.321769,2026-04-26T12:19:10.321769,1
SPEEDLOTTO_500_STORE_03825,74163706,다우토토샵,,미상,,,,speedlotto_500,6,first,1,200000000,2026-04-26T12:19:10.321769,2026-04-26T12:19:10.321769,1
SPEEDLOTTO_500_STORE_03826,74261788,일등당첨,,미상,,,,speedlotto_500,6,first,1,200000000,2026-04-26T12:19:10.321769,2026-04-26T12:19:10.321769,1
SPEEDLOTTO_500_STORE_03827,72662656,황금복권방,,미상,,,,speedlotto_500,6,first,1,200000000,2026-04-26T12:19:10.321769,2026-04-26T12:19:10.321769,1
SPEEDLOTTO_500_STORE_03828,74660464,드림복권(2호광장),,미상,,,,speedlotto_500,6,first,1,200000000,2026-04-26T12:19:10.321769,2026-04-26T12:19:10.321769,1
SPEEDLOTTO_500_STORE_03829,73160721,또로또,,미상,,,,speedlotto_500,6,first,1,200000000,2026-04-26T12:19:10.321769,2026-04-26T12:19:10.321769,1
SPEEDLOTTO_500_STORE_03830,74166759,GS25이동센터점,,미상,,,,speedlotto_500,6,first,1,200000000,2026-04-26T12:19:10.321769,2026-04-26T12:19:10.321769,1
SPEEDLOTTO_500_STORE_03831,74162803,보물섬복권방,,미상,,,,speedlotto_500,6,first,1,200000000,2026-04-26T12:19:10.321769,2026-04-26T12:19:10.321769,1
SPEEDLOTTO_500_STORE_03832,71162035,천하명당복권방,,미상,,,,speedlotto_500,6,first,1,200000000,2026-04-26T12:19:10.321769,2026-04-26T12:19:10.321769,1
SPEEDLOTTO_500_STORE_03833,73061011,금화로또마트,,미상,,,,speedlotto_500,6,first,1,200000000,2026-04-26T12:19:10.321769,2026-04-26T12:19:10.321769,1
SPEEDLOTTO_500_STORE_03834,72960747,오천억복권방,,미상,,,,speedlotto_500,6,first,1,200000000,2026-04-26T12:19:10.321769,2026-04-26T12:19:10.321769,1
SPEEDLOTTO_500_STORE_03835,74163177,명당골복권방,,미상,,,,speedlotto_500,6,first,1,200000000,2026-04-26T12:19:10.321769,2026-04-26T12:19:10.321769,1
SPEEDLOTTO_500_STORE_03836,72661445,CU사상서부,,미상,,,,speedlotto_500,6,first,1,200000000,2026-04-26T12:19:10.321769,2026-04-26T12:19:10.321769,2
SPEEDLOTTO_500_STORE_03837,74661194,스타복권,,미상,,,,speedlotto_500,6,first,1,200000000,2026-04-26T12:19:10.321769,2026-04-26T12:19:10.321769,1
SPEEDLOTTO_500_STORE_03838,74761757,SE왜관희망점,,미상,,,,speedlotto_500,6,first,1,200000000,2026-04-26T12:19:10.321769,2026-04-26T12:19:10.321769,1
SPEEDLOTTO_500_STORE_03839,74661178,제철로또대리점,,미상,,,,speedlotto_500,6,first,1,200000000,2026-04-26T12:19:10.321769,2026-04-26T12:19:10.321769,1
SPEEDLOTTO_500_STORE_03840,74161285,차부상회,,미상,,,,speedlotto_500,6,first,1,200000000,2026-04-26T12:19:10.321769,2026-04-26T12:19:10.321769,1
SPEEDLOTTO_500_STORE_03841,74360035,복덩어리,,미상,,,,speedlotto_500,6,first,1,200000000,2026-04-26T12:19:10.321769,2026-04-26T12:19:10.321769,1
SPEEDLOTTO_500_STORE_03842,72960008,도울복권,,미상,,,,speedlotto_500,6,first,1,200000000,2026-04-26T12:19:10.321769,2026-04-26T12:19:10.321769,1
SPEEDLOTTO_500_STORE_03843,72860361,프리마트,,미상,,,,speedlotto_500,6,first,1,200000000,2026-04-26T12:19:10.321769,2026-04-26T12:19:10.321769,1
SPEEDLOTTO_500_STORE_03844,73160635,삼우슈퍼,,미상,,,,speedlotto_500,6,first,1,200000000,2026-04-26T12:19:10.321769,2026-04-26T12:19:10.321769,1
SPEEDLOTTO_500_STORE_03845,72860822,복권왕국,,미상,,,,speedlotto_500,6,first,1,200000000,2026-04-26T12:19:10.321769,2026-04-26T12:19:10.321769,1
SPEEDLOTTO_500_STORE_03846,73160368,이마트24삼산본동,,미상,,,,speedlotto_500,6,first,1,200000000,2026-04-26T12:19:10.321769,2026-04-26T12:19:10.321769,1
SPEEDLOTTO_500_STORE_03847,74160255,CU 포천가산점,,미상,,,,speedlotto_500,6,first,1,200000000,2026-04-26T12:19:10.321769,2026-04-26T12:19:10.321769,1
SPEEDLOTTO_500_STORE_03848,72960924,진곡산단로또,,미상,,,,speedlotto_500,6,first,1,200000000,2026-04-26T12:19:10.321769,2026-04-26T12:19:10.321769,1
SPEEDLOTTO_500_STORE_03849,74760798,빙그레마트,,미상,,,,speedlotto_500,6,first,1,200000000,2026-04-26T12:19:10.321769,2026-04-26T12:19:10.321769,1
SPEEDLOTTO_500_STORE_03850,74360026,굿모닝복권방,,미상,,,,speedlotto_500,6,first,1,200000000,2026-04-26T12:19:10.321769,2026-04-26T12:19:10.321769,1
SPEEDLOTTO_500_STORE_03851,74760164,옹천왕대박슈퍼,,미상,,,,speedlotto_500,6,first,1,200000000,2026-04-26T12:19:10.321769,2026-04-26T12:19:10.321769,1
SPEEDLOTTO_500_STORE_03852,72861215,노다지복권방(학익),,미상,,,,speedlotto_500,6,first,1,200000000,2026-04-26T12:19:10.321769,2026-04-26T12:19:10.321769,1
SPEEDLOTTO_500_STORE_03853,71163495,CU 송파한화2호점,,미상,,,,speedlotto_500,6,first,1,200000000,2026-04-26T12:19:10.321769,2026-04-26T12:19:10.321769,1
SPEEDLOTTO_500_STORE_03854,74160110,GS 양주신산점,,미상,,,,speedlotto_500,6,first,1,200000000,2026-04-26T12:19:10.321769,2026-04-26T12:19:10.321769,1
SPEEDLOTTO_500_STORE_03855,74761012,로또훼미리마트왜관점,,미상,,,,speedlotto_500,6,first,1,200000000,2026-04-26T12:19:10.321769,2026-04-26T12:19:10.321769,1
SPEEDLOTTO_500_STORE_03856,99999990,미확인 판매점 ,,미상,,,,speedlotto_500,6,first,1,200000000,2026-04-26T12:19:10.321769,2026-04-26T12:19:10.321769,1
SPEEDLOTTO_500_STORE_03857,74460619,GS25봉명희망점,,미상,,,,speedlotto_500,6,first,1,200000000,2026-04-26T12:19:10.321769,2026-04-26T12:19:10.321769,1
SPEEDLOTTO_500_STORE_03858,72960633,채널Q24시로또주월점,,미상,,,,speedlotto_500,6,first,1,200000000,2026-04-26T12:19:10.321769,2026-04-26T12:19:10.321769,1
SPEEDLOTTO_500_STORE_03859,74162879,CU 안산이동제일점,,미상,,,,speedlotto_500,6,first,1,200000000,2026-04-26T12:19:10.321769,2026-04-26T12:19:10.321769,1
SPEEDLOTTO_500_STORE_03860,74861498,채널큐,,미상,,,,speedlotto_500,6,first,1,400000000,2026-04-26T12:19:10.321769,2026-04-26T12:19:10.321769,1
SPEEDLOTTO_500_STORE_03861,74860026,미니스톱 평산점,,미상,,,,speedlotto_500,6,first,1,400000000,2026-04-26T12:19:10.321769,2026-04-26T12:19:10.321769,1
SPEEDLOTTO_500_STORE_03862,72760607,대백마트,,미상,,,,speedlotto_500,6,first,1,200000000,2026-04-26T12:19:10.321769,2026-04-26T12:19:10.321769,1
SPEEDLOTTO_500_STORE_03863,71161288,세븐일레븐,,미상,,,,speedlotto_500,6,first,1,200000000,2026-04-26T12:19:10.321769,2026-04-26T12:19:10.321769,1
SPEEDLOTTO_500_STORE_03864,74163134,CU 구운선경점,,미상,,,,speedlotto_500,6,first,1,200000000,2026-04-26T12:19:10.321769,2026-04-26T12:19:10.321769,1
SPEEDLOTTO_500_STORE_03865,74163861,ANY로또,,미상,,,,speedlotto_500,6,first,1,200000000,2026-04-26T12:19:10.321769,2026-04-26T12:19:10.321769,1
SPEEDLOTTO_500_STORE_03866,71163684,스포츠베팅샵,,미상,,,,speedlotto_500,6,first,1,200000000,2026-04-26T12:19:10.321769,2026-04-26T12:19:10.321769,1
SPEEDLOTTO_500_STORE_03867,74260737,복권뱅크,,미상,,,,speedlotto_500,6,first,1,200000000,2026-04-26T12:19:10.321769,2026-04-26T12:19:10.321769,1
SPEEDLOTTO_500_STORE_03868,74860113,창원25시슈퍼(24시로또복권),,미상,,,,speedlotto_500,6,first,1,200000000,2026-04-26T12:19:10.321769,2026-04-26T12:19:10.321769,1
SPEEDLOTTO_500_STORE_03869,71160248,복마니복권방,,미상,,,,speedlotto_500,6,first,1,200000000,2026-04-26T12:19:10.321769,2026-04-26T12:19:10.321769,1
SPEEDLOTTO_500_STORE_03870,74860442,운동장마트,,미상,,,,speedlotto_500,6,first,1,200000000,2026-04-26T12:19:10.321769,2026-04-26T12:19:10.321769,1
SPEEDLOTTO_500_STORE_03871,71160111,복권나라,,미상,,,,speedlotto_500,6,first,1,200000000,2026-04-26T12:19:10.321769,2026-04-26T12:19:10.321769,1
SPEEDLOTTO_500_STORE_03872,74660663,CU목포비파점,,미상,,,,speedlotto_500,6,first,1,200000000,2026-04-26T12:19:10.321769,2026-04-26T12:19:10.321769,1
SPEEDLOTTO_500_STORE_03873,73060444,씨스페이스유성신우점,,미상,,,,speedlotto_500,6,first,1,200000000,2026-04-26T12:19:10.321769,2026-04-26T12:19:10.321769,1
SPEEDLOTTO_500_STORE_03874,74162956,세븐일레븐 안산고잔금강점,,미상,,,,speedlotto_500,6,first,1,200000000,2026-04-26T12:19:10.321769,2026-04-26T12:19:10.321769,1
SPEEDLOTTO_500_STORE_03875,74960026,하나슈퍼,,미상,,,,speedlotto_500,6,first,1,200000000,2026-04-26T12:19:10.321769,2026-04-26T12:19:10.321769,1
SPEEDLOTTO_500_STORE_03876,71161818,CU,,미상,,,,speedlotto_500,6,first,1,200000000,2026-04-26T12:19:10.321769,2026-04-26T12:19:10.321769,1
SPEEDLOTTO_500_STORE_03877,74163317,명진슈퍼,,미상,,,,speedlotto_500,6,first,1,200000000,2026-04-26T12:19:10.321769,2026-04-26T12:19:10.321769,1
SPEEDLOTTO_500_STORE_03878,71164520,양천24,,미상,,,,speedlotto_500,6,first,1,200000000,2026-04-26T12:19:10.321769,2026-04-26T12:19:10.321769,1
SPEEDLOTTO_500_STORE_03879,74163911,복권방,,미상,,,,speedlotto_500,6,first,1,200000000,2026-04-26T12:19:10.321769,2026-04-26T12:19:10.321769,1
SPEEDLOTTO_500_STORE_03880,71160627,세븐일레븐,,미상,,,,speedlotto_500,6,first,1,200000000,2026-04-26T12:19:10.321769,2026-04-26T12:19:10.321769,1
SPEEDLOTTO_500_STORE_03881,74260514,편의점,,미상,,,,speedlotto_500,6,first,1,200000000,2026-04-26T12:19:10.321769,2026-04-26T12:19:10.321769,1
SPEEDLOTTO_500_STORE_03882,74860121,복권방,,미상,,,,speedlotto_500,6,first,1,200000000,2026-04-26T12:19:10.321769,2026-04-26T12:19:10.321769,1
SPEEDLOTTO_500_STORE_03883,72660480,복권천국 복권방,,미상,,,,speedlotto_500,6,first,1,200000000,2026-04-26T12:19:10.321769,2026-04-26T12:19:10.321769,1
SPEEDLOTTO_500_STORE_03884,74460132,편의점,,미상,,,,speedlotto_500,6,first,1,200000000,2026-04-26T12:19:10.321769,2026-04-26T12:19:10.321769,1
SPEEDLOTTO_500_STORE_03885,71162726,가판대,,미상,,,,speedlotto_500,6,first,1,200000000,2026-04-26T12:19:10.321769,2026-04-26T12:19:10.321769,1
SPEEDLOTTO_500_STORE_03886,71162617,편의점,,미상,,,,speedlotto_500,6,first,1,200000000,2026-04-26T12:19:10.321769,2026-04-26T12:19:10.321769,1
SPEEDLOTTO_500_STORE_03887,71161756,복권방,,미상,,,,speedlotto_500,6,first,1,200000000,2026-04-26T12:19:10.321769,2026-04-26T12:19:10.321769,1
SPEEDLOTTO_500_STORE_03888,73160068,우리들 편의점 서부점,,미상,,,,speedlotto_500,6,first,1,200000000,2026-04-26T12:19:10.321769,2026-04-26T12:19:10.321769,1
SPEEDLOTTO_500_STORE_03889,74860224,슈퍼마켓,,미상,,,,speedlotto_500,6,first,1,200000000,2026-04-26T12:19:10.321769,2026-04-26T12:19:10.321769,1
SPEEDLOTTO_500_STORE_03890,74162739,복권방,,미상,,,,speedlotto_500,6,first,1,200000000,2026-04-26T12:19:10.321769,2026-04-26T12:19:10.321769,1
SPEEDLOTTO_500_STORE_03891,74162534,편의점,,미상,,,,speedlotto_500,6,first,1,200000000,2026-04-26T12:19:10.321769,2026-04-26T12:19:10.321769,1
SPEEDLOTTO_500_STORE_03892,74260488,제일복권,,미상,,,,speedlotto_500,6,first,1,200000000,2026-04-26T12:19:10.321769,2026-04-26T12:19:10.321769,1
SPEEDLOTTO_500_STORE_03893,74260444,복권방,,미상,,,,speedlotto_500,6,first,1,200000000,2026-04-26T12:19:10.321769,2026-04-26T12:19:10.321769,1
SPEEDLOTTO_500_STORE_03894,72863021,수퍼마켓,,미상,,,,speedlotto_500,6,first,1,200000000,2026-04-26T12:19:10.321769,2026-04-26T12:19:10.321769,1
SPEEDLOTTO_500_STORE_03895,74160427,만물복권방,,미상,,,,speedlotto_500,6,first,1,200000000,2026-04-26T12:19:10.321769,2026-04-26T12:19:10.321769,1
SPEEDLOTTO_500_STORE_03896,74861125,편의점,,미상,,,,speedlotto_500,6,first,1,200000000,2026-04-26T12:19:10.321769,2026-04-26T12:19:10.321769,1
SPEEDLOTTO_500_STORE_03897,71160697,가판,,미상,,,,speedlotto_500,6,first,1,200000000,2026-04-26T12:19:10.321769,2026-04-26T12:19:10.321769,1
SPEEDLOTTO_500_STORE_03898,74861027,수퍼마켓,,미상,,,,speedlotto_500,6,first,1,200000000,2026-04-26T12:19:10.321769,2026-04-26T12:19:10.321769,1
SPEEDLOTTO_500_STORE_03899,74460594,수퍼마켓,,미상,,,,speedlotto_500,6,first,1,200000000,2026-04-26T12:19:10.321769,2026-04-26T12:19:10.321769,1
SPEEDLOTTO_500_STORE_03900,74560222,편의점,,미상,,,,speedlotto_500,6,first,1,200000000,2026-04-26T12:19:10.321769,2026-04-26T12:19:10.321769,1
SPEEDLOTTO_500_STORE_03901,74860491,편의점,,미상,,,,speedlotto_500,6,first,1,200000000,2026-04-26T12:19:10.321769,2026-04-26T12:19:10.321769,1
SPEEDLOTTO_500_STORE_03902,74164096,복권방,,미상,,,,speedlotto_500,6,first,1,200000000,2026-04-26T12:19:10.321769,2026-04-26T12:19:10.321769,1
SPEEDLOTTO_500_STORE_03903,73060537,원마트 편의점,,미상,,,,speedlotto_500,6,first,1,200000000,2026-04-26T12:19:10.321769,2026-04-26T12:19:10.321769,1
SPEEDLOTTO_500_STORE_03904,74660195,복권방,,미상,,,,speedlotto_500,6,first,1,200000000,2026-04-26T12:19:10.321769,2026-04-26T12:19:10.321769,1
SPEEDLOTTO_500_STORE_03905,74860751,미니스톱,,미상,,,,speedlotto_500,6,first,1,200000000,2026-04-26T12:19:10.321769,2026-04-26T12:19:10.321769,1
SPEEDLOTTO_500_STORE_03906,72660051,편의점,,미상,,,,speedlotto_500,6,first,1,200000000,2026-04-26T12:19:10.321769,2026-04-26T12:19:10.321769,1
SPEEDLOTTO_500_STORE_03907,71163551,슈퍼,,미상,,,,speedlotto_500,6,first,1,200000000,2026-04-26T12:19:10.321769,2026-04-26T12:19:10.321769,1
SPEEDLOTTO_500_STORE_03908,71161183,가판,,미상,,,,speedlotto_500,6,first,1,200000000,2026-04-26T12:19:10.321769,2026-04-26T12:19:10.321769,1
SPEEDLOTTO_500_STORE_03909,71164341,복권방,,미상,,,,speedlotto_500,6,first,1,200000000,2026-04-26T12:19:10.321769,2026-04-26T12:19:10.321769,1
SPEEDLOTTO_500_STORE_03910,73160111,우리들 편의점 서부점,,미상,,,,speedlotto_500,6,first,1,200000000,2026-04-26T12:19:10.321769,2026-04-26T12:19:10.321769,1
SPEEDLOTTO_500_STORE_03911,72960822,편의점,,미상,,,,speedlotto_500,6,first,1,200000000,2026-04-26T12:19:10.321769,2026-04-26T12:19:10.321769,1
SPEEDLOTTO_500_STORE_03912,74162947,편의점,,미상,,,,speedlotto_500,6,first,1,200000000,2026-04-26T12:19:10.321769,2026-04-26T12:19:10.321769,1
SPEEDLOTTO_500_STORE_03913,72660156,복권방,,미상,,,,speedlotto_500,6,first,1,200000000,2026-04-26T12:19:10.321769,2026-04-26T12:19:10.321769,1
SPEEDLOTTO_500_STORE_03914,74160347,토토마트 (구 편의점사랑),,미상,,,,speedlotto_500,5,first,1,200000000,2026-04-26T12:19:12.199074,2026-04-26T12:19:12.199074,1
SPEEDLOTTO_500_STORE_03915,74760625,CSPACE구미옥계점,,미상,,,,speedlotto_500,5,first,1,200000000,2026-04-26T12:19:12.199074,2026-04-26T12:19:12.199074,1
SPEEDLOTTO_500_STORE_03916,74163706,다우토토샵,,미상,,,,speedlotto_500,5,first,1,200000000,2026-04-26T12:19:12.199074,2026-04-26T12:19:12.199074,1
SPEEDLOTTO_500_STORE_03917,74261788,일등당첨,,미상,,,,speedlotto_500,5,first,1,200000000,2026-04-26T12:19:12.199074,2026-04-26T12:19:12.199074,1
SPEEDLOTTO_500_STORE_03918,72662656,황금복권방,,미상,,,,speedlotto_500,5,first,1,200000000,2026-04-26T12:19:12.199074,2026-04-26T12:19:12.199074,1
SPEEDLOTTO_500_STORE_03919,74660464,드림복권(2호광장),,미상,,,,speedlotto_500,5,first,1,200000000,2026-04-26T12:19:12.199074,2026-04-26T12:19:12.199074,1
SPEEDLOTTO_500_STORE_03920,73160721,또로또,,미상,,,,speedlotto_500,5,first,1,200000000,2026-04-26T12:19:12.199074,2026-04-26T12:19:12.199074,1
SPEEDLOTTO_500_STORE_03921,74166759,GS25이동센터점,,미상,,,,speedlotto_500,5,first,1,200000000,2026-04-26T12:19:12.199074,2026-04-26T12:19:12.199074,1
SPEEDLOTTO_500_STORE_03922,74162803,보물섬복권방,,미상,,,,speedlotto_500,5,first,1,200000000,2026-04-26T12:19:12.199074,2026-04-26T12:19:12.199074,1
SPEEDLOTTO_500_STORE_03923,71162035,천하명당복권방,,미상,,,,speedlotto_500,5,first,1,200000000,2026-04-26T12:19:12.199074,2026-04-26T12:19:12.199074,1
SPEEDLOTTO_500_STORE_03924,73061011,금화로또마트,,미상,,,,speedlotto_500,5,first,1,200000000,2026-04-26T12:19:12.199074,2026-04-26T12:19:12.199074,1
SPEEDLOTTO_500_STORE_03925,72960747,오천억복권방,,미상,,,,speedlotto_500,5,first,1,200000000,2026-04-26T12:19:12.199074,2026-04-26T12:19:12.199074,1
SPEEDLOTTO_500_STORE_03926,74163177,명당골복권방,,미상,,,,speedlotto_500,5,first,1,200000000,2026-04-26T12:19:12.199074,2026-04-26T12:19:12.199074,1
SPEEDLOTTO_500_STORE_03927,72661445,CU사상서부,,미상,,,,speedlotto_500,5,first,1,200000000,2026-04-26T12:19:12.199074,2026-04-26T12:19:12.199074,2
SPEEDLOTTO_500_STORE_03928,74661194,스타복권,,미상,,,,speedlotto_500,5,first,1,200000000,2026-04-26T12:19:12.199074,2026-04-26T12:19:12.199074,1
SPEEDLOTTO_500_STORE_03929,74761757,SE왜관희망점,,미상,,,,speedlotto_500,5,first,1,200000000,2026-04-26T12:19:12.199074,2026-04-26T12:19:12.199074,1
SPEEDLOTTO_500_STORE_03930,74661178,제철로또대리점,,미상,,,,speedlotto_500,5,first,1,200000000,2026-04-26T12:19:12.199074,2026-04-26T12:19:12.199074,1
SPEEDLOTTO_500_STORE_03931,74161285,차부상회,,미상,,,,speedlotto_500,5,first,1,200000000,2026-04-26T12:19:12.199074,2026-04-26T12:19:12.199074,1
SPEEDLOTTO_500_STORE_03932,74360035,복덩어리,,미상,,,,speedlotto_500,5,first,1,200000000,2026-04-26T12:19:12.199074,2026-04-26T12:19:12.199074,1
SPEEDLOTTO_500_STORE_03933,72960008,도울복권,,미상,,,,speedlotto_500,5,first,1,200000000,2026-04-26T12:19:12.199074,2026-04-26T12:19:12.199074,1
SPEEDLOTTO_500_STORE_03934,72860361,프리마트,,미상,,,,speedlotto_500,5,first,1,200000000,2026-04-26T12:19:12.199074,2026-04-26T12:19:12.199074,1
SPEEDLOTTO_500_STORE_03935,73160635,삼우슈퍼,,미상,,,,speedlotto_500,5,first,1,200000000,2026-04-26T12:19:12.199074,2026-04-26T12:19:12.199074,1
SPEEDLOTTO_500_STORE_03936,72860822,복권왕국,,미상,,,,speedlotto_500,5,first,1,200000000,2026-04-26T12:19:12.199074,2026-04-26T12:19:12.199074,1
SPEEDLOTTO_500_STORE_03937,73160368,이마트24삼산본동,,미상,,,,speedlotto_500,5,first,1,200000000,2026-04-26T12:19:12.199074,2026-04-26T12:19:12.199074,1
SPEEDLOTTO_500_STORE_03938,74160255,CU 포천가산점,,미상,,,,speedlotto_500,5,first,1,200000000,2026-04-26T12:19:12.199074,2026-04-26T12:19:12.199074,1
SPEEDLOTTO_500_STORE_03939,72960924,진곡산단로또,,미상,,,,speedlotto_500,5,first,1,200000000,2026-04-26T12:19:12.199074,2026-04-26T12:19:12.199074,1
SPEEDLOTTO_500_STORE_03940,74760798,빙그레마트,,미상,,,,speedlotto_500,5,first,1,200000000,2026-04-26T12:19:12.199074,2026-04-26T12:19:12.199074,1
SPEEDLOTTO_500_STORE_03941,74360026,굿모닝복권방,,미상,,,,speedlotto_500,5,first,1,200000000,2026-04-26T12:19:12.199074,2026-04-26T12:19:12.199074,1
SPEEDLOTTO_500_STORE_03942,74760164,옹천왕대박슈퍼,,미상,,,,speedlotto_500,5,first,1,200000000,2026-04-26T12:19:12.199074,2026-04-26T12:19:12.199074,1
SPEEDLOTTO_500_STORE_03943,72861215,노다지복권방(학익),,미상,,,,speedlotto_500,5,first,1,200000000,2026-04-26T12:19:12.199074,2026-04-26T12:19:12.199074,1
SPEEDLOTTO_500_STORE_03944,71163495,CU 송파한화2호점,,미상,,,,speedlotto_500,5,first,1,200000000,2026-04-26T12:19:12.199074,2026-04-26T12:19:12.199074,1
SPEEDLOTTO_500_STORE_03945,74160110,GS 양주신산점,,미상,,,,speedlotto_500,5,first,1,200000000,2026-04-26T12:19:12.199074,2026-04-26T12:19:12.199074,1
SPEEDLOTTO_500_STORE_03946,74761012,로또훼미리마트왜관점,,미상,,,,speedlotto_500,5,first,1,200000000,2026-04-26T12:19:12.199074,2026-04-26T12:19:12.199074,1
SPEEDLOTTO_500_STORE_03947,99999990,미확인 판매점 ,,미상,,,,speedlotto_500,5,first,1,200000000,2026-04-26T12:19:12.199074,2026-04-26T12:19:12.199074,1
SPEEDLOTTO_500_STORE_03948,74460619,GS25봉명희망점,,미상,,,,speedlotto_500,5,first,1,200000000,2026-04-26T12:19:12.199074,2026-04-26T12:19:12.199074,1
SPEEDLOTTO_500_STORE_03949,72960633,채널Q24시로또주월점,,미상,,,,speedlotto_500,5,first,1,200000000,2026-04-26T12:19:12.199074,2026-04-26T12:19:12.199074,1
SPEEDLOTTO_500_STORE_03950,74162879,CU 안산이동제일점,,미상,,,,speedlotto_500,5,first,1,200000000,2026-04-26T12:19:12.199074,2026-04-26T12:19:12.199074,1
SPEEDLOTTO_500_STORE_03951,74861498,채널큐,,미상,,,,speedlotto_500,5,first,1,400000000,2026-04-26T12:19:12.199074,2026-04-26T12:19:12.199074,1
SPEEDLOTTO_500_STORE_03952,74860026,미니스톱 평산점,,미상,,,,speedlotto_500,5,first,1,400000000,2026-04-26T12:19:12.199074,2026-04-26T12:19:12.199074,1
SPEEDLOTTO_500_STORE_03953,72760607,대백마트,,미상,,,,speedlotto_500,5,first,1,200000000,2026-04-26T12:19:12.199074,2026-04-26T12:19:12.199074,1
SPEEDLOTTO_500_STORE_03954,71161288,세븐일레븐,,미상,,,,speedlotto_500,5,first,1,200000000,2026-04-26T12:19:12.199074,2026-04-26T12:19:12.199074,1
SPEEDLOTTO_500_STORE_03955,74163134,CU 구운선경점,,미상,,,,speedlotto_500,5,first,1,200000000,2026-04-26T12:19:12.199074,2026-04-26T12:19:12.199074,1
SPEEDLOTTO_500_STORE_03956,74163861,ANY로또,,미상,,,,speedlotto_500,5,first,1,200000000,2026-04-26T12:19:12.199074,2026-04-26T12:19:12.199074,1
SPEEDLOTTO_500_STORE_03957,71163684,스포츠베팅샵,,미상,,,,speedlotto_500,5,first,1,200000000,2026-04-26T12:19:12.199074,2026-04-26T12:19:12.199074,1
SPEEDLOTTO_500_STORE_03958,74260737,복권뱅크,,미상,,,,speedlotto_500,5,first,1,200000000,2026-04-26T12:19:12.199074,2026-04-26T12:19:12.199074,1
SPEEDLOTTO_500_STORE_03959,74860113,창원25시슈퍼(24시로또복권),,미상,,,,speedlotto_500,5,first,1,200000000,2026-04-26T12:19:12.199074,2026-04-26T12:19:12.199074,1
SPEEDLOTTO_500_STORE_03960,71160248,복마니복권방,,미상,,,,speedlotto_500,5,first,1,200000000,2026-04-26T12:19:12.199074,2026-04-26T12:19:12.199074,1
SPEEDLOTTO_500_STORE_03961,74860442,운동장마트,,미상,,,,speedlotto_500,5,first,1,200000000,2026-04-26T12:19:12.199074,2026-04-26T12:19:12.199074,1
SPEEDLOTTO_500_STORE_03962,71160111,복권나라,,미상,,,,speedlotto_500,5,first,1,200000000,2026-04-26T12:19:12.199074,2026-04-26T12:19:12.199074,1
SPEEDLOTTO_500_STORE_03963,74660663,CU목포비파점,,미상,,,,speedlotto_500,5,first,1,200000000,2026-04-26T12:19:12.199074,2026-04-26T12:19:12.199074,1
SPEEDLOTTO_500_STORE_03964,73060444,씨스페이스유성신우점,,미상,,,,speedlotto_500,5,first,1,200000000,2026-04-26T12:19:12.199074,2026-04-26T12:19:12.199074,1
SPEEDLOTTO_500_STORE_03965,74162956,세븐일레븐 안산고잔금강점,,미상,,,,speedlotto_500,5,first,1,200000000,2026-04-26T12:19:12.199074,2026-04-26T12:19:12.199074,1
SPEEDLOTTO_500_STORE_03966,74960026,하나슈퍼,,미상,,,,speedlotto_500,5,first,1,200000000,2026-04-26T12:19:12.199074,2026-04-26T12:19:12.199074,1
SPEEDLOTTO_500_STORE_03967,71161818,CU,,미상,,,,speedlotto_500,5,first,1,200000000,2026-04-26T12:19:12.199074,2026-04-26T12:19:12.199074,1
SPEEDLOTTO_500_STORE_03968,74163317,명진슈퍼,,미상,,,,speedlotto_500,5,first,1,200000000,2026-04-26T12:19:12.200073,2026-04-26T12:19:12.200073,1
SPEEDLOTTO_500_STORE_03969,71164520,양천24,,미상,,,,speedlotto_500,5,first,1,200000000,2026-04-26T12:19:12.200073,2026-04-26T12:19:12.200073,1
SPEEDLOTTO_500_STORE_03970,74163911,복권방,,미상,,,,speedlotto_500,5,first,1,200000000,2026-04-26T12:19:12.200073,2026-04-26T12:19:12.200073,1
SPEEDLOTTO_500_STORE_03971,71160627,세븐일레븐,,미상,,,,speedlotto_500,5,first,1,200000000,2026-04-26T12:19:12.200073,2026-04-26T12:19:12.200073,1
SPEEDLOTTO_500_STORE_03972,74260514,편의점,,미상,,,,speedlotto_500,5,first,1,200000000,2026-04-26T12:19:12.200073,2026-04-26T12:19:12.200073,1
SPEEDLOTTO_500_STORE_03973,74860121,복권방,,미상,,,,speedlotto_500,5,first,1,200000000,2026-04-26T12:19:12.200073,2026-04-26T12:19:12.200073,1
SPEEDLOTTO_500_STORE_03974,72660480,복권천국 복권방,,미상,,,,speedlotto_500,5,first,1,200000000,2026-04-26T12:19:12.200073,2026-04-26T12:19:12.200073,1
SPEEDLOTTO_500_STORE_03975,74460132,편의점,,미상,,,,speedlotto_500,5,first,1,200000000,2026-04-26T12:19:12.200073,2026-04-26T12:19:12.200073,1
SPEEDLOTTO_500_STORE_03976,71162726,가판대,,미상,,,,speedlotto_500,5,first,1,200000000,2026-04-26T12:19:12.200073,2026-04-26T12:19:12.200073,1
SPEEDLOTTO_500_STORE_03977,71162617,편의점,,미상,,,,speedlotto_500,5,first,1,200000000,2026-04-26T12:19:12.200073,2026-04-26T12:19:12.200073,1
SPEEDLOTTO_500_STORE_03978,71161756,복권방,,미상,,,,speedlotto_500,5,first,1,200000000,2026-04-26T12:19:12.200073,2026-04-26T12:19:12.200073,1
SPEEDLOTTO_500_STORE_03979,73160068,우리들 편의점 서부점,,미상,,,,speedlotto_500,5,first,1,200000000,2026-04-26T12:19:12.200073,2026-04-26T12:19:12.200073,1
SPEEDLOTTO_500_STORE_03980,74860224,슈퍼마켓,,미상,,,,speedlotto_500,5,first,1,200000000,2026-04-26T12:19:12.200073,2026-04-26T12:19:12.200073,1
SPEEDLOTTO_500_STORE_03981,74162739,복권방,,미상,,,,speedlotto_500,5,first,1,200000000,2026-04-26T12:19:12.200073,2026-04-26T12:19:12.200073,1
SPEEDLOTTO_500_STORE_03982,74162534,편의점,,미상,,,,speedlotto_500,5,first,1,200000000,2026-04-26T12:19:12.200073,2026-04-26T12:19:12.200073,1
SPEEDLOTTO_500_STORE_03983,74260488,제일복권,,미상,,,,speedlotto_500,5,first,1,200000000,2026-04-26T12:19:12.200073,2026-04-26T12:19:12.200073,1
SPEEDLOTTO_500_STORE_03984,74260444,복권방,,미상,,,,speedlotto_500,5,first,1,200000000,2026-04-26T12:19:12.200073,2026-04-26T12:19:12.200073,1
SPEEDLOTTO_500_STORE_03985,72863021,수퍼마켓,,미상,,,,speedlotto_500,5,first,1,200000000,2026-04-26T12:19:12.200073,2026-04-26T12:19:12.200073,1
SPEEDLOTTO_500_STORE_03986,74160427,만물복권방,,미상,,,,speedlotto_500,5,first,1,200000000,2026-04-26T12:19:12.200073,2026-04-26T12:19:12.200073,1
SPEEDLOTTO_500_STORE_03987,74861125,편의점,,미상,,,,speedlotto_500,5,first,1,200000000,2026-04-26T12:19:12.200073,2026-04-26T12:19:12.200073,1
SPEEDLOTTO_500_STORE_03988,71160697,가판,,미상,,,,speedlotto_500,5,first,1,200000000,2026-04-26T12:19:12.200073,2026-04-26T12:19:12.200073,1
SPEEDLOTTO_500_STORE_03989,74861027,수퍼마켓,,미상,,,,speedlotto_500,5,first,1,200000000,2026-04-26T12:19:12.200073,2026-04-26T12:19:12.200073,1
SPEEDLOTTO_500_STORE_03990,74460594,수퍼마켓,,미상,,,,speedlotto_500,5,first,1,200000000,2026-04-26T12:19:12.200073,2026-04-26T12:19:12.200073,1
SPEEDLOTTO_500_STORE_03991,74560222,편의점,,미상,,,,speedlotto_500,5,first,1,200000000,2026-04-26T12:19:12.200073,2026-04-26T12:19:12.200073,1
SPEEDLOTTO_500_STORE_03992,74860491,편의점,,미상,,,,speedlotto_500,5,first,1,200000000,2026-04-26T12:19:12.200073,2026-04-26T12:19:12.200073,1
SPEEDLOTTO_500_STORE_03993,74164096,복권방,,미상,,,,speedlotto_500,5,first,1,200000000,2026-04-26T12:19:12.200073,2026-04-26T12:19:12.200073,1
SPEEDLOTTO_500_STORE_03994,73060537,원마트 편의점,,미상,,,,speedlotto_500,5,first,1,200000000,2026-04-26T12:19:12.200073,2026-04-26T12:19:12.200073,1
SPEEDLOTTO_500_STORE_03995,74660195,복권방,,미상,,,,speedlotto_500,5,first,1,200000000,2026-04-26T12:19:12.200073,2026-04-26T12:19:12.200073,1
SPEEDLOTTO_500_STORE_03996,74860751,미니스톱,,미상,,,,speedlotto_500,5,first,1,200000000,2026-04-26T12:19:12.200073,2026-04-26T12:19:12.200073,1
SPEEDLOTTO_500_STORE_03997,72660051,편의점,,미상,,,,speedlotto_500,5,first,1,200000000,2026-04-26T12:19:12.200073,2026-04-26T12:19:12.200073,1
SPEEDLOTTO_500_STORE_03998,71163551,슈퍼,,미상,,,,speedlotto_500,5,first,1,200000000,2026-04-26T12:19:12.200073,2026-04-26T12:19:12.200073,1
SPEEDLOTTO_500_STORE_03999,71161183,가판,,미상,,,,speedlotto_500,5,first,1,200000000,2026-04-26T12:19:12.200073,2026-04-26T12:19:12.200073,1
SPEEDLOTTO_500_STORE_04000,71164341,복권방,,미상,,,,speedlotto_500,5,first,1,200000000,2026-04-26T12:19:12.200073,2026-04-26T12:19:12.200073,1
SPEEDLOTTO_500_STORE_04001,73160111,우리들 편의점 서부점,,미상,,,,speedlotto_500,5,first,1,200000000,2026-04-26T12:19:12.200073,2026-04-26T12:19:12.200073,1
SPEEDLOTTO_500_STORE_04002,72960822,편의점,,미상,,,,speedlotto_500,5,first,1,200000000,2026-04-26T12:19:12.200073,2026-04-26T12:19:12.200073,1
SPEEDLOTTO_500_STORE_04003,74162947,편의점,,미상,,,,speedlotto_500,5,first,1,200000000,2026-04-26T12:19:12.200073,2026-04-26T12:19:12.200073,1
SPEEDLOTTO_500_STORE_04004,72660156,복권방,,미상,,,,speedlotto_500,5,first,1,200000000,2026-04-26T12:19:12.200073,2026-04-26T12:19:12.200073,1
SPEEDLOTTO_500_STORE_04005,74160347,토토마트 (구 편의점사랑),,미상,,,,speedlotto_500,4,first,1,200000000,2026-04-26T12:19:14.058482,2026-04-26T12:19:14.058482,1
SPEEDLOTTO_500_STORE_04006,74760625,CSPACE구미옥계점,,미상,,,,speedlotto_500,4,first,1,200000000,2026-04-26T12:19:14.058482,2026-04-26T12:19:14.058482,1
SPEEDLOTTO_500_STORE_04007,74163706,다우토토샵,,미상,,,,speedlotto_500,4,first,1,200000000,2026-04-26T12:19:14.058482,2026-04-26T12:19:14.058482,1
SPEEDLOTTO_500_STORE_04008,74261788,일등당첨,,미상,,,,speedlotto_500,4,first,1,200000000,2026-04-26T12:19:14.059480,2026-04-26T12:19:14.059480,1
SPEEDLOTTO_500_STORE_04009,72662656,황금복권방,,미상,,,,speedlotto_500,4,first,1,200000000,2026-04-26T12:19:14.059480,2026-04-26T12:19:14.059480,1
SPEEDLOTTO_500_STORE_04010,74660464,드림복권(2호광장),,미상,,,,speedlotto_500,4,first,1,200000000,2026-04-26T12:19:14.059480,2026-04-26T12:19:14.059480,1
SPEEDLOTTO_500_STORE_04011,73160721,또로또,,미상,,,,speedlotto_500,4,first,1,200000000,2026-04-26T12:19:14.059480,2026-04-26T12:19:14.059480,1
SPEEDLOTTO_500_STORE_04012,74166759,GS25이동센터점,,미상,,,,speedlotto_500,4,first,1,200000000,2026-04-26T12:19:14.059480,2026-04-26T12:19:14.059480,1
SPEEDLOTTO_500_STORE_04013,74162803,보물섬복권방,,미상,,,,speedlotto_500,4,first,1,200000000,2026-04-26T12:19:14.059480,2026-04-26T12:19:14.059480,1
SPEEDLOTTO_500_STORE_04014,71162035,천하명당복권방,,미상,,,,speedlotto_500,4,first,1,200000000,2026-04-26T12:19:14.059480,2026-04-26T12:19:14.059480,1
SPEEDLOTTO_500_STORE_04015,73061011,금화로또마트,,미상,,,,speedlotto_500,4,first,1,200000000,2026-04-26T12:19:14.059480,2026-04-26T12:19:14.059480,1
SPEEDLOTTO_500_STORE_04016,72960747,오천억복권방,,미상,,,,speedlotto_500,4,first,1,200000000,2026-04-26T12:19:14.059480,2026-04-26T12:19:14.059480,1
SPEEDLOTTO_500_STORE_04017,74163177,명당골복권방,,미상,,,,speedlotto_500,4,first,1,200000000,2026-04-26T12:19:14.059480,2026-04-26T12:19:14.059480,1
SPEEDLOTTO_500_STORE_04018,72661445,CU사상서부,,미상,,,,speedlotto_500,4,first,1,200000000,2026-04-26T12:19:14.059480,2026-04-26T12:19:14.059480,2
SPEEDLOTTO_500_STORE_04019,74661194,스타복권,,미상,,,,speedlotto_500,4,first,1,200000000,2026-04-26T12:19:14.059480,2026-04-26T12:19:14.059480,1
SPEEDLOTTO_500_STORE_04020,74761757,SE왜관희망점,,미상,,,,speedlotto_500,4,first,1,200000000,2026-04-26T12:19:14.059480,2026-04-26T12:19:14.059480,1
SPEEDLOTTO_500_STORE_04021,74661178,제철로또대리점,,미상,,,,speedlotto_500,4,first,1,200000000,2026-04-26T12:19:14.059480,2026-04-26T12:19:14.059480,1
SPEEDLOTTO_500_STORE_04022,74161285,차부상회,,미상,,,,speedlotto_500,4,first,1,200000000,2026-04-26T12:19:14.059480,2026-04-26T12:19:14.059480,1
SPEEDLOTTO_500_STORE_04023,74360035,복덩어리,,미상,,,,speedlotto_500,4,first,1,200000000,2026-04-26T12:19:14.059480,2026-04-26T12:19:14.059480,1
SPEEDLOTTO_500_STORE_04024,72960008,도울복권,,미상,,,,speedlotto_500,4,first,1,200000000,2026-04-26T12:19:14.059480,2026-04-26T12:19:14.059480,1
SPEEDLOTTO_500_STORE_04025,72860361,프리마트,,미상,,,,speedlotto_500,4,first,1,200000000,2026-04-26T12:19:14.059480,2026-04-26T12:19:14.059480,1
SPEEDLOTTO_500_STORE_04026,73160635,삼우슈퍼,,미상,,,,speedlotto_500,4,first,1,200000000,2026-04-26T12:19:14.059480,2026-04-26T12:19:14.059480,1
SPEEDLOTTO_500_STORE_04027,72860822,복권왕국,,미상,,,,speedlotto_500,4,first,1,200000000,2026-04-26T12:19:14.059480,2026-04-26T12:19:14.059480,1
SPEEDLOTTO_500_STORE_04028,73160368,이마트24삼산본동,,미상,,,,speedlotto_500,4,first,1,200000000,2026-04-26T12:19:14.059480,2026-04-26T12:19:14.059480,1
SPEEDLOTTO_500_STORE_04029,74160255,CU 포천가산점,,미상,,,,speedlotto_500,4,first,1,200000000,2026-04-26T12:19:14.059480,2026-04-26T12:19:14.059480,1
SPEEDLOTTO_500_STORE_04030,72960924,진곡산단로또,,미상,,,,speedlotto_500,4,first,1,200000000,2026-04-26T12:19:14.059480,2026-04-26T12:19:14.059480,1
SPEEDLOTTO_500_STORE_04031,74760798,빙그레마트,,미상,,,,speedlotto_500,4,first,1,200000000,2026-04-26T12:19:14.059480,2026-04-26T12:19:14.059480,1
SPEEDLOTTO_500_STORE_04032,74360026,굿모닝복권방,,미상,,,,speedlotto_500,4,first,1,200000000,2026-04-26T12:19:14.059480,2026-04-26T12:19:14.059480,1
SPEEDLOTTO_500_STORE_04033,74760164,옹천왕대박슈퍼,,미상,,,,speedlotto_500,4,first,1,200000000,2026-04-26T12:19:14.059480,2026-04-26T12:19:14.059480,1
SPEEDLOTTO_500_STORE_04034,72861215,노다지복권방(학익),,미상,,,,speedlotto_500,4,first,1,200000000,2026-04-26T12:19:14.059480,2026-04-26T12:19:14.059480,1
SPEEDLOTTO_500_STORE_04035,71163495,CU 송파한화2호점,,미상,,,,speedlotto_500,4,first,1,200000000,2026-04-26T12:19:14.059480,2026-04-26T12:19:14.059480,1
SPEEDLOTTO_500_STORE_04036,74160110,GS 양주신산점,,미상,,,,speedlotto_500,4,first,1,200000000,2026-04-26T12:19:14.059480,2026-04-26T12:19:14.059480,1
SPEEDLOTTO_500_STORE_04037,74761012,로또훼미리마트왜관점,,미상,,,,speedlotto_500,4,first,1,200000000,2026-04-26T12:19:14.059480,2026-04-26T12:19:14.059480,1
SPEEDLOTTO_500_STORE_04038,99999990,미확인 판매점 ,,미상,,,,speedlotto_500,4,first,1,200000000,2026-04-26T12:19:14.059480,2026-04-26T12:19:14.059480,1
SPEEDLOTTO_500_STORE_04039,74460619,GS25봉명희망점,,미상,,,,speedlotto_500,4,first,1,200000000,2026-04-26T12:19:14.059480,2026-04-26T12:19:14.059480,1
SPEEDLOTTO_500_STORE_04040,72960633,채널Q24시로또주월점,,미상,,,,speedlotto_500,4,first,1,200000000,2026-04-26T12:19:14.059480,2026-04-26T12:19:14.059480,1
SPEEDLOTTO_500_STORE_04041,74162879,CU 안산이동제일점,,미상,,,,speedlotto_500,4,first,1,200000000,2026-04-26T12:19:14.059480,2026-04-26T12:19:14.059480,1
SPEEDLOTTO_500_STORE_04042,74861498,채널큐,,미상,,,,speedlotto_500,4,first,1,400000000,2026-04-26T12:19:14.059480,2026-04-26T12:19:14.059480,1
SPEEDLOTTO_500_STORE_04043,74860026,미니스톱 평산점,,미상,,,,speedlotto_500,4,first,1,400000000,2026-04-26T12:19:14.059480,2026-04-26T12:19:14.059480,1
SPEEDLOTTO_500_STORE_04044,72760607,대백마트,,미상,,,,speedlotto_500,4,first,1,200000000,2026-04-26T12:19:14.059480,2026-04-26T12:19:14.059480,1
SPEEDLOTTO_500_STORE_04045,71161288,세븐일레븐,,미상,,,,speedlotto_500,4,first,1,200000000,2026-04-26T12:19:14.059480,2026-04-26T12:19:14.059480,1
SPEEDLOTTO_500_STORE_04046,74163134,CU 구운선경점,,미상,,,,speedlotto_500,4,first,1,200000000,2026-04-26T12:19:14.059480,2026-04-26T12:19:14.059480,1
SPEEDLOTTO_500_STORE_04047,74163861,ANY로또,,미상,,,,speedlotto_500,4,first,1,200000000,2026-04-26T12:19:14.059480,2026-04-26T12:19:14.059480,1
SPEEDLOTTO_500_STORE_04048,71163684,스포츠베팅샵,,미상,,,,speedlotto_500,4,first,1,200000000,2026-04-26T12:19:14.059480,2026-04-26T12:19:14.059480,1
SPEEDLOTTO_500_STORE_04049,74260737,복권뱅크,,미상,,,,speedlotto_500,4,first,1,200000000,2026-04-26T12:19:14.059480,2026-04-26T12:19:14.059480,1
SPEEDLOTTO_500_STORE_04050,74860113,창원25시슈퍼(24시로또복권),,미상,,,,speedlotto_500,4,first,1,200000000,2026-04-26T12:19:14.059480,2026-04-26T12:19:14.059480,1
SPEEDLOTTO_500_STORE_04051,71160248,복마니복권방,,미상,,,,speedlotto_500,4,first,1,200000000,2026-04-26T12:19:14.059480,2026-04-26T12:19:14.059480,1
SPEEDLOTTO_500_STORE_04052,74860442,운동장마트,,미상,,,,speedlotto_500,4,first,1,200000000,2026-04-26T12:19:14.059480,2026-04-26T12:19:14.059480,1
SPEEDLOTTO_500_STORE_04053,71160111,복권나라,,미상,,,,speedlotto_500,4,first,1,200000000,2026-04-26T12:19:14.059480,2026-04-26T12:19:14.059480,1
SPEEDLOTTO_500_STORE_04054,74660663,CU목포비파점,,미상,,,,speedlotto_500,4,first,1,200000000,2026-04-26T12:19:14.059480,2026-04-26T12:19:14.059480,1
SPEEDLOTTO_500_STORE_04055,73060444,씨스페이스유성신우점,,미상,,,,speedlotto_500,4,first,1,200000000,2026-04-26T12:19:14.059480,2026-04-26T12:19:14.059480,1
SPEEDLOTTO_500_STORE_04056,74162956,세븐일레븐 안산고잔금강점,,미상,,,,speedlotto_500,4,first,1,200000000,2026-04-26T12:19:14.059480,2026-04-26T12:19:14.059480,1
SPEEDLOTTO_500_STORE_04057,74960026,하나슈퍼,,미상,,,,speedlotto_500,4,first,1,200000000,2026-04-26T12:19:14.059480,2026-04-26T12:19:14.059480,1
SPEEDLOTTO_500_STORE_04058,71161818,CU,,미상,,,,speedlotto_500,4,first,1,200000000,2026-04-26T12:19:14.059480,2026-04-26T12:19:14.059480,1
SPEEDLOTTO_500_STORE_04059,74163317,명진슈퍼,,미상,,,,speedlotto_500,4,first,1,200000000,2026-04-26T12:19:14.059480,2026-04-26T12:19:14.059480,1
SPEEDLOTTO_500_STORE_04060,71164520,양천24,,미상,,,,speedlotto_500,4,first,1,200000000,2026-04-26T12:19:14.059480,2026-04-26T12:19:14.059480,1
SPEEDLOTTO_500_STORE_04061,74163911,복권방,,미상,,,,speedlotto_500,4,first,1,200000000,2026-04-26T12:19:14.059480,2026-04-26T12:19:14.059480,1
SPEEDLOTTO_500_STORE_04062,71160627,세븐일레븐,,미상,,,,speedlotto_500,4,first,1,200000000,2026-04-26T12:19:14.059480,2026-04-26T12:19:14.059480,1
SPEEDLOTTO_500_STORE_04063,74260514,편의점,,미상,,,,speedlotto_500,4,first,1,200000000,2026-04-26T12:19:14.059480,2026-04-26T12:19:14.059480,1
SPEEDLOTTO_500_STORE_04064,74860121,복권방,,미상,,,,speedlotto_500,4,first,1,200000000,2026-04-26T12:19:14.059480,2026-04-26T12:19:14.059480,1
SPEEDLOTTO_500_STORE_04065,72660480,복권천국 복권방,,미상,,,,speedlotto_500,4,first,1,200000000,2026-04-26T12:19:14.059480,2026-04-26T12:19:14.059480,1
SPEEDLOTTO_500_STORE_04066,74460132,편의점,,미상,,,,speedlotto_500,4,first,1,200000000,2026-04-26T12:19:14.059480,2026-04-26T12:19:14.059480,1
SPEEDLOTTO_500_STORE_04067,71162726,가판대,,미상,,,,speedlotto_500,4,first,1,200000000,2026-04-26T12:19:14.059480,2026-04-26T12:19:14.059480,1
SPEEDLOTTO_500_STORE_04068,71162617,편의점,,미상,,,,speedlotto_500,4,first,1,200000000,2026-04-26T12:19:14.059480,2026-04-26T12:19:14.059480,1
SPEEDLOTTO_500_STORE_04069,71161756,복권방,,미상,,,,speedlotto_500,4,first,1,200000000,2026-04-26T12:19:14.059480,2026-04-26T12:19:14.059480,1
SPEEDLOTTO_500_STORE_04070,73160068,우리들 편의점 서부점,,미상,,,,speedlotto_500,4,first,1,200000000,2026-04-26T12:19:14.059480,2026-04-26T12:19:14.059480,1
SPEEDLOTTO_500_STORE_04071,74860224,슈퍼마켓,,미상,,,,speedlotto_500,4,first,1,200000000,2026-04-26T12:19:14.059480,2026-04-26T12:19:14.059480,1
SPEEDLOTTO_500_STORE_04072,74162739,복권방,,미상,,,,speedlotto_500,4,first,1,200000000,2026-04-26T12:19:14.059480,2026-04-26T12:19:14.059480,1
SPEEDLOTTO_500_STORE_04073,74162534,편의점,,미상,,,,speedlotto_500,4,first,1,200000000,2026-04-26T12:19:14.059480,2026-04-26T12:19:14.059480,1
SPEEDLOTTO_500_STORE_04074,74260488,제일복권,,미상,,,,speedlotto_500,4,first,1,200000000,2026-04-26T12:19:14.059480,2026-04-26T12:19:14.059480,1
SPEEDLOTTO_500_STORE_04075,74260444,복권방,,미상,,,,speedlotto_500,4,first,1,200000000,2026-04-26T12:19:14.059480,2026-04-26T12:19:14.059480,1
SPEEDLOTTO_500_STORE_04076,72863021,수퍼마켓,,미상,,,,speedlotto_500,4,first,1,200000000,2026-04-26T12:19:14.059480,2026-04-26T12:19:14.059480,1
SPEEDLOTTO_500_STORE_04077,74160427,만물복권방,,미상,,,,speedlotto_500,4,first,1,200000000,2026-04-26T12:19:14.059480,2026-04-26T12:19:14.059480,1
SPEEDLOTTO_500_STORE_04078,74861125,편의점,,미상,,,,speedlotto_500,4,first,1,200000000,2026-04-26T12:19:14.059480,2026-04-26T12:19:14.059480,1
SPEEDLOTTO_500_STORE_04079,71160697,가판,,미상,,,,speedlotto_500,4,first,1,200000000,2026-04-26T12:19:14.059480,2026-04-26T12:19:14.059480,1
SPEEDLOTTO_500_STORE_04080,74861027,수퍼마켓,,미상,,,,speedlotto_500,4,first,1,200000000,2026-04-26T12:19:14.059480,2026-04-26T12:19:14.059480,1
SPEEDLOTTO_500_STORE_04081,74460594,수퍼마켓,,미상,,,,speedlotto_500,4,first,1,200000000,2026-04-26T12:19:14.059480,2026-04-26T12:19:14.059480,1
SPEEDLOTTO_500_STORE_04082,74560222,편의점,,미상,,,,speedlotto_500,4,first,1,200000000,2026-04-26T12:19:14.059480,2026-04-26T12:19:14.059480,1
SPEEDLOTTO_500_STORE_04083,74860491,편의점,,미상,,,,speedlotto_500,4,first,1,200000000,2026-04-26T12:19:14.059480,2026-04-26T12:19:14.059480,1
SPEEDLOTTO_500_STORE_04084,74164096,복권방,,미상,,,,speedlotto_500,4,first,1,200000000,2026-04-26T12:19:14.059480,2026-04-26T12:19:14.059480,1
SPEEDLOTTO_500_STORE_04085,73060537,원마트 편의점,,미상,,,,speedlotto_500,4,first,1,200000000,2026-04-26T12:19:14.059480,2026-04-26T12:19:14.059480,1
SPEEDLOTTO_500_STORE_04086,74660195,복권방,,미상,,,,speedlotto_500,4,first,1,200000000,2026-04-26T12:19:14.059480,2026-04-26T12:19:14.059480,1
SPEEDLOTTO_500_STORE_04087,74860751,미니스톱,,미상,,,,speedlotto_500,4,first,1,200000000,2026-04-26T12:19:14.059480,2026-04-26T12:19:14.059480,1
SPEEDLOTTO_500_STORE_04088,72660051,편의점,,미상,,,,speedlotto_500,4,first,1,200000000,2026-04-26T12:19:14.059480,2026-04-26T12:19:14.059480,1
SPEEDLOTTO_500_STORE_04089,71163551,슈퍼,,미상,,,,speedlotto_500,4,first,1,200000000,2026-04-26T12:19:14.059480,2026-04-26T12:19:14.059480,1
SPEEDLOTTO_500_STORE_04090,71161183,가판,,미상,,,,speedlotto_500,4,first,1,200000000,2026-04-26T12:19:14.059480,2026-04-26T12:19:14.059480,1
SPEEDLOTTO_500_STORE_04091,71164341,복권방,,미상,,,,speedlotto_500,4,first,1,200000000,2026-04-26T12:19:14.059480,2026-04-26T12:19:14.059480,1
SPEEDLOTTO_500_STORE_04092,73160111,우리들 편의점 서부점,,미상,,,,speedlotto_500,4,first,1,200000000,2026-04-26T12:19:14.059480,2026-04-26T12:19:14.059480,1
SPEEDLOTTO_500_STORE_04093,72960822,편의점,,미상,,,,speedlotto_500,4,first,1,200000000,2026-04-26T12:19:14.059480,2026-04-26T12:19:14.059480,1
SPEEDLOTTO_500_STORE_04094,74162947,편의점,,미상,,,,speedlotto_500,4,first,1,200000000,2026-04-26T12:19:14.059480,2026-04-26T12:19:14.059480,1
SPEEDLOTTO_500_STORE_04095,72660156,복권방,,미상,,,,speedlotto_500,4,first,1,200000000,2026-04-26T12:19:14.059480,2026-04-26T12:19:14.059480,1
SPEEDLOTTO_500_STORE_04096,74160347,토토마트 (구 편의점사랑),,미상,,,,speedlotto_500,3,first,1,200000000,2026-04-26T12:19:15.929451,2026-04-26T12:19:15.929451,1
SPEEDLOTTO_500_STORE_04097,74760625,CSPACE구미옥계점,,미상,,,,speedlotto_500,3,first,1,200000000,2026-04-26T12:19:15.929451,2026-04-26T12:19:15.929451,1
SPEEDLOTTO_500_STORE_04098,74163706,다우토토샵,,미상,,,,speedlotto_500,3,first,1,200000000,2026-04-26T12:19:15.929451,2026-04-26T12:19:15.929451,1
SPEEDLOTTO_500_STORE_04099,74261788,일등당첨,,미상,,,,speedlotto_500,3,first,1,200000000,2026-04-26T12:19:15.929451,2026-04-26T12:19:15.929451,1
SPEEDLOTTO_500_STORE_04100,72662656,황금복권방,,미상,,,,speedlotto_500,3,first,1,200000000,2026-04-26T12:19:15.929451,2026-04-26T12:19:15.929451,1
SPEEDLOTTO_500_STORE_04101,74660464,드림복권(2호광장),,미상,,,,speedlotto_500,3,first,1,200000000,2026-04-26T12:19:15.929451,2026-04-26T12:19:15.929451,1
SPEEDLOTTO_500_STORE_04102,73160721,또로또,,미상,,,,speedlotto_500,3,first,1,200000000,2026-04-26T12:19:15.929451,2026-04-26T12:19:15.929451,1
SPEEDLOTTO_500_STORE_04103,74166759,GS25이동센터점,,미상,,,,speedlotto_500,3,first,1,200000000,2026-04-26T12:19:15.929451,2026-04-26T12:19:15.929451,1
SPEEDLOTTO_500_STORE_04104,74162803,보물섬복권방,,미상,,,,speedlotto_500,3,first,1,200000000,2026-04-26T12:19:15.929451,2026-04-26T12:19:15.929451,1
SPEEDLOTTO_500_STORE_04105,71162035,천하명당복권방,,미상,,,,speedlotto_500,3,first,1,200000000,2026-04-26T12:19:15.929451,2026-04-26T12:19:15.929451,1
SPEEDLOTTO_500_STORE_04106,73061011,금화로또마트,,미상,,,,speedlotto_500,3,first,1,200000000,2026-04-26T12:19:15.929451,2026-04-26T12:19:15.929451,1
SPEEDLOTTO_500_STORE_04107,72960747,오천억복권방,,미상,,,,speedlotto_500,3,first,1,200000000,2026-04-26T12:19:15.929451,2026-04-26T12:19:15.929451,1
SPEEDLOTTO_500_STORE_04108,74163177,명당골복권방,,미상,,,,speedlotto_500,3,first,1,200000000,2026-04-26T12:19:15.929451,2026-04-26T12:19:15.929451,1
SPEEDLOTTO_500_STORE_04109,72661445,CU사상서부,,미상,,,,speedlotto_500,3,first,1,200000000,2026-04-26T12:19:15.929451,2026-04-26T12:19:15.929451,2
SPEEDLOTTO_500_STORE_04110,74661194,스타복권,,미상,,,,speedlotto_500,3,first,1,200000000,2026-04-26T12:19:15.929451,2026-04-26T12:19:15.929451,1
SPEEDLOTTO_500_STORE_04111,74761757,SE왜관희망점,,미상,,,,speedlotto_500,3,first,1,200000000,2026-04-26T12:19:15.929451,2026-04-26T12:19:15.929451,1
SPEEDLOTTO_500_STORE_04112,74661178,제철로또대리점,,미상,,,,speedlotto_500,3,first,1,200000000,2026-04-26T12:19:15.929451,2026-04-26T12:19:15.929451,1
SPEEDLOTTO_500_STORE_04113,74161285,차부상회,,미상,,,,speedlotto_500,3,first,1,200000000,2026-04-26T12:19:15.929451,2026-04-26T12:19:15.929451,1
SPEEDLOTTO_500_STORE_04114,74360035,복덩어리,,미상,,,,speedlotto_500,3,first,1,200000000,2026-04-26T12:19:15.929451,2026-04-26T12:19:15.929451,1
SPEEDLOTTO_500_STORE_04115,72960008,도울복권,,미상,,,,speedlotto_500,3,first,1,200000000,2026-04-26T12:19:15.929451,2026-04-26T12:19:15.929451,1
SPEEDLOTTO_500_STORE_04116,72860361,프리마트,,미상,,,,speedlotto_500,3,first,1,200000000,2026-04-26T12:19:15.929451,2026-04-26T12:19:15.929451,1
SPEEDLOTTO_500_STORE_04117,73160635,삼우슈퍼,,미상,,,,speedlotto_500,3,first,1,200000000,2026-04-26T12:19:15.929451,2026-04-26T12:19:15.929451,1
SPEEDLOTTO_500_STORE_04118,72860822,복권왕국,,미상,,,,speedlotto_500,3,first,1,200000000,2026-04-26T12:19:15.929451,2026-04-26T12:19:15.929451,1
SPEEDLOTTO_500_STORE_04119,73160368,이마트24삼산본동,,미상,,,,speedlotto_500,3,first,1,200000000,2026-04-26T12:19:15.929451,2026-04-26T12:19:15.929451,1
SPEEDLOTTO_500_STORE_04120,74160255,CU 포천가산점,,미상,,,,speedlotto_500,3,first,1,200000000,2026-04-26T12:19:15.929451,2026-04-26T12:19:15.929451,1
SPEEDLOTTO_500_STORE_04121,72960924,진곡산단로또,,미상,,,,speedlotto_500,3,first,1,200000000,2026-04-26T12:19:15.929451,2026-04-26T12:19:15.929451,1
SPEEDLOTTO_500_STORE_04122,74760798,빙그레마트,,미상,,,,speedlotto_500,3,first,1,200000000,2026-04-26T12:19:15.929451,2026-04-26T12:19:15.929451,1
SPEEDLOTTO_500_STORE_04123,74360026,굿모닝복권방,,미상,,,,speedlotto_500,3,first,1,200000000,2026-04-26T12:19:15.929451,2026-04-26T12:19:15.929451,1
SPEEDLOTTO_500_STORE_04124,74760164,옹천왕대박슈퍼,,미상,,,,speedlotto_500,3,first,1,200000000,2026-04-26T12:19:15.929451,2026-04-26T12:19:15.929451,1
SPEEDLOTTO_500_STORE_04125,72861215,노다지복권방(학익),,미상,,,,speedlotto_500,3,first,1,200000000,2026-04-26T12:19:15.929451,2026-04-26T12:19:15.929451,1
SPEEDLOTTO_500_STORE_04126,71163495,CU 송파한화2호점,,미상,,,,speedlotto_500,3,first,1,200000000,2026-04-26T12:19:15.929451,2026-04-26T12:19:15.929451,1
SPEEDLOTTO_500_STORE_04127,74160110,GS 양주신산점,,미상,,,,speedlotto_500,3,first,1,200000000,2026-04-26T12:19:15.929451,2026-04-26T12:19:15.929451,1
SPEEDLOTTO_500_STORE_04128,74761012,로또훼미리마트왜관점,,미상,,,,speedlotto_500,3,first,1,200000000,2026-04-26T12:19:15.929451,2026-04-26T12:19:15.929451,1
SPEEDLOTTO_500_STORE_04129,99999990,미확인 판매점 ,,미상,,,,speedlotto_500,3,first,1,200000000,2026-04-26T12:19:15.929451,2026-04-26T12:19:15.929451,1
SPEEDLOTTO_500_STORE_04130,74460619,GS25봉명희망점,,미상,,,,speedlotto_500,3,first,1,200000000,2026-04-26T12:19:15.929451,2026-04-26T12:19:15.929451,1
SPEEDLOTTO_500_STORE_04131,72960633,채널Q24시로또주월점,,미상,,,,speedlotto_500,3,first,1,200000000,2026-04-26T12:19:15.929451,2026-04-26T12:19:15.929451,1
SPEEDLOTTO_500_STORE_04132,74162879,CU 안산이동제일점,,미상,,,,speedlotto_500,3,first,1,200000000,2026-04-26T12:19:15.929451,2026-04-26T12:19:15.929451,1
SPEEDLOTTO_500_STORE_04133,74861498,채널큐,,미상,,,,speedlotto_500,3,first,1,400000000,2026-04-26T12:19:15.929451,2026-04-26T12:19:15.929451,1
SPEEDLOTTO_500_STORE_04134,74860026,미니스톱 평산점,,미상,,,,speedlotto_500,3,first,1,400000000,2026-04-26T12:19:15.929451,2026-04-26T12:19:15.929451,1
SPEEDLOTTO_500_STORE_04135,72760607,대백마트,,미상,,,,speedlotto_500,3,first,1,200000000,2026-04-26T12:19:15.929451,2026-04-26T12:19:15.929451,1
SPEEDLOTTO_500_STORE_04136,71161288,세븐일레븐,,미상,,,,speedlotto_500,3,first,1,200000000,2026-04-26T12:19:15.929451,2026-04-26T12:19:15.929451,1
SPEEDLOTTO_500_STORE_04137,74163134,CU 구운선경점,,미상,,,,speedlotto_500,3,first,1,200000000,2026-04-26T12:19:15.929451,2026-04-26T12:19:15.929451,1
SPEEDLOTTO_500_STORE_04138,74163861,ANY로또,,미상,,,,speedlotto_500,3,first,1,200000000,2026-04-26T12:19:15.929451,2026-04-26T12:19:15.929451,1
SPEEDLOTTO_500_STORE_04139,71163684,스포츠베팅샵,,미상,,,,speedlotto_500,3,first,1,200000000,2026-04-26T12:19:15.929451,2026-04-26T12:19:15.929451,1
SPEEDLOTTO_500_STORE_04140,74260737,복권뱅크,,미상,,,,speedlotto_500,3,first,1,200000000,2026-04-26T12:19:15.929451,2026-04-26T12:19:15.929451,1
SPEEDLOTTO_500_STORE_04141,74860113,창원25시슈퍼(24시로또복권),,미상,,,,speedlotto_500,3,first,1,200000000,2026-04-26T12:19:15.929451,2026-04-26T12:19:15.929451,1
SPEEDLOTTO_500_STORE_04142,71160248,복마니복권방,,미상,,,,speedlotto_500,3,first,1,200000000,2026-04-26T12:19:15.929451,2026-04-26T12:19:15.929451,1
SPEEDLOTTO_500_STORE_04143,74860442,운동장마트,,미상,,,,speedlotto_500,3,first,1,200000000,2026-04-26T12:19:15.929451,2026-04-26T12:19:15.929451,1
SPEEDLOTTO_500_STORE_04144,71160111,복권나라,,미상,,,,speedlotto_500,3,first,1,200000000,2026-04-26T12:19:15.929451,2026-04-26T12:19:15.929451,1
SPEEDLOTTO_500_STORE_04145,74660663,CU목포비파점,,미상,,,,speedlotto_500,3,first,1,200000000,2026-04-26T12:19:15.929451,2026-04-26T12:19:15.929451,1
SPEEDLOTTO_500_STORE_04146,73060444,씨스페이스유성신우점,,미상,,,,speedlotto_500,3,first,1,200000000,2026-04-26T12:19:15.929451,2026-04-26T12:19:15.929451,1
SPEEDLOTTO_500_STORE_04147,74162956,세븐일레븐 안산고잔금강점,,미상,,,,speedlotto_500,3,first,1,200000000,2026-04-26T12:19:15.929451,2026-04-26T12:19:15.929451,1
SPEEDLOTTO_500_STORE_04148,74960026,하나슈퍼,,미상,,,,speedlotto_500,3,first,1,200000000,2026-04-26T12:19:15.929451,2026-04-26T12:19:15.929451,1
SPEEDLOTTO_500_STORE_04149,71161818,CU,,미상,,,,speedlotto_500,3,first,1,200000000,2026-04-26T12:19:15.929451,2026-04-26T12:19:15.929451,1
SPEEDLOTTO_500_STORE_04150,74163317,명진슈퍼,,미상,,,,speedlotto_500,3,first,1,200000000,2026-04-26T12:19:15.929451,2026-04-26T12:19:15.929451,1
SPEEDLOTTO_500_STORE_04151,71164520,양천24,,미상,,,,speedlotto_500,3,first,1,200000000,2026-04-26T12:19:15.929451,2026-04-26T12:19:15.929451,1
SPEEDLOTTO_500_STORE_04152,74163911,복권방,,미상,,,,speedlotto_500,3,first,1,200000000,2026-04-26T12:19:15.929451,2026-04-26T12:19:15.929451,1
SPEEDLOTTO_500_STORE_04153,71160627,세븐일레븐,,미상,,,,speedlotto_500,3,first,1,200000000,2026-04-26T12:19:15.929451,2026-04-26T12:19:15.929451,1
SPEEDLOTTO_500_STORE_04154,74260514,편의점,,미상,,,,speedlotto_500,3,first,1,200000000,2026-04-26T12:19:15.929451,2026-04-26T12:19:15.929451,1
SPEEDLOTTO_500_STORE_04155,74860121,복권방,,미상,,,,speedlotto_500,3,first,1,200000000,2026-04-26T12:19:15.929451,2026-04-26T12:19:15.929451,1
SPEEDLOTTO_500_STORE_04156,72660480,복권천국 복권방,,미상,,,,speedlotto_500,3,first,1,200000000,2026-04-26T12:19:15.929451,2026-04-26T12:19:15.929451,1
SPEEDLOTTO_500_STORE_04157,74460132,편의점,,미상,,,,speedlotto_500,3,first,1,200000000,2026-04-26T12:19:15.929451,2026-04-26T12:19:15.929451,1
SPEEDLOTTO_500_STORE_04158,71162726,가판대,,미상,,,,speedlotto_500,3,first,1,200000000,2026-04-26T12:19:15.929451,2026-04-26T12:19:15.929451,1
SPEEDLOTTO_500_STORE_04159,71162617,편의점,,미상,,,,speedlotto_500,3,first,1,200000000,2026-04-26T12:19:15.929451,2026-04-26T12:19:15.929451,1
SPEEDLOTTO_500_STORE_04160,71161756,복권방,,미상,,,,speedlotto_500,3,first,1,200000000,2026-04-26T12:19:15.929451,2026-04-26T12:19:15.929451,1
SPEEDLOTTO_500_STORE_04161,73160068,우리들 편의점 서부점,,미상,,,,speedlotto_500,3,first,1,200000000,2026-04-26T12:19:15.929451,2026-04-26T12:19:15.929451,1
SPEEDLOTTO_500_STORE_04162,74860224,슈퍼마켓,,미상,,,,speedlotto_500,3,first,1,200000000,2026-04-26T12:19:15.929451,2026-04-26T12:19:15.929451,1
SPEEDLOTTO_500_STORE_04163,74162739,복권방,,미상,,,,speedlotto_500,3,first,1,200000000,2026-04-26T12:19:15.929451,2026-04-26T12:19:15.929451,1
SPEEDLOTTO_500_STORE_04164,74162534,편의점,,미상,,,,speedlotto_500,3,first,1,200000000,2026-04-26T12:19:15.929451,2026-04-26T12:19:15.929451,1
SPEEDLOTTO_500_STORE_04165,74260488,제일복권,,미상,,,,speedlotto_500,3,first,1,200000000,2026-04-26T12:19:15.929451,2026-04-26T12:19:15.929451,1
SPEEDLOTTO_500_STORE_04166,74260444,복권방,,미상,,,,speedlotto_500,3,first,1,200000000,2026-04-26T12:19:15.929451,2026-04-26T12:19:15.929451,1
SPEEDLOTTO_500_STORE_04167,72863021,수퍼마켓,,미상,,,,speedlotto_500,3,first,1,200000000,2026-04-26T12:19:15.929451,2026-04-26T12:19:15.929451,1
SPEEDLOTTO_500_STORE_04168,74160427,만물복권방,,미상,,,,speedlotto_500,3,first,1,200000000,2026-04-26T12:19:15.929451,2026-04-26T12:19:15.929451,1
SPEEDLOTTO_500_STORE_04169,74861125,편의점,,미상,,,,speedlotto_500,3,first,1,200000000,2026-04-26T12:19:15.929451,2026-04-26T12:19:15.929451,1
SPEEDLOTTO_500_STORE_04170,71160697,가판,,미상,,,,speedlotto_500,3,first,1,200000000,2026-04-26T12:19:15.929451,2026-04-26T12:19:15.929451,1
SPEEDLOTTO_500_STORE_04171,74861027,수퍼마켓,,미상,,,,speedlotto_500,3,first,1,200000000,2026-04-26T12:19:15.929451,2026-04-26T12:19:15.929451,1
SPEEDLOTTO_500_STORE_04172,74460594,수퍼마켓,,미상,,,,speedlotto_500,3,first,1,200000000,2026-04-26T12:19:15.929451,2026-04-26T12:19:15.929451,1
SPEEDLOTTO_500_STORE_04173,74560222,편의점,,미상,,,,speedlotto_500,3,first,1,200000000,2026-04-26T12:19:15.929451,2026-04-26T12:19:15.929451,1
SPEEDLOTTO_500_STORE_04174,74860491,편의점,,미상,,,,speedlotto_500,3,first,1,200000000,2026-04-26T12:19:15.929451,2026-04-26T12:19:15.929451,1
SPEEDLOTTO_500_STORE_04175,74164096,복권방,,미상,,,,speedlotto_500,3,first,1,200000000,2026-04-26T12:19:15.929451,2026-04-26T12:19:15.929451,1
SPEEDLOTTO_500_STORE_04176,73060537,원마트 편의점,,미상,,,,speedlotto_500,3,first,1,200000000,2026-04-26T12:19:15.929451,2026-04-26T12:19:15.929451,1
SPEEDLOTTO_500_STORE_04177,74660195,복권방,,미상,,,,speedlotto_500,3,first,1,200000000,2026-04-26T12:19:15.929451,2026-04-26T12:19:15.929451,1
SPEEDLOTTO_500_STORE_04178,74860751,미니스톱,,미상,,,,speedlotto_500,3,first,1,200000000,2026-04-26T12:19:15.929451,2026-04-26T12:19:15.929451,1
SPEEDLOTTO_500_STORE_04179,72660051,편의점,,미상,,,,speedlotto_500,3,first,1,200000000,2026-04-26T12:19:15.929451,2026-04-26T12:19:15.929451,1
SPEEDLOTTO_500_STORE_04180,71163551,슈퍼,,미상,,,,speedlotto_500,3,first,1,200000000,2026-04-26T12:19:15.929451,2026-04-26T12:19:15.929451,1
SPEEDLOTTO_500_STORE_04181,71161183,가판,,미상,,,,speedlotto_500,3,first,1,200000000,2026-04-26T12:19:15.929451,2026-04-26T12:19:15.929451,1
SPEEDLOTTO_500_STORE_04182,71164341,복권방,,미상,,,,speedlotto_500,3,first,1,200000000,2026-04-26T12:19:15.929451,2026-04-26T12:19:15.929451,1
SPEEDLOTTO_500_STORE_04183,73160111,우리들 편의점 서부점,,미상,,,,speedlotto_500,3,first,1,200000000,2026-04-26T12:19:15.929451,2026-04-26T12:19:15.929451,1
SPEEDLOTTO_500_STORE_04184,72960822,편의점,,미상,,,,speedlotto_500,3,first,1,200000000,2026-04-26T12:19:15.929451,2026-04-26T12:19:15.929451,1
SPEEDLOTTO_500_STORE_04185,74162947,편의점,,미상,,,,speedlotto_500,3,first,1,200000000,2026-04-26T12:19:15.930452,2026-04-26T12:19:15.930452,1
SPEEDLOTTO_500_STORE_04186,72660156,복권방,,미상,,,,speedlotto_500,3,first,1,200000000,2026-04-26T12:19:15.930452,2026-04-26T12:19:15.930452,1
SPEEDLOTTO_500_STORE_04187,74160347,토토마트 (구 편의점사랑),,미상,,,,speedlotto_500,2,first,1,200000000,2026-04-26T12:19:17.769828,2026-04-26T12:19:17.769828,1
SPEEDLOTTO_500_STORE_04188,74760625,CSPACE구미옥계점,,미상,,,,speedlotto_500,2,first,1,200000000,2026-04-26T12:19:17.769828,2026-04-26T12:19:17.769828,1
SPEEDLOTTO_500_STORE_04189,74163706,다우토토샵,,미상,,,,speedlotto_500,2,first,1,200000000,2026-04-26T12:19:17.769828,2026-04-26T12:19:17.769828,1
SPEEDLOTTO_500_STORE_04190,74261788,일등당첨,,미상,,,,speedlotto_500,2,first,1,200000000,2026-04-26T12:19:17.769828,2026-04-26T12:19:17.769828,1
SPEEDLOTTO_500_STORE_04191,72662656,황금복권방,,미상,,,,speedlotto_500,2,first,1,200000000,2026-04-26T12:19:17.769828,2026-04-26T12:19:17.769828,1
SPEEDLOTTO_500_STORE_04192,74660464,드림복권(2호광장),,미상,,,,speedlotto_500,2,first,1,200000000,2026-04-26T12:19:17.769828,2026-04-26T12:19:17.769828,1
SPEEDLOTTO_500_STORE_04193,73160721,또로또,,미상,,,,speedlotto_500,2,first,1,200000000,2026-04-26T12:19:17.769828,2026-04-26T12:19:17.769828,1
SPEEDLOTTO_500_STORE_04194,74166759,GS25이동센터점,,미상,,,,speedlotto_500,2,first,1,200000000,2026-04-26T12:19:17.769828,2026-04-26T12:19:17.769828,1
SPEEDLOTTO_500_STORE_04195,74162803,보물섬복권방,,미상,,,,speedlotto_500,2,first,1,200000000,2026-04-26T12:19:17.769828,2026-04-26T12:19:17.769828,1
SPEEDLOTTO_500_STORE_04196,71162035,천하명당복권방,,미상,,,,speedlotto_500,2,first,1,200000000,2026-04-26T12:19:17.769828,2026-04-26T12:19:17.769828,1
SPEEDLOTTO_500_STORE_04197,73061011,금화로또마트,,미상,,,,speedlotto_500,2,first,1,200000000,2026-04-26T12:19:17.769828,2026-04-26T12:19:17.769828,1
SPEEDLOTTO_500_STORE_04198,72960747,오천억복권방,,미상,,,,speedlotto_500,2,first,1,200000000,2026-04-26T12:19:17.769828,2026-04-26T12:19:17.769828,1
SPEEDLOTTO_500_STORE_04199,74163177,명당골복권방,,미상,,,,speedlotto_500,2,first,1,200000000,2026-04-26T12:19:17.769828,2026-04-26T12:19:17.769828,1
SPEEDLOTTO_500_STORE_04200,72661445,CU사상서부,,미상,,,,speedlotto_500,2,first,1,200000000,2026-04-26T12:19:17.769828,2026-04-26T12:19:17.769828,2
SPEEDLOTTO_500_STORE_04201,74661194,스타복권,,미상,,,,speedlotto_500,2,first,1,200000000,2026-04-26T12:19:17.769828,2026-04-26T12:19:17.769828,1
SPEEDLOTTO_500_STORE_04202,74761757,SE왜관희망점,,미상,,,,speedlotto_500,2,first,1,200000000,2026-04-26T12:19:17.769828,2026-04-26T12:19:17.769828,1
SPEEDLOTTO_500_STORE_04203,74661178,제철로또대리점,,미상,,,,speedlotto_500,2,first,1,200000000,2026-04-26T12:19:17.769828,2026-04-26T12:19:17.769828,1
SPEEDLOTTO_500_STORE_04204,74161285,차부상회,,미상,,,,speedlotto_500,2,first,1,200000000,2026-04-26T12:19:17.769828,2026-04-26T12:19:17.769828,1
SPEEDLOTTO_500_STORE_04205,74360035,복덩어리,,미상,,,,speedlotto_500,2,first,1,200000000,2026-04-26T12:19:17.769828,2026-04-26T12:19:17.769828,1
SPEEDLOTTO_500_STORE_04206,72960008,도울복권,,미상,,,,speedlotto_500,2,first,1,200000000,2026-04-26T12:19:17.769828,2026-04-26T12:19:17.769828,1
SPEEDLOTTO_500_STORE_04207,72860361,프리마트,,미상,,,,speedlotto_500,2,first,1,200000000,2026-04-26T12:19:17.769828,2026-04-26T12:19:17.769828,1
SPEEDLOTTO_500_STORE_04208,73160635,삼우슈퍼,,미상,,,,speedlotto_500,2,first,1,200000000,2026-04-26T12:19:17.769828,2026-04-26T12:19:17.769828,1
SPEEDLOTTO_500_STORE_04209,72860822,복권왕국,,미상,,,,speedlotto_500,2,first,1,200000000,2026-04-26T12:19:17.769828,2026-04-26T12:19:17.769828,1
SPEEDLOTTO_500_STORE_04210,73160368,이마트24삼산본동,,미상,,,,speedlotto_500,2,first,1,200000000,2026-04-26T12:19:17.769828,2026-04-26T12:19:17.769828,1
SPEEDLOTTO_500_STORE_04211,74160255,CU 포천가산점,,미상,,,,speedlotto_500,2,first,1,200000000,2026-04-26T12:19:17.769828,2026-04-26T12:19:17.769828,1
SPEEDLOTTO_500_STORE_04212,72960924,진곡산단로또,,미상,,,,speedlotto_500,2,first,1,200000000,2026-04-26T12:19:17.769828,2026-04-26T12:19:17.769828,1
SPEEDLOTTO_500_STORE_04213,74760798,빙그레마트,,미상,,,,speedlotto_500,2,first,1,200000000,2026-04-26T12:19:17.769828,2026-04-26T12:19:17.769828,1
SPEEDLOTTO_500_STORE_04214,74360026,굿모닝복권방,,미상,,,,speedlotto_500,2,first,1,200000000,2026-04-26T12:19:17.769828,2026-04-26T12:19:17.769828,1
SPEEDLOTTO_500_STORE_04215,74760164,옹천왕대박슈퍼,,미상,,,,speedlotto_500,2,first,1,200000000,2026-04-26T12:19:17.769828,2026-04-26T12:19:17.769828,1
SPEEDLOTTO_500_STORE_04216,72861215,노다지복권방(학익),,미상,,,,speedlotto_500,2,first,1,200000000,2026-04-26T12:19:17.769828,2026-04-26T12:19:17.769828,1
SPEEDLOTTO_500_STORE_04217,71163495,CU 송파한화2호점,,미상,,,,speedlotto_500,2,first,1,200000000,2026-04-26T12:19:17.769828,2026-04-26T12:19:17.769828,1
SPEEDLOTTO_500_STORE_04218,74160110,GS 양주신산점,,미상,,,,speedlotto_500,2,first,1,200000000,2026-04-26T12:19:17.769828,2026-04-26T12:19:17.769828,1
SPEEDLOTTO_500_STORE_04219,74761012,로또훼미리마트왜관점,,미상,,,,speedlotto_500,2,first,1,200000000,2026-04-26T12:19:17.769828,2026-04-26T12:19:17.769828,1
SPEEDLOTTO_500_STORE_04220,99999990,미확인 판매점 ,,미상,,,,speedlotto_500,2,first,1,200000000,2026-04-26T12:19:17.769828,2026-04-26T12:19:17.769828,1
SPEEDLOTTO_500_STORE_04221,74460619,GS25봉명희망점,,미상,,,,speedlotto_500,2,first,1,200000000,2026-04-26T12:19:17.769828,2026-04-26T12:19:17.769828,1
SPEEDLOTTO_500_STORE_04222,72960633,채널Q24시로또주월점,,미상,,,,speedlotto_500,2,first,1,200000000,2026-04-26T12:19:17.769828,2026-04-26T12:19:17.769828,1
SPEEDLOTTO_500_STORE_04223,74162879,CU 안산이동제일점,,미상,,,,speedlotto_500,2,first,1,200000000,2026-04-26T12:19:17.769828,2026-04-26T12:19:17.769828,1
SPEEDLOTTO_500_STORE_04224,74861498,채널큐,,미상,,,,speedlotto_500,2,first,1,400000000,2026-04-26T12:19:17.769828,2026-04-26T12:19:17.769828,1
SPEEDLOTTO_500_STORE_04225,74860026,미니스톱 평산점,,미상,,,,speedlotto_500,2,first,1,400000000,2026-04-26T12:19:17.769828,2026-04-26T12:19:17.769828,1
SPEEDLOTTO_500_STORE_04226,72760607,대백마트,,미상,,,,speedlotto_500,2,first,1,200000000,2026-04-26T12:19:17.769828,2026-04-26T12:19:17.769828,1
SPEEDLOTTO_500_STORE_04227,71161288,세븐일레븐,,미상,,,,speedlotto_500,2,first,1,200000000,2026-04-26T12:19:17.769828,2026-04-26T12:19:17.769828,1
SPEEDLOTTO_500_STORE_04228,74163134,CU 구운선경점,,미상,,,,speedlotto_500,2,first,1,200000000,2026-04-26T12:19:17.769828,2026-04-26T12:19:17.769828,1
SPEEDLOTTO_500_STORE_04229,74163861,ANY로또,,미상,,,,speedlotto_500,2,first,1,200000000,2026-04-26T12:19:17.769828,2026-04-26T12:19:17.769828,1
SPEEDLOTTO_500_STORE_04230,71163684,스포츠베팅샵,,미상,,,,speedlotto_500,2,first,1,200000000,2026-04-26T12:19:17.769828,2026-04-26T12:19:17.769828,1
SPEEDLOTTO_500_STORE_04231,74260737,복권뱅크,,미상,,,,speedlotto_500,2,first,1,200000000,2026-04-26T12:19:17.769828,2026-04-26T12:19:17.769828,1
SPEEDLOTTO_500_STORE_04232,74860113,창원25시슈퍼(24시로또복권),,미상,,,,speedlotto_500,2,first,1,200000000,2026-04-26T12:19:17.769828,2026-04-26T12:19:17.769828,1
SPEEDLOTTO_500_STORE_04233,71160248,복마니복권방,,미상,,,,speedlotto_500,2,first,1,200000000,2026-04-26T12:19:17.769828,2026-04-26T12:19:17.769828,1
SPEEDLOTTO_500_STORE_04234,74860442,운동장마트,,미상,,,,speedlotto_500,2,first,1,200000000,2026-04-26T12:19:17.769828,2026-04-26T12:19:17.769828,1
SPEEDLOTTO_500_STORE_04235,71160111,복권나라,,미상,,,,speedlotto_500,2,first,1,200000000,2026-04-26T12:19:17.769828,2026-04-26T12:19:17.769828,1
SPEEDLOTTO_500_STORE_04236,74660663,CU목포비파점,,미상,,,,speedlotto_500,2,first,1,200000000,2026-04-26T12:19:17.769828,2026-04-26T12:19:17.769828,1
SPEEDLOTTO_500_STORE_04237,73060444,씨스페이스유성신우점,,미상,,,,speedlotto_500,2,first,1,200000000,2026-04-26T12:19:17.769828,2026-04-26T12:19:17.769828,1
SPEEDLOTTO_500_STORE_04238,74162956,세븐일레븐 안산고잔금강점,,미상,,,,speedlotto_500,2,first,1,200000000,2026-04-26T12:19:17.769828,2026-04-26T12:19:17.769828,1
SPEEDLOTTO_500_STORE_04239,74960026,하나슈퍼,,미상,,,,speedlotto_500,2,first,1,200000000,2026-04-26T12:19:17.769828,2026-04-26T12:19:17.769828,1
SPEEDLOTTO_500_STORE_04240,71161818,CU,,미상,,,,speedlotto_500,2,first,1,200000000,2026-04-26T12:19:17.769828,2026-04-26T12:19:17.769828,1
SPEEDLOTTO_500_STORE_04241,74163317,명진슈퍼,,미상,,,,speedlotto_500,2,first,1,200000000,2026-04-26T12:19:17.769828,2026-04-26T12:19:17.769828,1
SPEEDLOTTO_500_STORE_04242,71164520,양천24,,미상,,,,speedlotto_500,2,first,1,200000000,2026-04-26T12:19:17.769828,2026-04-26T12:19:17.769828,1
SPEEDLOTTO_500_STORE_04243,74163911,복권방,,미상,,,,speedlotto_500,2,first,1,200000000,2026-04-26T12:19:17.769828,2026-04-26T12:19:17.769828,1
SPEEDLOTTO_500_STORE_04244,71160627,세븐일레븐,,미상,,,,speedlotto_500,2,first,1,200000000,2026-04-26T12:19:17.769828,2026-04-26T12:19:17.769828,1
SPEEDLOTTO_500_STORE_04245,74260514,편의점,,미상,,,,speedlotto_500,2,first,1,200000000,2026-04-26T12:19:17.769828,2026-04-26T12:19:17.769828,1
SPEEDLOTTO_500_STORE_04246,74860121,복권방,,미상,,,,speedlotto_500,2,first,1,200000000,2026-04-26T12:19:17.769828,2026-04-26T12:19:17.769828,1
SPEEDLOTTO_500_STORE_04247,72660480,복권천국 복권방,,미상,,,,speedlotto_500,2,first,1,200000000,2026-04-26T12:19:17.769828,2026-04-26T12:19:17.769828,1
SPEEDLOTTO_500_STORE_04248,74460132,편의점,,미상,,,,speedlotto_500,2,first,1,200000000,2026-04-26T12:19:17.769828,2026-04-26T12:19:17.769828,1
SPEEDLOTTO_500_STORE_04249,71162726,가판대,,미상,,,,speedlotto_500,2,first,1,200000000,2026-04-26T12:19:17.769828,2026-04-26T12:19:17.769828,1
SPEEDLOTTO_500_STORE_04250,71162617,편의점,,미상,,,,speedlotto_500,2,first,1,200000000,2026-04-26T12:19:17.769828,2026-04-26T12:19:17.769828,1
SPEEDLOTTO_500_STORE_04251,71161756,복권방,,미상,,,,speedlotto_500,2,first,1,200000000,2026-04-26T12:19:17.769828,2026-04-26T12:19:17.769828,1
SPEEDLOTTO_500_STORE_04252,73160068,우리들 편의점 서부점,,미상,,,,speedlotto_500,2,first,1,200000000,2026-04-26T12:19:17.769828,2026-04-26T12:19:17.769828,1
SPEEDLOTTO_500_STORE_04253,74860224,슈퍼마켓,,미상,,,,speedlotto_500,2,first,1,200000000,2026-04-26T12:19:17.769828,2026-04-26T12:19:17.769828,1
SPEEDLOTTO_500_STORE_04254,74162739,복권방,,미상,,,,speedlotto_500,2,first,1,200000000,2026-04-26T12:19:17.769828,2026-04-26T12:19:17.769828,1
SPEEDLOTTO_500_STORE_04255,74162534,편의점,,미상,,,,speedlotto_500,2,first,1,200000000,2026-04-26T12:19:17.769828,2026-04-26T12:19:17.769828,1
SPEEDLOTTO_500_STORE_04256,74260488,제일복권,,미상,,,,speedlotto_500,2,first,1,200000000,2026-04-26T12:19:17.769828,2026-04-26T12:19:17.769828,1
SPEEDLOTTO_500_STORE_04257,74260444,복권방,,미상,,,,speedlotto_500,2,first,1,200000000,2026-04-26T12:19:17.769828,2026-04-26T12:19:17.769828,1
SPEEDLOTTO_500_STORE_04258,72863021,수퍼마켓,,미상,,,,speedlotto_500,2,first,1,200000000,2026-04-26T12:19:17.769828,2026-04-26T12:19:17.769828,1
SPEEDLOTTO_500_STORE_04259,74160427,만물복권방,,미상,,,,speedlotto_500,2,first,1,200000000,2026-04-26T12:19:17.770826,2026-04-26T12:19:17.770826,1
SPEEDLOTTO_500_STORE_04260,74861125,편의점,,미상,,,,speedlotto_500,2,first,1,200000000,2026-04-26T12:19:17.770826,2026-04-26T12:19:17.770826,1
SPEEDLOTTO_500_STORE_04261,71160697,가판,,미상,,,,speedlotto_500,2,first,1,200000000,2026-04-26T12:19:17.770826,2026-04-26T12:19:17.770826,1
SPEEDLOTTO_500_STORE_04262,74861027,수퍼마켓,,미상,,,,speedlotto_500,2,first,1,200000000,2026-04-26T12:19:17.770826,2026-04-26T12:19:17.770826,1
SPEEDLOTTO_500_STORE_04263,74460594,수퍼마켓,,미상,,,,speedlotto_500,2,first,1,200000000,2026-04-26T12:19:17.770826,2026-04-26T12:19:17.770826,1
SPEEDLOTTO_500_STORE_04264,74560222,편의점,,미상,,,,speedlotto_500,2,first,1,200000000,2026-04-26T12:19:17.770826,2026-04-26T12:19:17.770826,1
SPEEDLOTTO_500_STORE_04265,74860491,편의점,,미상,,,,speedlotto_500,2,first,1,200000000,2026-04-26T12:19:17.770826,2026-04-26T12:19:17.770826,1
SPEEDLOTTO_500_STORE_04266,74164096,복권방,,미상,,,,speedlotto_500,2,first,1,200000000,2026-04-26T12:19:17.770826,2026-04-26T12:19:17.770826,1
SPEEDLOTTO_500_STORE_04267,73060537,원마트 편의점,,미상,,,,speedlotto_500,2,first,1,200000000,2026-04-26T12:19:17.770826,2026-04-26T12:19:17.770826,1
SPEEDLOTTO_500_STORE_04268,74660195,복권방,,미상,,,,speedlotto_500,2,first,1,200000000,2026-04-26T12:19:17.770826,2026-04-26T12:19:17.770826,1
SPEEDLOTTO_500_STORE_04269,74860751,미니스톱,,미상,,,,speedlotto_500,2,first,1,200000000,2026-04-26T12:19:17.770826,2026-04-26T12:19:17.770826,1
SPEEDLOTTO_500_STORE_04270,72660051,편의점,,미상,,,,speedlotto_500,2,first,1,200000000,2026-04-26T12:19:17.770826,2026-04-26T12:19:17.770826,1
SPEEDLOTTO_500_STORE_04271,71163551,슈퍼,,미상,,,,speedlotto_500,2,first,1,200000000,2026-04-26T12:19:17.770826,2026-04-26T12:19:17.770826,1
SPEEDLOTTO_500_STORE_04272,71161183,가판,,미상,,,,speedlotto_500,2,first,1,200000000,2026-04-26T12:19:17.770826,2026-04-26T12:19:17.770826,1
SPEEDLOTTO_500_STORE_04273,71164341,복권방,,미상,,,,speedlotto_500,2,first,1,200000000,2026-04-26T12:19:17.770826,2026-04-26T12:19:17.770826,1
SPEEDLOTTO_500_STORE_04274,73160111,우리들 편의점 서부점,,미상,,,,speedlotto_500,2,first,1,200000000,2026-04-26T12:19:17.770826,2026-04-26T12:19:17.770826,1
SPEEDLOTTO_500_STORE_04275,72960822,편의점,,미상,,,,speedlotto_500,2,first,1,200000000,2026-04-26T12:19:17.770826,2026-04-26T12:19:17.770826,1
SPEEDLOTTO_500_STORE_04276,74162947,편의점,,미상,,,,speedlotto_500,2,first,1,200000000,2026-04-26T12:19:17.770826,2026-04-26T12:19:17.770826,1
SPEEDLOTTO_500_STORE_04277,72660156,복권방,,미상,,,,speedlotto_500,2,first,1,200000000,2026-04-26T12:19:17.770826,2026-04-26T12:19:17.770826,1
SPEEDLOTTO_500_STORE_04278,74160347,토토마트 (구 편의점사랑),,미상,,,,speedlotto_500,1,first,1,200000000,2026-04-26T12:19:19.637224,2026-04-26T12:19:19.637224,1
SPEEDLOTTO_500_STORE_04279,74760625,CSPACE구미옥계점,,미상,,,,speedlotto_500,1,first,1,200000000,2026-04-26T12:19:19.637224,2026-04-26T12:19:19.637224,1
SPEEDLOTTO_500_STORE_04280,74163706,다우토토샵,,미상,,,,speedlotto_500,1,first,1,200000000,2026-04-26T12:19:19.637224,2026-04-26T12:19:19.637224,1
SPEEDLOTTO_500_STORE_04281,74261788,일등당첨,,미상,,,,speedlotto_500,1,first,1,200000000,2026-04-26T12:19:19.637224,2026-04-26T12:19:19.637224,1
SPEEDLOTTO_500_STORE_04282,72662656,황금복권방,,미상,,,,speedlotto_500,1,first,1,200000000,2026-04-26T12:19:19.637224,2026-04-26T12:19:19.637224,1
SPEEDLOTTO_500_STORE_04283,74660464,드림복권(2호광장),,미상,,,,speedlotto_500,1,first,1,200000000,2026-04-26T12:19:19.637224,2026-04-26T12:19:19.637224,1
SPEEDLOTTO_500_STORE_04284,73160721,또로또,,미상,,,,speedlotto_500,1,first,1,200000000,2026-04-26T12:19:19.637224,2026-04-26T12:19:19.637224,1
SPEEDLOTTO_500_STORE_04285,74166759,GS25이동센터점,,미상,,,,speedlotto_500,1,first,1,200000000,2026-04-26T12:19:19.637224,2026-04-26T12:19:19.637224,1
SPEEDLOTTO_500_STORE_04286,74162803,보물섬복권방,,미상,,,,speedlotto_500,1,first,1,200000000,2026-04-26T12:19:19.637224,2026-04-26T12:19:19.637224,1
SPEEDLOTTO_500_STORE_04287,71162035,천하명당복권방,,미상,,,,speedlotto_500,1,first,1,200000000,2026-04-26T12:19:19.637224,2026-04-26T12:19:19.637224,1
SPEEDLOTTO_500_STORE_04288,73061011,금화로또마트,,미상,,,,speedlotto_500,1,first,1,200000000,2026-04-26T12:19:19.637224,2026-04-26T12:19:19.637224,1
SPEEDLOTTO_500_STORE_04289,72960747,오천억복권방,,미상,,,,speedlotto_500,1,first,1,200000000,2026-04-26T12:19:19.637224,2026-04-26T12:19:19.637224,1
SPEEDLOTTO_500_STORE_04290,74163177,명당골복권방,,미상,,,,speedlotto_500,1,first,1,200000000,2026-04-26T12:19:19.637224,2026-04-26T12:19:19.637224,1
SPEEDLOTTO_500_STORE_04291,72661445,CU사상서부,,미상,,,,speedlotto_500,1,first,1,200000000,2026-04-26T12:19:19.637224,2026-04-26T12:19:19.637224,2
SPEEDLOTTO_500_STORE_04292,74661194,스타복권,,미상,,,,speedlotto_500,1,first,1,200000000,2026-04-26T12:19:19.637224,2026-04-26T12:19:19.637224,1
SPEEDLOTTO_500_STORE_04293,74761757,SE왜관희망점,,미상,,,,speedlotto_500,1,first,1,200000000,2026-04-26T12:19:19.637224,2026-04-26T12:19:19.637224,1
SPEEDLOTTO_500_STORE_04294,74661178,제철로또대리점,,미상,,,,speedlotto_500,1,first,1,200000000,2026-04-26T12:19:19.637224,2026-04-26T12:19:19.637224,1
SPEEDLOTTO_500_STORE_04295,74161285,차부상회,,미상,,,,speedlotto_500,1,first,1,200000000,2026-04-26T12:19:19.637224,2026-04-26T12:19:19.637224,1
SPEEDLOTTO_500_STORE_04296,74360035,복덩어리,,미상,,,,speedlotto_500,1,first,1,200000000,2026-04-26T12:19:19.637224,2026-04-26T12:19:19.637224,1
SPEEDLOTTO_500_STORE_04297,72960008,도울복권,,미상,,,,speedlotto_500,1,first,1,200000000,2026-04-26T12:19:19.637224,2026-04-26T12:19:19.637224,1
SPEEDLOTTO_500_STORE_04298,72860361,프리마트,,미상,,,,speedlotto_500,1,first,1,200000000,2026-04-26T12:19:19.637224,2026-04-26T12:19:19.637224,1
SPEEDLOTTO_500_STORE_04299,73160635,삼우슈퍼,,미상,,,,speedlotto_500,1,first,1,200000000,2026-04-26T12:19:19.637224,2026-04-26T12:19:19.637224,1
SPEEDLOTTO_500_STORE_04300,72860822,복권왕국,,미상,,,,speedlotto_500,1,first,1,200000000,2026-04-26T12:19:19.637224,2026-04-26T12:19:19.637224,1
SPEEDLOTTO_500_STORE_04301,73160368,이마트24삼산본동,,미상,,,,speedlotto_500,1,first,1,200000000,2026-04-26T12:19:19.637224,2026-04-26T12:19:19.637224,1
SPEEDLOTTO_500_STORE_04302,74160255,CU 포천가산점,,미상,,,,speedlotto_500,1,first,1,200000000,2026-04-26T12:19:19.637224,2026-04-26T12:19:19.637224,1
SPEEDLOTTO_500_STORE_04303,72960924,진곡산단로또,,미상,,,,speedlotto_500,1,first,1,200000000,2026-04-26T12:19:19.637224,2026-04-26T12:19:19.637224,1
SPEEDLOTTO_500_STORE_04304,74760798,빙그레마트,,미상,,,,speedlotto_500,1,first,1,200000000,2026-04-26T12:19:19.637224,2026-04-26T12:19:19.637224,1
SPEEDLOTTO_500_STORE_04305,74360026,굿모닝복권방,,미상,,,,speedlotto_500,1,first,1,200000000,2026-04-26T12:19:19.637224,2026-04-26T12:19:19.637224,1
SPEEDLOTTO_500_STORE_04306,74760164,옹천왕대박슈퍼,,미상,,,,speedlotto_500,1,first,1,200000000,2026-04-26T12:19:19.637224,2026-04-26T12:19:19.637224,1
SPEEDLOTTO_500_STORE_04307,72861215,노다지복권방(학익),,미상,,,,speedlotto_500,1,first,1,200000000,2026-04-26T12:19:19.637224,2026-04-26T12:19:19.637224,1
SPEEDLOTTO_500_STORE_04308,71163495,CU 송파한화2호점,,미상,,,,speedlotto_500,1,first,1,200000000,2026-04-26T12:19:19.637224,2026-04-26T12:19:19.637224,1
SPEEDLOTTO_500_STORE_04309,74160110,GS 양주신산점,,미상,,,,speedlotto_500,1,first,1,200000000,2026-04-26T12:19:19.637224,2026-04-26T12:19:19.637224,1
SPEEDLOTTO_500_STORE_04310,74761012,로또훼미리마트왜관점,,미상,,,,speedlotto_500,1,first,1,200000000,2026-04-26T12:19:19.637224,2026-04-26T12:19:19.637224,1
SPEEDLOTTO_500_STORE_04311,99999990,미확인 판매점 ,,미상,,,,speedlotto_500,1,first,1,200000000,2026-04-26T12:19:19.637224,2026-04-26T12:19:19.637224,1
SPEEDLOTTO_500_STORE_04312,74460619,GS25봉명희망점,,미상,,,,speedlotto_500,1,first,1,200000000,2026-04-26T12:19:19.637224,2026-04-26T12:19:19.637224,1
SPEEDLOTTO_500_STORE_04313,72960633,채널Q24시로또주월점,,미상,,,,speedlotto_500,1,first,1,200000000,2026-04-26T12:19:19.637224,2026-04-26T12:19:19.637224,1
SPEEDLOTTO_500_STORE_04314,74162879,CU 안산이동제일점,,미상,,,,speedlotto_500,1,first,1,200000000,2026-04-26T12:19:19.637224,2026-04-26T12:19:19.637224,1
SPEEDLOTTO_500_STORE_04315,74861498,채널큐,,미상,,,,speedlotto_500,1,first,1,400000000,2026-04-26T12:19:19.638225,2026-04-26T12:19:19.638225,1
SPEEDLOTTO_500_STORE_04316,74860026,미니스톱 평산점,,미상,,,,speedlotto_500,1,first,1,400000000,2026-04-26T12:19:19.638225,2026-04-26T12:19:19.638225,1
SPEEDLOTTO_500_STORE_04317,72760607,대백마트,,미상,,,,speedlotto_500,1,first,1,200000000,2026-04-26T12:19:19.638225,2026-04-26T12:19:19.638225,1
SPEEDLOTTO_500_STORE_04318,71161288,세븐일레븐,,미상,,,,speedlotto_500,1,first,1,200000000,2026-04-26T12:19:19.638225,2026-04-26T12:19:19.638225,1
SPEEDLOTTO_500_STORE_04319,74163134,CU 구운선경점,,미상,,,,speedlotto_500,1,first,1,200000000,2026-04-26T12:19:19.638225,2026-04-26T12:19:19.638225,1
SPEEDLOTTO_500_STORE_04320,74163861,ANY로또,,미상,,,,speedlotto_500,1,first,1,200000000,2026-04-26T12:19:19.638225,2026-04-26T12:19:19.638225,1
SPEEDLOTTO_500_STORE_04321,71163684,스포츠베팅샵,,미상,,,,speedlotto_500,1,first,1,200000000,2026-04-26T12:19:19.638225,2026-04-26T12:19:19.638225,1
SPEEDLOTTO_500_STORE_04322,74260737,복권뱅크,,미상,,,,speedlotto_500,1,first,1,200000000,2026-04-26T12:19:19.638225,2026-04-26T12:19:19.638225,1
SPEEDLOTTO_500_STORE_04323,74860113,창원25시슈퍼(24시로또복권),,미상,,,,speedlotto_500,1,first,1,200000000,2026-04-26T12:19:19.638225,2026-04-26T12:19:19.638225,1
SPEEDLOTTO_500_STORE_04324,71160248,복마니복권방,,미상,,,,speedlotto_500,1,first,1,200000000,2026-04-26T12:19:19.638225,2026-04-26T12:19:19.638225,1
SPEEDLOTTO_500_STORE_04325,74860442,운동장마트,,미상,,,,speedlotto_500,1,first,1,200000000,2026-04-26T12:19:19.638225,2026-04-26T12:19:19.638225,1
SPEEDLOTTO_500_STORE_04326,71160111,복권나라,,미상,,,,speedlotto_500,1,first,1,200000000,2026-04-26T12:19:19.638225,2026-04-26T12:19:19.638225,1
SPEEDLOTTO_500_STORE_04327,74660663,CU목포비파점,,미상,,,,speedlotto_500,1,first,1,200000000,2026-04-26T12:19:19.638225,2026-04-26T12:19:19.638225,1
SPEEDLOTTO_500_STORE_04328,73060444,씨스페이스유성신우점,,미상,,,,speedlotto_500,1,first,1,200000000,2026-04-26T12:19:19.638225,2026-04-26T12:19:19.638225,1
SPEEDLOTTO_500_STORE_04329,74162956,세븐일레븐 안산고잔금강점,,미상,,,,speedlotto_500,1,first,1,200000000,2026-04-26T12:19:19.638225,2026-04-26T12:19:19.638225,1
SPEEDLOTTO_500_STORE_04330,74960026,하나슈퍼,,미상,,,,speedlotto_500,1,first,1,200000000,2026-04-26T12:19:19.638225,2026-04-26T12:19:19.638225,1
SPEEDLOTTO_500_STORE_04331,71161818,CU,,미상,,,,speedlotto_500,1,first,1,200000000,2026-04-26T12:19:19.638225,2026-04-26T12:19:19.638225,1
SPEEDLOTTO_500_STORE_04332,74163317,명진슈퍼,,미상,,,,speedlotto_500,1,first,1,200000000,2026-04-26T12:19:19.638225,2026-04-26T12:19:19.638225,1
SPEEDLOTTO_500_STORE_04333,71164520,양천24,,미상,,,,speedlotto_500,1,first,1,200000000,2026-04-26T12:19:19.638225,2026-04-26T12:19:19.638225,1
SPEEDLOTTO_500_STORE_04334,74163911,복권방,,미상,,,,speedlotto_500,1,first,1,200000000,2026-04-26T12:19:19.638225,2026-04-26T12:19:19.638225,1
SPEEDLOTTO_500_STORE_04335,71160627,세븐일레븐,,미상,,,,speedlotto_500,1,first,1,200000000,2026-04-26T12:19:19.638225,2026-04-26T12:19:19.638225,1
SPEEDLOTTO_500_STORE_04336,74260514,편의점,,미상,,,,speedlotto_500,1,first,1,200000000,2026-04-26T12:19:19.638225,2026-04-26T12:19:19.638225,1
SPEEDLOTTO_500_STORE_04337,74860121,복권방,,미상,,,,speedlotto_500,1,first,1,200000000,2026-04-26T12:19:19.638225,2026-04-26T12:19:19.638225,1
SPEEDLOTTO_500_STORE_04338,72660480,복권천국 복권방,,미상,,,,speedlotto_500,1,first,1,200000000,2026-04-26T12:19:19.638225,2026-04-26T12:19:19.638225,1
SPEEDLOTTO_500_STORE_04339,74460132,편의점,,미상,,,,speedlotto_500,1,first,1,200000000,2026-04-26T12:19:19.638225,2026-04-26T12:19:19.638225,1
SPEEDLOTTO_500_STORE_04340,71162726,가판대,,미상,,,,speedlotto_500,1,first,1,200000000,2026-04-26T12:19:19.638225,2026-04-26T12:19:19.638225,1
SPEEDLOTTO_500_STORE_04341,71162617,편의점,,미상,,,,speedlotto_500,1,first,1,200000000,2026-04-26T12:19:19.638225,2026-04-26T12:19:19.638225,1
SPEEDLOTTO_500_STORE_04342,71161756,복권방,,미상,,,,speedlotto_500,1,first,1,200000000,2026-04-26T12:19:19.638225,2026-04-26T12:19:19.638225,1
SPEEDLOTTO_500_STORE_04343,73160068,우리들 편의점 서부점,,미상,,,,speedlotto_500,1,first,1,200000000,2026-04-26T12:19:19.638225,2026-04-26T12:19:19.638225,1
SPEEDLOTTO_500_STORE_04344,74860224,슈퍼마켓,,미상,,,,speedlotto_500,1,first,1,200000000,2026-04-26T12:19:19.638225,2026-04-26T12:19:19.638225,1
SPEEDLOTTO_500_STORE_04345,74162739,복권방,,미상,,,,speedlotto_500,1,first,1,200000000,2026-04-26T12:19:19.638225,2026-04-26T12:19:19.638225,1
SPEEDLOTTO_500_STORE_04346,74162534,편의점,,미상,,,,speedlotto_500,1,first,1,200000000,2026-04-26T12:19:19.638225,2026-04-26T12:19:19.638225,1
SPEEDLOTTO_500_STORE_04347,74260488,제일복권,,미상,,,,speedlotto_500,1,first,1,200000000,2026-04-26T12:19:19.638225,2026-04-26T12:19:19.638225,1
SPEEDLOTTO_500_STORE_04348,74260444,복권방,,미상,,,,speedlotto_500,1,first,1,200000000,2026-04-26T12:19:19.638225,2026-04-26T12:19:19.638225,1
SPEEDLOTTO_500_STORE_04349,72863021,수퍼마켓,,미상,,,,speedlotto_500,1,first,1,200000000,2026-04-26T12:19:19.638225,2026-04-26T12:19:19.638225,1
SPEEDLOTTO_500_STORE_04350,74160427,만물복권방,,미상,,,,speedlotto_500,1,first,1,200000000,2026-04-26T12:19:19.638225,2026-04-26T12:19:19.638225,1
SPEEDLOTTO_500_STORE_04351,74861125,편의점,,미상,,,,speedlotto_500,1,first,1,200000000,2026-04-26T12:19:19.638225,2026-04-26T12:19:19.638225,1
SPEEDLOTTO_500_STORE_04352,71160697,가판,,미상,,,,speedlotto_500,1,first,1,200000000,2026-04-26T12:19:19.638225,2026-04-26T12:19:19.638225,1
SPEEDLOTTO_500_STORE_04353,74861027,수퍼마켓,,미상,,,,speedlotto_500,1,first,1,200000000,2026-04-26T12:19:19.638225,2026-04-26T12:19:19.638225,1
SPEEDLOTTO_500_STORE_04354,74460594,수퍼마켓,,미상,,,,speedlotto_500,1,first,1,200000000,2026-04-26T12:19:19.638225,2026-04-26T12:19:19.638225,1
SPEEDLOTTO_500_STORE_04355,74560222,편의점,,미상,,,,speedlotto_500,1,first,1,200000000,2026-04-26T12:19:19.638225,2026-04-26T12:19:19.638225,1
SPEEDLOTTO_500_STORE_04356,74860491,편의점,,미상,,,,speedlotto_500,1,first,1,200000000,2026-04-26T12:19:19.638225,2026-04-26T12:19:19.638225,1
SPEEDLOTTO_500_STORE_04357,74164096,복권방,,미상,,,,speedlotto_500,1,first,1,200000000,2026-04-26T12:19:19.638225,2026-04-26T12:19:19.638225,1
SPEEDLOTTO_500_STORE_04358,73060537,원마트 편의점,,미상,,,,speedlotto_500,1,first,1,200000000,2026-04-26T12:19:19.638225,2026-04-26T12:19:19.638225,1
SPEEDLOTTO_500_STORE_04359,74660195,복권방,,미상,,,,speedlotto_500,1,first,1,200000000,2026-04-26T12:19:19.638225,2026-04-26T12:19:19.638225,1
SPEEDLOTTO_500_STORE_04360,74860751,미니스톱,,미상,,,,speedlotto_500,1,first,1,200000000,2026-04-26T12:19:19.638225,2026-04-26T12:19:19.638225,1
SPEEDLOTTO_500_STORE_04361,72660051,편의점,,미상,,,,speedlotto_500,1,first,1,200000000,2026-04-26T12:19:19.638225,2026-04-26T12:19:19.638225,1
SPEEDLOTTO_500_STORE_04362,71163551,슈퍼,,미상,,,,speedlotto_500,1,first,1,200000000,2026-04-26T12:19:19.638225,2026-04-26T12:19:19.638225,1
SPEEDLOTTO_500_STORE_04363,71161183,가판,,미상,,,,speedlotto_500,1,first,1,200000000,2026-04-26T12:19:19.638225,2026-04-26T12:19:19.638225,1
SPEEDLOTTO_500_STORE_04364,71164341,복권방,,미상,,,,speedlotto_500,1,first,1,200000000,2026-04-26T12:19:19.638225,2026-04-26T12:19:19.638225,1
SPEEDLOTTO_500_STORE_04365,73160111,우리들 편의점 서부점,,미상,,,,speedlotto_500,1,first,1,200000000,2026-04-26T12:19:19.638225,2026-04-26T12:19:19.638225,1
SPEEDLOTTO_500_STORE_04366,72960822,편의점,,미상,,,,speedlotto_500,1,first,1,200000000,2026-04-26T12:19:19.638225,2026-04-26T12:19:19.638225,1
SPEEDLOTTO_500_STORE_04367,74162947,편의점,,미상,,,,speedlotto_500,1,first,1,200000000,2026-04-26T12:19:19.638225,2026-04-26T12:19:19.638225,1
SPEEDLOTTO_500_STORE_04368,72660156,복권방,,미상,,,,speedlotto_500,1,first,1,200000000,2026-04-26T12:19:19.638225,2026-04-26T12:19:19.638225,1
